-- phpMyAdmin SQL Dump
-- version 5.0.2
-- https://www.phpmyadmin.net/
--
-- Hôte : 127.0.0.1:3306
-- Généré le : mar. 03 nov. 2020 à 12:13
-- Version du serveur :  5.7.31
-- Version de PHP : 7.4.9

SET SQL_MODE = "NO_AUTO_VALUE_ON_ZERO";
START TRANSACTION;
SET time_zone = "+00:00";


/*!40101 SET @OLD_CHARACTER_SET_CLIENT=@@CHARACTER_SET_CLIENT */;
/*!40101 SET @OLD_CHARACTER_SET_RESULTS=@@CHARACTER_SET_RESULTS */;
/*!40101 SET @OLD_COLLATION_CONNECTION=@@COLLATION_CONNECTION */;
/*!40101 SET NAMES utf8mb4 */;

--
-- Base de données : `mg`
--

-- --------------------------------------------------------

--
-- Structure de la table `achievement`
--

DROP TABLE IF EXISTS `achievement`;
CREATE TABLE IF NOT EXISTS `achievement` (
  `id` int(11) NOT NULL AUTO_INCREMENT,
  `name` varchar(255) COLLATE utf8mb4_unicode_ci NOT NULL,
  `description` varchar(512) COLLATE utf8mb4_unicode_ci NOT NULL,
  `number_of_stars` smallint(6) NOT NULL,
  `icon_url` varchar(255) COLLATE utf8mb4_unicode_ci NOT NULL,
  PRIMARY KEY (`id`)
) ENGINE=InnoDB AUTO_INCREMENT=25 DEFAULT CHARSET=utf8mb4 COLLATE=utf8mb4_unicode_ci;

--
-- Déchargement des données de la table `achievement`
--

INSERT INTO `achievement` (`id`, `name`, `description`, `number_of_stars`, `icon_url`) VALUES
(1, 'Photographe', 'Je suis capable d\'utiliser l\'appareil photo en FULL manuel', 1, '/img/achievements/camera.svg'),
(2, 'Photographe', 'J\'utilise les fonctions avancées de l\'appareil photo (bracketing, HDR, synchro-flash, ...)', 2, '/img/achievements/camera.svg'),
(5, 'Directeur photo', 'Je suis capable de concevoir des éclairages à 1, 2 et 3 points. D\'utiliser le flash (direct, bounce, diffusé)', 1, '/img/achievements/spotlight1.svg'),
(6, 'Directeur photo', 'J\'utilise la lumière pour créer des silhouettes, des high-key. Je connais l\'éclairage rasant et je compense un éclairage naturel', 2, '/img/achievements/spotlight1.svg'),
(7, 'Directeur photo', 'Je suis capable d\'installer un éclairage de cinéma classique ou de style', 3, '/img/achievements/spotlight2.svg'),
(8, 'Caméraman', 'J\'utilise les fonctions de base de la caméra (zébras, mise au point, balance des blancs)', 1, '/img/achievements/movie-camera.svg'),
(10, 'Caméraman', 'J\'utilise les fonctions avancées de la caméra (formats, histogrammes, ...)', 2, '/img/achievements/movie-camera.svg'),
(11, 'Cadreur', 'J\'applique la règle des tiers, je contrôle les bords de mon cadre', 1, '/img/achievements/frame.svg'),
(12, 'Cadreur', 'Mon cadre est toujours équilibré', 2, '/img/achievements/frame.svg'),
(13, 'Monteur', 'J\'utilise les fonctions de base du logiciel de montage (cut, fondus, exportation)', 1, '/img/achievements/movie-editing.svg'),
(14, 'Monteur', 'J\'utilise les fonctions avancées du logiciel de montage (effets, titres, multi-cam) ', 2, '/img/achievements/movie-editing.svg'),
(15, 'Ingénieur son', 'Les microphones n\'ont plus de secrets pour moi, je maîtrise l\'enregistrement de studio', 1, '/img/achievements/microphone.svg'),
(16, 'Mixeur', 'J\'enregistre en studio, j\'utilise la table de mixage et je nettoie un clip son (fade-in-out, silences)', 1, '/img/achievements/sound-mixing.svg'),
(17, 'Mixeur', 'J\'utilise les EQ, la compression et la réverb dans un mix multipiste', 2, '/img/achievements/sound-mixing.svg'),
(18, 'Electricien', 'Je love correctement les câble et respecte toutes les normes de sécurité', 1, '/img/achievements/electricity.svg'),
(19, 'Illustrateur', 'Je dessine des personnages, son environnement de manière à ce que l\'action soit comprise', 1, '/img/achievements/storyboard.svg'),
(20, 'Storyboarder', 'Mes dessins respectent le cadre et contiennent toutes les informations d\'un storyboard pro (mouvements de caméra, des personnages, ...)', 2, '/img/achievements/storyboard.svg'),
(21, 'Cadreur', 'Je sais effectuer des travellings sans machinerie ', 3, '/img/achievements/frame.svg'),
(22, 'Perchiste', 'Je manie la perche avec précision et souplesse', 1, '/img/achievements/microphone.svg'),
(24, 'Machiniste', 'Je réalise des mouvements de caméra fluide, à l\'aide la la machinerie', 1, '/img/achievements/frame.svg');

-- --------------------------------------------------------

--
-- Structure de la table `assessment`
--

DROP TABLE IF EXISTS `assessment`;
CREATE TABLE IF NOT EXISTS `assessment` (
  `id` int(11) NOT NULL AUTO_INCREMENT,
  `skill_id` int(11) NOT NULL,
  `criterion_id` int(11) NOT NULL,
  `project_id` int(11) NOT NULL,
  `indicator` varchar(255) COLLATE utf8mb4_unicode_ci NOT NULL,
  `max_vote` smallint(6) NOT NULL,
  `achievement_id` int(11) DEFAULT NULL,
  `grading_system_id` int(11) DEFAULT NULL,
  `topic_id` int(11) DEFAULT NULL,
  PRIMARY KEY (`id`),
  KEY `IDX_F7523D705585C142` (`skill_id`),
  KEY `IDX_F7523D7097766307` (`criterion_id`),
  KEY `IDX_F7523D70166D1F9C` (`project_id`),
  KEY `IDX_F7523D70B3EC99FE` (`achievement_id`),
  KEY `IDX_F7523D70E383D86E` (`grading_system_id`),
  KEY `IDX_F7523D701F55203D` (`topic_id`)
) ENGINE=InnoDB AUTO_INCREMENT=1168 DEFAULT CHARSET=utf8mb4 COLLATE=utf8mb4_unicode_ci;

--
-- Déchargement des données de la table `assessment`
--

INSERT INTO `assessment` (`id`, `skill_id`, `criterion_id`, `project_id`, `indicator`, `max_vote`, `achievement_id`, `grading_system_id`, `topic_id`) VALUES
(399, 1, 1, 46, 'parfaitement mis au point sur le sujet sur les deux photographies', 10, NULL, 2, NULL),
(400, 1, 2, 46, 'exposé parfaitement les deux photographies', 10, NULL, 2, NULL),
(401, 1, 3, 46, 'réglé rapidement le diaphragme', 5, NULL, 2, NULL),
(402, 1, 4, 46, 'réglé rapidement la mise au point', 5, NULL, 2, NULL),
(403, 1, 5, 46, 'réglé rapidement les ISO', 5, NULL, 2, NULL),
(404, 1, 6, 46, 'réglé rapidement le temps de pose', 5, NULL, 2, NULL),
(405, 1, 7, 46, 'réalisé une photographie avec une petite profondeur de champ', 20, NULL, 2, NULL),
(406, 1, 8, 46, 'réalisé une photographie avec une grande profondeur de champ', 20, NULL, 2, NULL),
(468, 20, 9, 67, 'mis en lumière le plateau de manière raccord avec le fond à incruster', 5, NULL, 2, NULL),
(469, 31, 10, 67, 'mis en lumière le fond vert de manière uniforme et sans interférer sur le sujet', 5, NULL, 2, NULL),
(470, 29, 11, 67, 'utilisé l\'effet ULTRAKEY de manière précise et soignée ', 10, NULL, 2, NULL),
(471, 29, 12, 67, 'Ajusté la colorimétrie (couleur, contrastes, exposition) de manière raccord avec le fond incrusté', 10, NULL, 2, NULL),
(503, 31, 13, 73, 'exposé parfaitement la photographie', 5, NULL, 2, NULL),
(504, 31, 14, 73, 'parfaitement fait le point sur les yeux du sujet', 5, NULL, 2, NULL),
(505, 32, 15, 73, 'cadré de manière équilibrée et en coupant les élèments indésirables', 5, NULL, 2, NULL),
(506, 36, 16, 73, 'produit une image correspondant aux consignes de contenu demandées (thème, technique, impératifs)', 5, NULL, 2, NULL),
(507, 31, 17, 74, 'Réglé l\'exposition de manière adéquate', 5, NULL, 2, NULL),
(508, 31, 18, 74, 'parfaitement mis au point sur le sujet', 5, NULL, 2, NULL),
(509, 31, 19, 74, 'Réglé la balance des blancs de manière adéquate', 5, NULL, 2, NULL),
(510, 31, 20, 74, 'Réalisé ses mouvements de maniére fluide et stable', 15, NULL, 2, NULL),
(511, 39, 21, 75, 'représenté l\'action de manière à ce qu\'on la comprenne au premier coup d\'oeil.', 5, NULL, 2, NULL),
(512, 36, 22, 75, 'soigné tant le dessin que son support', 5, NULL, 2, NULL),
(513, 31, 23, 76, 'exposé parfaitement l\'image', 5, 8, 2, NULL),
(514, 31, 24, 76, 'parfaitement fait le point sur le sujet', 5, 8, 2, NULL),
(515, 31, 25, 76, 'réglé la balance des blancs de manière adéquate', 5, 8, 2, NULL),
(516, 31, 26, 76, 'réalisé les différents mouvements de manière fluide et stable', 15, NULL, 2, NULL),
(517, 34, 27, 77, 'réglé le diaphragme de manière à bien exposer la photographie', 5, NULL, 2, NULL),
(518, 21, 28, 77, 'utilisé la technique afin de proposer un visuel original et qui sort des sentiers battus', 5, NULL, 2, NULL),
(519, 32, 29, 78, 'soigné le cadre (sans mauvaise coupe ou d’objets indésirables)', 5, 11, 2, NULL),
(520, 32, 30, 78, 'soigné la mise en lumière (sans ombres\r\nindésirables, déséquilibre, qualité)', 5, 5, 2, NULL),
(521, 31, 31, 78, 'correctement exposé et mis au point les photographies', 5, 1, 2, NULL),
(522, 20, 32, 78, 'réussi, au travers de la mise en scène,  l’éclairage, le cadre et le traitement de la photo, à mettre en avant la personnalité du modèle.', 15, NULL, 2, NULL),
(523, 31, 33, 79, 'mis au point en zoomant au maximum et à l\'aide de l\'autofocus (procédure vue au cours)', 5, 8, 2, NULL),
(524, 31, 34, 79, 'réglé correctement l\'exposition à l\'aide des zébras', 5, 8, 2, NULL),
(525, 31, 35, 79, 'réglé correctement l\'exposition à l\'aide de la forme d\'onde', 3, 8, 2, NULL),
(526, 31, 36, 79, 'réglé rapidement la qualité et débit de l\'image', 2, 8, 2, NULL),
(527, 31, 37, 79, 'paramétré le moniteur pour cadrer en 16/9, 4/3 et cinescope', 2, 8, 2, NULL),
(528, 31, 38, 79, 'réglé correctement et rapidement la balance des blancs personnalisée', 2, 8, 2, NULL),
(529, 32, 39, 80, 'cadré de manière équilibrée et en coupant les élèments indésirables', 5, 11, 2, NULL),
(530, 31, 40, 80, 'réalisé une prise son correcte (voix au premier plan, réverbération naturelle) sans parasites (souffle, manipulations, vent, etc.)', 10, 15, 2, NULL),
(531, 17, 41, 81, 'installé le trépied, branches parallèles au sol', 1, 18, 2, NULL),
(532, 17, 42, 81, 'pris le trépied de manière à éviter qu\'il tombe à terre (vis de serrages)', 1, 18, 2, NULL),
(533, 17, 43, 81, 'installé le projecteur éloigné de tout objet', 1, 18, 2, NULL),
(534, 17, 44, 81, 'évité que le câble pende au dessus du sol', 1, 18, 2, NULL),
(535, 17, 45, 81, 'ouvert les volets avant de brancher le projecteur', 1, 18, 2, NULL),
(536, 17, 46, 81, 'averti le modèle de l\'allumage du projecteur', 1, 18, 2, NULL),
(537, 17, 47, 81, 'installé les gueuses afin de stabiliser le trépied', 1, 18, 2, NULL),
(538, 17, 48, 81, 'lové correctement le câble d\'alimentation autour du projecteur ', 1, 18, 2, NULL),
(539, 17, 49, 81, 'installé sans difficulté le trépied et le projecteur', 1, 18, 2, NULL),
(540, 17, 50, 81, 'lové correctement l\'allonge électrique', 1, 18, 2, NULL),
(541, 23, 51, 82, 'travaillé la lumière de manière à ce qu\'elle figure parfaitement les ambiances imposées', 5, NULL, 2, NULL),
(542, 36, 56, 86, 'soigné tant le dessin que son support', 5, NULL, 2, NULL),
(543, 39, 57, 86, 'représenté l\'action de manière à ce qu\'on la comprenne au premier coup d\'oeil.', 5, 19, 2, NULL),
(544, 31, 58, 87, 'trouvé la commande de formatage des cartes', 3, NULL, 2, NULL),
(545, 31, 59, 87, 'réglé correctement l\'exposition en s\'aidant de l\'expostition automatique', 5, NULL, 2, NULL),
(546, 31, 60, 87, 'réglé rapidement la qualité et débit de l\'image', 5, NULL, 2, NULL),
(547, 31, 61, 87, 'réglé correctement et rapidement la balance des blancs personnalisée', 5, NULL, 2, NULL),
(548, 21, 62, 88, 'imaginé un design original', 5, NULL, 2, NULL),
(549, 21, 63, 88, 'le design présenté est en concordance avec les valeurs de l\'Option', 10, NULL, 2, NULL),
(550, 36, 64, 88, 'la proposition respecte le cahier des charges', 5, NULL, 2, NULL),
(551, 34, 65, 89, 'Utilisé un temps de pose très court (1/200-1/1000s) tout en conservant une exposition correcte', 10, 1, 2, NULL),
(552, 34, 66, 89, 'parfaitement mis au point sur le sujet', 5, 1, 2, NULL),
(553, 20, 67, 89, 'exploité la technique pour exprimer des idées qui ne pourraient pas l\'être autrement', 5, NULL, 2, NULL),
(554, 23, 68, 90, 'travaillé la lumière de manière à ce qu\'elle figure parfaitement les ambiances imposées', 5, NULL, 2, NULL),
(555, 31, 69, 79, 'trouvé la commande pour formatter les cartes CF', 2, 8, 2, NULL),
(556, 31, 70, 79, 'réglé les images/seconde', 2, 8, 2, NULL),
(557, 39, 71, 91, 'travaillé la lumière de manière à ce qu\'elle figure parfaitement les ambiances imposées', 5, NULL, 2, NULL),
(558, 11, 72, 92, 'équilibré les différentes températures de lumière des différentes sources lumineuses', 10, 5, 2, NULL),
(559, 11, 73, 92, 'équilibré les différentes puissantes des sources lumineuses', 10, 5, 2, NULL),
(560, 31, 74, 92, 'exposé parfaitement l\'image', 5, 8, 2, NULL),
(561, 31, 75, 92, 'parfaitement mis au point sur le sujet', 5, 8, 2, NULL),
(566, 31, 76, 91, 'correctement exposé et mis au point les photographies', 5, NULL, 2, NULL),
(567, 32, 77, 91, 'soigné le cadre (sans mauvaise coupe ou d’objets indésirables)', 5, NULL, 2, NULL),
(568, 31, 78, 82, 'correctement exposé et mis au point les photographies', 5, NULL, 2, NULL),
(569, 31, 79, 90, 'correctement exposé et mis au point les photographies', 5, NULL, 2, NULL),
(570, 32, 80, 90, 'soigné le cadre (sans mauvaise coupe ou d’objets indésirables)', 5, NULL, 2, NULL),
(571, 32, 81, 82, 'soigné le cadre (sans mauvaise coupe ou d’objets indésirables)', 5, NULL, 2, NULL),
(572, 31, 82, 93, 'produit une image nette, bien exposée et bien cadrée', 5, NULL, 2, NULL),
(573, 37, 83, 93, 'Apporté son savoir-faire de manière spontanée et opportune au groupe', 5, NULL, 2, NULL),
(574, 35, 84, 93, 'assemblé l\'ensemble des bruitages en regard de l\'image de manière cohérente', 5, NULL, 2, NULL),
(575, 33, 85, 93, 'auto-évalué de manière opportune et complète son travail', 5, NULL, 2, NULL),
(576, 9, 86, 94, 'emprunté les caractères stylistiques des photographies de Philippe Ramette (un personnage dans un monde où la gravité estanormale) ', 10, NULL, 2, NULL),
(577, 11, 87, 94, 'parfaitement fait le point sur les yeux du sujet', 5, NULL, 2, NULL),
(578, 11, 88, 94, 'correctement exposé la photographie (bons contrastes, pas de flou de bougé)', 5, NULL, 2, NULL),
(579, 31, 89, 95, 'correctement exposé et mis au point les photographies', 5, NULL, 2, NULL),
(580, 32, 90, 95, 'soigné le cadre (sans mauvaise coupe ou d’objets indésirables)', 5, NULL, 2, NULL),
(581, 23, 91, 95, 'travaillé la lumière de manière à ce qu\'elle figure parfaitement les ambiances imposées', 5, NULL, 2, NULL),
(582, 31, 92, 80, 'effectué les mouvements de manière fluide et complète', 10, 11, 2, NULL),
(583, 31, 93, 102, 'enregistré / mixé les pistes de manière à ce qu\'elles ne présentent aucun parasite (grésillement, souffle, buzz, pop, etc.)', 5, 16, 2, NULL),
(584, 31, 94, 102, 'enregistré / mixé les pistes de manière à ce qu\'elles ne présentent aucune distortion ou saturation', 5, 16, 2, NULL),
(585, 29, 95, 102, 'normalisé les pistes à -6dB', 5, 16, 2, NULL),
(586, 29, 96, 102, 'compressé l\'audio de manière à ce que la nouvelle soit audible avec un bruit de fond de 40dB SPL', 5, 16, 2, NULL),
(587, 39, 97, 102, 'réalisé une nouvelle radio sans silences inappropriés,  mettant les éléments sonore à leur place', 10, 16, 2, NULL),
(588, 35, 98, 102, 'utilisé les musiques, bruitages, et ambiance de manière à soutenir l\'intervention des acteurs et à immerger le spectateur dans l\'histoire', 10, 16, 2, NULL),
(589, 39, 99, 103, 'soigné la mise en lumière (sans ombres\r\nindésirables, déséquilibre, qualité),', 10, NULL, 2, NULL),
(590, 31, 100, 103, 'remis une photographie avec une grande profondeur de champ, bien exposée et correctement mise au point', 10, NULL, 2, NULL),
(592, 39, 101, 103, 'utilisé un angle de vue mettant en valeur l\'objet', 5, NULL, 2, NULL),
(593, 29, 102, 104, 'soigné le montage infographique soigné et invisible (détourage, résolution, couleurs, ombres),', 10, NULL, 2, NULL),
(594, 31, 103, 104, 'parfaitement mis au point sur le sujet', 5, NULL, 2, NULL),
(595, 31, 104, 104, 'soigné l’image (bien exposée, nette et sans grain\r\ninadéquat),', 5, NULL, 2, NULL),
(596, 20, 105, 104, 'utilisé la technique pour exprimer une idée créative', 5, NULL, 2, NULL),
(597, 17, 106, 105, 'proposé une configuration fonctionnelle des locaux (on peut y travailler efficacement)', 10, NULL, 2, NULL),
(598, 16, 107, 105, 'tous les domaines d\'activité sont présents (photographie, cinéma, son, cours théoriques) sont agencés de manière logique. (ex.: pas de montage sur le plateau de tournage)', 10, NULL, 2, NULL),
(599, 10, 108, 105, 'utilisé au moins 4 sources de documentation pour élaborer son projet.', 10, NULL, 2, NULL),
(600, 36, 109, 105, 'adapté son projet à un travail d\'équipes en parallèle (deux équipes peuvent travailler en parallèle sans trop se chevaucher).', 5, NULL, 2, NULL),
(601, 1, 110, 105, 'défendu son projet avec des arguments logiques et incontestables', 20, NULL, 2, NULL),
(602, 31, 111, 107, 'installé les pieds avec l‘embase horizontale', 2, 18, 2, NULL),
(603, 31, 112, 107, 'branché et débranché les projecteurs à froid\r\net sans tirer sur le câble', 2, 18, 2, NULL),
(604, 31, 113, 107, 'lové correctement les câbles électriques (respect du sens du cuivre, régularité).', 1, 18, 2, NULL),
(605, 31, 114, 107, 'laissé suffisamment de mou aux câbles.', 2, 18, 2, NULL),
(606, 31, 115, 107, 'déplacé les projecteurs délicatement.', 2, 18, 2, NULL),
(607, 31, 116, 107, 'respecté les consignes de sécurité.', 2, 18, 2, NULL),
(608, 36, 117, 107, 'effectué dans le temps imparti toutes les consignes demandées.', 10, NULL, 2, NULL),
(609, 32, 118, 107, 'respecté le schéma d’éclairage imposé et pointé soigneusement les projecteurs', 10, 5, 2, NULL),
(610, 17, 119, 107, 'éteint la lumière de service pour pointer les\r\nprojecteurs', 5, 5, 2, NULL),
(611, 17, 120, 107, 'utilisé intelligemment les multiprises et\r\nrallonges.', 2, 18, 2, NULL),
(614, 31, 121, 107, 'lové correctement le câble d\'alimentation autour du projecteur ', 1, 18, 2, NULL),
(615, 19, 122, 108, 'recherché et donné des informations fiables concernant la présentation du film (1)', 5, NULL, 2, NULL),
(616, 1, 123, 108, 'argumenté de la manière la plus objective possible dans l\'analyse du film dans sa globalité (1) ', 10, NULL, 2, NULL),
(617, 1, 124, 108, '• argumenté de la manière la plus objective possible dans l\'analyse du film dans sa globalité (2)', 10, NULL, 2, NULL),
(618, 42, 125, 108, 'cité au moins 3 particularités formelles du language cinématographique du réalisateur (2d) ', 5, NULL, 2, NULL),
(619, 40, 126, 108, 'Expliqué comment le réalisateur utilise un certain langage formel comme élément scénaristique (2e)', 10, NULL, 2, NULL),
(620, 3, 127, 108, 'compris les principaux mécanismes AV en déchiffrant le langage du réalisateur pour susciter une émotion chez le spectateur (2b, 2c) ', 5, NULL, 2, NULL),
(621, 42, 128, 108, 'a cité au moins 2 références d\'un autre réalisateur ou film. (2f)', 5, NULL, 2, NULL),
(622, 33, 129, 108, 'Cité quelques points forts/faibles en expliquant son point de vue personnel (3a)', 10, NULL, 2, NULL),
(623, 9, 130, 108, 'dégagé le caractère stylistique du film  (3a, 3b, 3c)\r\n', 10, NULL, 2, NULL),
(624, 40, 131, 108, 'Établi une connexion logique entre les formes sonore, visuelle et le scénario (3a, 3b, 3c) ', 10, NULL, 2, NULL),
(625, 27, 132, 108, '• Justifié son avis sur le film (4) ', 10, NULL, 2, NULL),
(626, 19, 133, 108, '• listé les différentes sources qui lui ont permis de réaliser son travail (5)', 5, NULL, 2, NULL),
(627, 15, 134, 108, '• utilisé un vocabulaire audiovisuel tout le long de son travail (cadre, champ, axe, plan, couleur, \r\n accord, ...) en évitant les approximations d\'un vocabulaire vulgaire', 5, NULL, 2, NULL),
(630, 31, 135, 109, 'réglé rapidement le diaphragme', 5, 1, 2, NULL),
(631, 31, 136, 109, 'réglé rapidement la mise au point', 5, 1, 2, NULL),
(632, 31, 137, 109, 'réglé rapidement le temps de pose', 5, 1, 2, NULL),
(633, 31, 138, 109, 'réglé rapidement les ISO', 5, 1, 2, NULL),
(634, 31, 139, 109, 'réalisé deux photographies correctement exposées', 10, 1, 2, NULL),
(635, 31, 140, 109, 'réalisé deux photographies parfaitement nettes', 10, 1, 2, NULL),
(636, 32, 141, 109, 'respecté la régle des tiers', 10, NULL, 2, NULL),
(637, 11, 142, 109, 'réalisé une photographie avec une petite profondeur de champ', 20, 1, 2, NULL),
(638, 11, 143, 109, 'réalisé une photographie avec une grande profondeur de champ', 20, 1, 2, NULL),
(639, 1, 144, 106, 'exposé parfaitement la photographie', 5, NULL, 2, NULL),
(640, 31, 145, 110, 'réglé la mise au point de manière professionnelle', 10, 8, 2, NULL),
(641, 31, 146, 110, 'réglé la balance des blancs de manière rapide et précise (réglage manuel)', 10, 8, 2, NULL),
(642, 31, 147, 110, 'réglé l\'exposition de manière rapide et satisfaisante (limitation caméra amateur)', 10, 8, 2, NULL),
(643, 31, 148, 110, 'effectué un panoramique Bas - Haut de manière fluide et soignée', 10, 8, 2, NULL),
(644, 31, 149, 110, 'effectué un panoramique Gauche - Droite (entre 45 et 180°) de manière fluide et soignée', 10, 8, 2, NULL),
(645, 31, 150, 110, 'effectué un traveling d\'accompagnement de manière fluide et soignée', 10, 8, 2, NULL),
(646, 31, 151, 110, 'effectué un plan fixe (entre 5 et 10 secondes) de manière fluide et soignée', 10, 8, 2, NULL),
(647, 32, 152, 110, 'respecté la régle des tiers', 10, NULL, 2, NULL),
(648, 31, 153, 111, 'utilisé adéquatement les ISO, de diaphragme, le temps de pose et la mise au point. ', 10, NULL, 2, NULL),
(649, 31, 154, 111, 'utilisé les possibilités de l\'appareil photo afin de mettre en scène de manière convaincante un super pouvoir', 10, NULL, 2, NULL),
(650, 20, 155, 111, 'utilisé la technique pour exprimer une idée créative', 5, NULL, 2, NULL),
(651, 39, 156, 111, 'créé une animation fluide (sens et image)', 5, NULL, 2, NULL),
(652, 31, 157, 112, 'parfaitement mis au point sur le sujet', 5, NULL, 2, NULL),
(653, 39, 158, 112, 'cadré de manière équilibrée et en coupant les élèments indésirables', 5, NULL, 2, NULL),
(654, 29, 159, 112, 'soigné le montage et les effets visuels (flou sur le visage + trajectoire)', 20, NULL, 2, NULL),
(655, 23, 160, 112, 'utilisé la lumière (naturelle ou de studio) de manière opportune', 5, NULL, 2, NULL),
(656, 25, 161, 112, 'Présenté une attitude active de recherche et/ou d\'expérimentation technique', 10, NULL, 2, NULL),
(657, 32, 162, 113, 'Décomposé le mouvement en plusieurs images clés (étapes importantes de l\'animation)', 10, 19, 2, NULL),
(658, 35, 163, 113, 'soigné le dessin, de manière à communiquer clairement et efficacement.', 5, 19, 2, NULL),
(659, 39, 164, 113, 'créé une animation fluide (sens et image)', 5, NULL, 2, NULL),
(660, 39, 165, 113, 'respecté les proportions (cadre, personnages, objets, décors)', 5, 19, 2, NULL),
(661, 32, 166, 114, 'cadré en coupant proprement les éléments constitutifs de la composition et en évitant d’y inclure des éléments parasites.', 10, NULL, 2, NULL),
(662, 31, 167, 114, 'parfaitement exposé et mis au point', 10, NULL, 2, NULL),
(663, 42, 168, 114, 'cadré les plans dans le style d’un film noir', 10, NULL, 2, NULL),
(664, 42, 169, 114, 'mis en lumière les plans dans le style d’un film noir', 20, NULL, 2, NULL),
(665, 39, 170, 114, 'monté la capsule de façon fluide et rythmée, sans faux raccord ni image parasite', 10, 13, 2, NULL),
(666, 36, 171, 115, 'produit une image correspondant aux consignes de contenu demandées (thème, technique, impératifs)', 10, NULL, 2, NULL),
(667, 17, 172, 115, 'effectué précisement la mise au point ', 5, NULL, 2, NULL),
(668, 25, 173, 115, 'présenté une attitude active de recherche et/ou d\'expérimentation technique', 5, NULL, 2, NULL),
(669, 17, 174, 115, 'soigné le cadre (sans mauvaise coupe ou d’objets indésirables)', 5, NULL, 2, NULL),
(670, 17, 175, 115, 'exposé parfaitement la photographie', 5, NULL, 2, NULL),
(671, 17, 176, 116, 'effectué précisement la mise au point ', 5, NULL, 2, NULL),
(672, 17, 177, 116, 'soigné le cadre (sans mauvaise coupe ou d’objets indésirables)', 5, NULL, 2, NULL),
(673, 17, 178, 116, 'exposé parfaitement la photographie', 5, NULL, 2, NULL),
(674, 36, 179, 116, 'produit une image correspondant aux consignes de contenu demandées (thème, technique, impératifs)', 10, NULL, 2, NULL),
(675, 25, 180, 116, 'présenté une attitude active de recherche et/ou d\'expérimentation technique', 5, NULL, 2, NULL),
(676, 42, 181, 117, 'illustré les 6 règles de composition dans 3x 6 images différentes.', 36, NULL, 2, NULL),
(677, 19, 182, 117, 'Indiqué au moins le titre tu film, le compositeur et l\'année du film cité.', 9, NULL, 2, NULL),
(678, 1, 183, 118, 'utilisé le vocabulaire cinématographique (taille des plans, compositions, couleurs, musique, bruitages, rythme, etc) d\'Antoine Cuypers (Préjudice) dans l\'élaboration du très court-métrage', 20, NULL, 2, NULL),
(679, 19, 184, 119, 'Indiqué au moins le titre tu film, le compositeur et l\'année du film cité.', 9, NULL, 2, NULL),
(680, 42, 185, 119, 'illustré les 6 règles de composition dans 3x 6 images différentes.', 36, NULL, 2, NULL),
(681, 17, 186, 120, 'effectué précisement la mise au point ', 5, NULL, 2, NULL),
(682, 17, 187, 120, 'soigné le cadre (sans mauvaise coupe ou d’objets indésirables)', 5, NULL, 2, NULL),
(683, 17, 188, 120, 'exposé parfaitement la photographie', 5, NULL, 2, NULL),
(684, 36, 189, 120, 'produit une image correspondant aux consignes de contenu demandées (thème, technique, impératifs)', 10, NULL, 2, NULL),
(685, 25, 190, 120, 'présenté une attitude active de recherche et/ou d\'expérimentation technique', 5, NULL, 2, NULL),
(686, 39, 191, 121, 'présenté une maquette soignée, respectant les proportions', 10, NULL, 2, NULL),
(687, 35, 192, 121, 'présenté une maquette de roman photo qui en une page A4 présente une histoire intelligible et complète', 10, NULL, 2, NULL),
(688, 19, 193, 121, 'proposé et référencé une vidéo (lien, auteur, titre) qui servira de base à l\'exercice de sonorisation', 5, NULL, 2, NULL),
(689, 17, 194, 122, 'effectué précisement la mise au point ', 5, NULL, 2, NULL),
(690, 17, 195, 122, 'soigné le cadre (sans mauvaise coupe ou d’objets indésirables)', 5, NULL, 2, NULL),
(691, 17, 196, 122, 'exposé parfaitement la photographie', 5, NULL, 2, NULL),
(692, 36, 197, 122, 'produit une image correspondant aux consignes de contenu demandées (thème, technique, impératifs)', 10, NULL, 2, NULL),
(693, 25, 198, 122, 'présenté une attitude active de recherche et/ou d\'expérimentation technique', 5, NULL, 2, NULL),
(694, 29, 199, 123, 'colorisé de manière complète et propre (absence de bavures, trous, etc.)', 10, NULL, 2, NULL),
(695, 39, 200, 123, 'utilisé une palette de couleurs en adéquation avec le sujet initial', 10, NULL, 2, NULL),
(696, 31, 201, 124, 'effectué précisement la mise au point ', 5, 1, 2, NULL),
(697, 31, 202, 124, 'exposé parfaitement la photographie', 5, 1, 2, NULL),
(698, 32, 203, 124, 'installé un éclairage 3 point classique', 10, NULL, 2, NULL),
(699, 32, 204, 124, 'réussi a s\'approprier la technique de l\'éclairage à 3 points en présentant 2 variantes.', 10, NULL, 2, NULL),
(700, 39, 205, 125, 'soigné la mise en page et les phylactères', 10, NULL, 2, NULL),
(701, 31, 206, 125, 'utilisé des photographies de bonne qualité (exposition, mise au point)', 10, NULL, 2, NULL),
(702, 32, 207, 125, 'soigné le cadre (sans mauvaise coupe ou d’objets indésirables) et équilibré sa composition', 10, NULL, 2, NULL),
(703, 39, 208, 126, 'l\'ensemble des bruitages et de la vidéo sont cohérents entre eux', 10, NULL, 2, NULL),
(704, 31, 209, 126, '- de la synchronisation du son et de l\'image', 10, NULL, 2, NULL),
(705, 36, 210, 126, '- niveau sonore nominal', 5, NULL, 2, NULL),
(706, 31, 211, 126, '- absence de parasites (distorsion ou saturation)', 5, NULL, 2, NULL),
(707, 31, 212, 127, 'mis en lumière le fond vert de manière uniforme et sans interférer sur le sujet', 5, NULL, 2, NULL),
(708, 29, 213, 127, 'utilisé l\'effet ULTRAKEY de manière précise et soignée ', 10, NULL, 2, NULL),
(709, 29, 214, 127, 'Ajusté la colorimétrie (couleur, contrastes, exposition) de manière raccord avec le fond incrusté', 10, NULL, 2, NULL),
(710, 20, 215, 127, 'mis en lumière le plateau de manière raccord avec le fond à incruster', 5, NULL, 2, NULL),
(711, 32, 216, 128, 'cadré de manière équilibrée et en coupant les élèments indésirables', 10, NULL, 2, NULL),
(713, 31, 217, 128, 'correctement exposé et mis au point les photographies', 10, NULL, 2, NULL),
(715, 9, 218, 128, 'utilisé la grammaire des studios Harcourt dans la réalisation de la photo (cadre, lumière, couleurs)', 20, NULL, 2, NULL),
(716, 34, 219, 129, 'créé trois photographies de vraies silhouettes, selon les set-ups vus au cours de technologie', 10, NULL, 2, NULL),
(717, 34, 220, 129, 'créé deux photographies utilisant un éclairage rasant', 5, NULL, 2, NULL),
(718, 31, 221, 129, 'bien exposé, cadré et mis au point les photographies', 5, NULL, 2, NULL),
(719, 17, 222, 130, 'compris après expérimentation quels étaient les impératifs techniques de la technique du multicam (tournage)', 10, NULL, 2, NULL),
(720, 17, 223, 130, 'cité au moins deux cas audiovisuels dans lesquels la technique du multicam est utile', 5, NULL, 2, NULL),
(721, 11, 224, 130, 'utilisé les outils adéquats et la procédure attendue sur Première pour monter avec la technique du multicam', 10, NULL, 2, NULL),
(722, 1, 225, 131, 'réalisé une photographie qui est compatible avec les requis pour la carte d\'identité', 10, NULL, 2, NULL),
(723, 1, 226, 131, 'réalisé un portrait qui rend compte de la personnalité et/ou des passions du modèle', 10, NULL, 2, NULL),
(724, 1, 227, 131, 'produit une image nette, bien exposée et bien cadrée', 10, NULL, 2, NULL),
(725, 17, 228, 132, 'Nommé et coloré les pistes par type d\'instrument', 5, NULL, 2, NULL),
(726, 34, 229, 133, 'exploité la technique pour exprimer des idées qui ne pourraient pas l\'être autrement', 10, NULL, 2, NULL),
(727, 29, 230, 134, 'recadré pour obtenir un ration d\'écran large', 5, NULL, 2, NULL),
(728, 29, 231, 135, 'étalonné les plans de manière à ce qu\'ils soient uniforme colorimétriquement (exposition, contraste, balance des blancs)', 10, NULL, 2, NULL),
(729, 32, 232, 136, 'positionné logiquement et manipulé\"correctement les projecteurs', 10, 1, 2, NULL),
(730, 31, 233, 136, 'respecté les consignes de sécurité.', 5, NULL, 2, NULL),
(731, 31, 234, 136, 'réalisé une photographie parfaitement  exposée', 5, 1, 2, NULL),
(732, 31, 235, 136, 'réalisé une photographie parfaitement nette', 5, 1, 2, NULL),
(733, 39, 236, 136, 'positionné les projecteurs de manière à ce que la lumière corresponde à l\'exemple', 20, 5, 2, NULL),
(734, 39, 237, 136, 'cadré de façon analogue à l\'exemple', 10, 5, 2, NULL),
(735, 39, 238, 136, 'obtenu une pose du modèle identique à l\'exemple', 10, NULL, 2, NULL),
(736, 31, 239, 133, 'soigné l\'utilisation de la technique', 10, NULL, 2, NULL),
(737, 32, 240, 132, 'réalisé un mix statique (volume piste et panoramique) équilibré', 10, NULL, 2, NULL),
(738, 32, 241, 132, 'fait de la place dans les fréquences (coupé les fréquences non représentatives des instruments)', 10, NULL, 2, NULL),
(739, 39, 242, 135, 'appliqué une couleur, saturation et exposition en accord avec le lieu et le temps de la scène', 10, NULL, 2, NULL),
(740, 39, 243, 134, 'respecté les rêgles de composition', 5, NULL, 2, NULL),
(741, 31, 244, 134, 'utilisé une balance des blancs correcte', 5, NULL, 2, NULL),
(742, 31, 245, 134, 'bien exposé son image', 5, NULL, 2, NULL),
(743, 29, 246, 134, 'travaillé la colorimétrie de manière à ce qu\'elle colle au contexte (temps, lieu, ambiance)', 5, NULL, 2, NULL),
(744, 18, 247, 137, 'En cours', 10, NULL, 2, NULL),
(745, 32, 248, 138, 'soigné le cadre (sans mauvaise coupe ou d’objets indésirables)', 5, NULL, 3, NULL),
(746, 32, 249, 138, 'soigné la mise en lumière (sans ombresindésirables, déséquilibre, qualité)', 5, NULL, 3, NULL),
(747, 31, 250, 138, 'correctement exposé et mis au point les photographies', 5, NULL, 3, NULL),
(748, 20, 251, 138, 'réussi, au travers de la mise en scène,  l’éclairage, le cadre et le traitement de la photo, à mettre en avant la personnalité du modèle.', 15, NULL, 3, NULL),
(753, 11, 252, 140, 'réglé le diaphragme de manière à bien exposer la photographie', 5, NULL, 3, NULL),
(754, 23, 253, 140, 'utilisé la technique afin de proposer un visuel original et qui sort des sentiers battus', 5, NULL, 3, NULL),
(755, 31, 254, 141, 'réglé le diaphragme de manière à bien exposer la photographie', 5, NULL, 3, NULL),
(756, 39, 255, 141, 'utilisè la technique de lightpainting afin de reproduire le plus possible la photographie en exemple.', 5, NULL, 3, NULL),
(757, 31, 256, 142, 'réglé le diaphragme de manière à bien exposer la photographie (fond et intensité trait)', 5, NULL, 3, NULL),
(759, 39, 257, 142, 'produit un texte ayant la même proportion avec le cadre que l\'exemple donné  ', 5, NULL, 3, NULL),
(767, 39, 258, 141, 'positionné et cadré les élèments afin de coller au mieux avec l\'exemple donné', 5, NULL, 3, NULL),
(768, 34, 259, 145, 'utilisé un temps de pose assez court pour figer un mouvement', 10, NULL, 3, NULL),
(769, 1, 260, 146, 'montré une maitrise du controle de la profondeur de champs en réalisant les photographies demandées', 10, NULL, 3, NULL),
(770, 17, 261, 147, 'donné des valeurs ISO appropriées aux situations présentées (grain et sensibilité)', 10, NULL, 3, NULL),
(780, 31, 262, 148, 'montré une bonne connaissance des regles de sécurité (comment et pourquoi)', 10, 18, 3, NULL),
(781, 34, 263, 149, 'Utilisé un temps de pose très court (1/200-1/1000s) tout en conservant une exposition correcte', 10, NULL, 3, NULL),
(782, 34, 264, 149, 'parfaitement mis au point sur le sujet', 5, NULL, 3, NULL),
(783, 20, 265, 149, 'exploité la technique pour exprimer des idées qui ne pourraient pas l\'être autrement', 5, NULL, 3, NULL),
(784, 32, 266, 150, 'résolu les problèmes de lumière en respectant le résulat voulu', 5, NULL, 3, NULL),
(785, 32, 267, 150, 'relié les plans de feux avec leur résultat correspondant', 5, NULL, 3, NULL),
(786, 31, 268, 151, 'réglé rapidement le diaphragme', 5, 1, 3, NULL),
(787, 31, 269, 151, 'réglé rapidement la mise au point', 5, 1, 3, NULL),
(788, 31, 270, 151, 'réglé rapidement le temps de pose', 5, 1, 3, NULL),
(789, 31, 271, 151, 'réglé rapidement les ISO', 5, 1, 3, NULL),
(790, 31, 272, 151, 'réalisé une photographies correctement exposée', 10, 1, 3, NULL),
(791, 31, 273, 151, 'réalisé une photographie parfaitement nette', 10, 1, 3, NULL),
(792, 31, 274, 151, 'ouvert le diaphragme au maximum', 5, 1, 3, NULL),
(793, 31, 275, 151, 'réglé une sensibilité ISO correspondante aux conditions d\'éclairage', 5, 1, 3, NULL),
(794, 17, 276, 152, 'installé le trépied, branches parallèles au sol', 1, 18, 3, NULL),
(795, 17, 277, 152, 'pris le trépied de manière à éviter qu\'il tombe à terre (vis de serrages)', 1, 18, 3, NULL),
(796, 17, 278, 152, 'installé le projecteur éloigné de tout objet', 1, 18, 3, NULL),
(797, 17, 279, 152, 'évité que le câble pende au dessus du sol', 1, 18, 3, NULL),
(798, 17, 280, 152, 'ouvert les volets avant de brancher le projecteur', 1, 18, 3, NULL),
(799, 17, 281, 152, 'averti le modèle de l\'allumage du projecteur', 1, 18, 3, NULL),
(800, 17, 282, 152, 'installé les gueuses afin de stabiliser le trépied', 1, 18, 3, NULL),
(801, 17, 283, 152, 'lové correctement le câble d\'alimentation autour du projecteur ', 1, 18, 3, NULL),
(802, 17, 284, 152, 'installé sans difficulté le trépied et le projecteur', 1, 18, 3, NULL),
(803, 17, 285, 152, 'lové correctement l\'allonge électrique', 1, 18, 3, NULL),
(804, 1, 286, 153, 'En cours', 10, NULL, 3, NULL),
(805, 34, 287, 145, 'utilisé une temps de pose assez long pour prendre une photographie avec la technique du filé', 5, NULL, 3, NULL),
(806, 26, 288, 145, 'utilisé les techniques de temps de pose pour présenter une photographie qui sort du commun', 5, NULL, 3, NULL),
(807, 20, 289, 154, 'argumenté de manière objective et complète', 10, NULL, 3, NULL),
(808, 28, 290, 155, 'été complet dans son explication pas à pas.', 10, NULL, 3, NULL),
(809, 31, 291, 156, ', après recherches, distingué correctement su un signal/support est numérique ou analogique ', 15, NULL, 2, NULL),
(810, 32, 292, 157, 'observé attentivement et décrit précisément le resultat de mes expérimentations sur un plan de feux complet.', 10, NULL, 3, NULL),
(811, 17, 293, 158, 'répondu de manière correcte, précise et complète aux questions sur le travelling', 10, NULL, 3, NULL),
(812, 17, 294, 159, 'répondu de manière correcte, précise et complète aux questions sur les réglages de l\'APN', 10, NULL, 3, NULL),
(813, 21, 295, 160, 'retrouvé 3 exemples pour les 6 types de compositions vues au cours', 10, NULL, 3, NULL),
(814, 35, 296, 161, 'effectué un butterfly soigné et précis', 5, NULL, 3, NULL),
(815, 32, 297, 162, 'tracé les horizontales du modèle en se basant sur les lignes de fuite', 10, NULL, 3, NULL),
(816, 29, 298, 163, 'soigné le montage infographique (détourage, résolution, couleurs, ombres),', 10, NULL, 3, NULL),
(817, 1, 299, 164, 'produit une bande sonore exempte de parasites ou distortions inadéquates', 5, 16, 3, NULL),
(818, 11, 300, 165, 'réalisé une photographie avec une petite profondeur de champ', 20, 1, 3, NULL),
(819, 11, 301, 165, 'réalisé une photographie avec une grande profondeur de champ', 20, 1, 3, NULL),
(820, 31, 302, 165, 'réglé rapidement le diaphragme', 5, 1, 3, NULL),
(821, 31, 303, 165, 'réglé rapidement la mise au point', 5, 1, 3, NULL),
(822, 31, 304, 165, 'réglé rapidement le temps de pose', 5, 1, 3, NULL),
(823, 31, 305, 165, 'réglé rapidement les ISO', 5, 1, 3, NULL),
(824, 31, 306, 165, 'réalisé deux photographies correctement exposées', 10, 1, 3, NULL),
(825, 31, 307, 165, 'réalisé deux photographies parfaitement nettes', 10, 1, 3, NULL),
(826, 31, 308, 165, 'réglé les ISO selon les conditions lumineuses', 5, 1, 3, NULL),
(827, 31, 309, 166, 'réglé la mise au point de manière professionnelle', 10, NULL, 3, NULL),
(828, 31, 310, 166, 'réglé la balance des blancs de manière rapide et précise (réglage manuel)', 10, NULL, 3, NULL),
(829, 31, 311, 166, 'réglé l\'exposition de manière rapide et satisfaisante (limitation caméra amateur)', 10, NULL, 3, NULL),
(834, 32, 312, 166, 'respecté la régle des tiers', 10, NULL, 3, NULL),
(835, 32, 313, 166, 'respecté la régle des 180°', 5, NULL, 3, NULL),
(836, 32, 314, 166, 'respecté la consigne de l\'amorce', 5, NULL, 3, NULL),
(837, 32, 315, 166, 'monté de manière fluide les 2 plans ensemble', 5, NULL, 3, NULL),
(838, 17, 316, 167, 'éteint la lumière de service pour pointer les\r\nprojecteurs', 5, NULL, 3, NULL),
(839, 17, 317, 167, 'utilisé intelligemment les multiprises et\r\nrallonges.', 5, 18, 3, NULL),
(840, 31, 318, 167, 'installé les pieds avec l‘embase horizontale', 2, 18, 3, NULL),
(841, 31, 319, 167, 'branché et débranché les projecteurs à froid\r\net sans tirer sur le câble', 2, 18, 3, NULL),
(842, 31, 320, 167, 'lové correctement les câbles électriques (respect du sens du cuivre, régularité).', 2, 18, 3, NULL),
(843, 31, 321, 167, 'laissé suffisamment de mou aux câbles.', 2, 18, 3, NULL),
(844, 31, 322, 167, 'déplacé les projecteurs délicatement.', 2, 18, 3, NULL),
(845, 31, 323, 167, 'respecté les consignes de sécurité.', 10, 18, 3, NULL),
(846, 36, 324, 167, 'effectué dans le temps imparti toutes les consignes demandées.', 10, NULL, 3, NULL),
(847, 32, 325, 167, 'respecté le schéma d’éclairage imposé et pointé soigneusement les projecteurs', 20, NULL, 3, NULL),
(849, 31, 326, 167, 'réalisé deux photographies correctement exposées', 10, 1, 3, NULL),
(850, 31, 327, 167, 'réalisé deux photographies parfaitement nettes', 10, 1, 3, NULL),
(851, 29, 328, 168, 'colorisé de manière complète et propre (absence de bavures, trous, etc.)', 10, NULL, 3, NULL),
(852, 39, 329, 168, 'utilisé une palette de couleurs en adéquation avec le sujet initial', 10, NULL, 3, NULL),
(853, 29, 330, 168, 'utilisé les masques pour travailler', 5, NULL, 3, NULL),
(854, 32, 331, 162, 'respecté les proportions du modèle original', 10, NULL, 3, NULL),
(855, 32, 332, 162, 'apporté un niveau de détail et de précision permettant de se faire une idée précise du modèle', 10, NULL, 3, NULL),
(856, 39, 333, 163, 'photographié toutes les lettres de l\'alphabet dans son environnement proche (école) de manière à contraindre leur lecture', 20, NULL, 3, NULL),
(857, 35, 334, 161, 'effectué un split soigné et précis', 5, NULL, 3, NULL),
(858, 35, 335, 161, 'effectué un Rembrandt soigné et précis', 5, NULL, 3, NULL),
(859, 35, 336, 161, 'effectué un loop soigné et précis', 5, NULL, 3, NULL),
(860, 29, 337, 169, 'soigné le montage infographique soigné et invisible (détourage, résolution, couleurs, ombres),', 10, NULL, 3, NULL),
(861, 31, 338, 169, 'parfaitement mis au point sur le sujet', 5, NULL, 3, NULL),
(862, 31, 339, 169, 'soigné l’image (bien exposée, nette et sans grain\r\ninadéquat),', 5, NULL, 3, NULL),
(863, 20, 340, 169, 'utilisé la technique pour exprimer une idée créative', 5, NULL, 3, NULL),
(864, 29, 341, 170, 'utilisé les masques de manière propre et précise', 5, NULL, 3, NULL),
(865, 32, 342, 170, 'créé un visage composite crédible', 5, NULL, 3, NULL),
(866, 32, 343, 171, 'ajusté la saturation de manière à ce qu\'elle soit uniforme entre tous les clips', 5, NULL, 3, NULL),
(867, 29, 344, 172, 'soigné le montage infographique soigné et invisible (détourage, résolution, couleurs, ombres),', 10, NULL, 3, NULL),
(868, 20, 345, 172, 'utilisé la technique pour exprimer une idée créative', 5, NULL, 3, NULL),
(869, 11, 346, 173, 'réalisé une photographie avec une petite profondeur de champ', 10, 1, 3, NULL),
(870, 11, 347, 173, 'réalisé une photographie avec une grande profondeur de champ', 10, 1, 3, NULL),
(871, 31, 348, 173, 'réglé rapidement le diaphragme', 5, 1, 3, NULL),
(872, 31, 349, 173, 'réglé rapidement la mise au point', 5, 1, 3, NULL),
(873, 31, 350, 173, 'réglé rapidement le temps de pose', 5, 1, 3, NULL),
(874, 31, 351, 173, 'réglé rapidement les ISO', 5, 1, 3, NULL),
(875, 31, 352, 173, 'réalisé deux photographies correctement exposées', 10, 1, 3, NULL),
(876, 31, 353, 173, 'réalisé deux photographies parfaitement nettes', 10, 1, 3, NULL),
(877, 31, 354, 173, 'réglé les ISO selon les conditions lumineuses', 5, 1, 3, NULL),
(878, 17, 355, 174, 'installé le trépied, branches parallèles au sol', 1, 18, 3, NULL),
(879, 17, 356, 174, 'pris le trépied de manière à éviter qu\'il tombe à terre (vis de serrages)', 1, 18, 3, NULL),
(880, 17, 357, 174, 'installé le projecteur éloigné de tout objet', 1, 18, 3, NULL),
(881, 17, 358, 174, 'évité que le câble pende au dessus du sol', 1, 18, 3, NULL),
(882, 17, 359, 174, 'ouvert les volets avant de brancher le projecteur', 1, 18, 3, NULL),
(883, 17, 360, 174, 'averti le modèle de l\'allumage du projecteur', 1, 18, 3, NULL),
(884, 17, 361, 174, 'installé les gueuses afin de stabiliser le trépied', 1, 18, 3, NULL),
(885, 17, 362, 174, 'lové correctement le câble d\'alimentation autour du projecteur ', 1, 18, 3, NULL),
(886, 17, 363, 174, 'installé sans difficulté le trépied et le projecteur', 1, 18, 3, NULL),
(887, 17, 364, 174, 'lové correctement l\'allonge électrique', 1, 18, 3, NULL),
(888, 1, 365, 175, 'produit une bande sonore exempte de parasites ou distortions inadéquates', 5, 16, 3, NULL),
(889, 17, 366, 176, 'effectué précisement la mise au point ', 5, NULL, 3, NULL),
(890, 17, 367, 176, 'soigné le cadre (sans mauvaise coupe ou d’objets indésirables)', 5, NULL, 3, NULL),
(891, 17, 368, 176, 'exposé parfaitement la photographie', 5, NULL, 3, NULL),
(892, 36, 369, 176, 'produit une image correspondant aux consignes de contenu demandées (thème, technique, impératifs)', 10, NULL, 3, NULL),
(893, 25, 370, 176, 'présenté une attitude active de recherche et/ou d\'expérimentation technique', 5, NULL, 3, NULL),
(894, 35, 371, 164, 'sonorisé toutes les actions demandant un bruitage', 10, 16, 3, NULL),
(895, 20, 372, 164, 'ajouté une piste ambiance', 5, 16, 3, NULL),
(896, 39, 373, 164, 'mixé les pistes et les bruitages entre eux, pour former un tout homogène et cohérent', 10, 16, 3, NULL),
(897, 11, 374, 177, 'réglé la balance des blancs en manuel comme demandé.', 5, NULL, 3, NULL),
(898, 17, 375, 178, 'effectué précisement la mise au point ', 5, NULL, 3, NULL),
(899, 17, 376, 178, 'soigné le cadre (sans mauvaise coupe ou d’objets indésirables)', 5, NULL, 3, NULL),
(900, 17, 377, 178, 'exposé parfaitement la photographie', 5, NULL, 3, NULL),
(901, 36, 378, 178, 'produit une image correspondant aux consignes de contenu demandées (thème, technique, impératifs)', 10, NULL, 3, NULL),
(902, 25, 379, 178, 'présenté une attitude active de recherche et/ou d\'expérimentation technique', 5, NULL, 3, NULL),
(903, 32, 380, 171, 'ajusté les contrastes de manière à ce qu\'elle soit uniforme entre tous les clips', 5, NULL, 3, NULL),
(904, 32, 381, 171, 'ajusté l\'exposition de manière à ce qu\'elle soit uniforme entre tous les clips', 5, NULL, 3, NULL),
(905, 20, 382, 171, 'utilisé la colorimétrie comme élèment narrateur de l\'histoire', 5, NULL, 3, NULL),
(906, 35, 383, 175, 'sonorisé toutes les actions demandant un bruitage', 10, 16, 3, NULL),
(907, 39, 384, 175, 'mixé les pistes et les bruitages entre eux, pour former un tout homogène et cohérent', 10, 16, 3, NULL),
(908, 20, 385, 175, 'ajouté une piste ambiance', 5, 16, 3, NULL),
(909, 35, 386, 175, 'synchronisé le son et l\'image précisément', 10, 16, 3, NULL),
(910, 11, 387, 177, 'réglé la balance des blancs personnalisée', 5, NULL, 3, NULL),
(911, 31, 388, 179, 'monté de façon fluide et rythmée, sans faux raccord ni image parasite.     ', 10, NULL, 3, NULL),
(912, 35, 389, 179, 'utilisé les plans tournés comme matériel narrateur pour créer un reportage cohérent en terme de sens et d\'information', 10, NULL, 3, NULL),
(913, 35, 390, 179, 'mixé voix, ambiance et musique de manière cohérente ', 5, NULL, 3, NULL),
(914, 17, 391, 180, 'effectué précisement la mise au point ', 5, NULL, 3, NULL),
(915, 17, 392, 180, 'soigné le cadre (sans mauvaise coupe ou d’objets indésirables)', 5, NULL, 3, NULL),
(916, 17, 393, 180, 'exposé parfaitement la photographie', 5, NULL, 3, NULL),
(917, 36, 394, 180, 'produit une image correspondant aux consignes de contenu demandées (thème, technique, impératifs)', 10, NULL, 3, NULL),
(918, 25, 395, 180, 'présenté une attitude active de recherche et/ou d\'expérimentation technique', 5, NULL, 3, NULL),
(919, 17, 396, 180, 'correctement réglé la balance des blancs', 5, NULL, 3, NULL),
(920, 36, 397, 181, 'utilisé des clips sonores propres (niveau nominal, pas de souffle, échantillonage >= 44.1kHz, fade-in et out)', 10, NULL, 3, NULL),
(921, 32, 398, 181, 'mixé de manière à ne ressentir aucun manque ou de blanc dans la bande son', 5, NULL, 3, NULL),
(922, 36, 399, 181, 'monté tous les clips sonores requis par les HA', 5, NULL, 3, NULL),
(923, 29, 400, 181, 'mixé les crètes à 0dB et avec une dynamique adaptée à une salle de concert', 5, NULL, 3, NULL),
(924, 32, 401, 181, 'mixé les différents élèments entre eux de manière homogéne (reverb, amplitude, timbre, ...) pour former un tout sonore techniquement cohérent', 10, NULL, 3, NULL),
(925, 20, 402, 181, 'raconté une histoire de manière claire et auto-suffisante à l\'aide des différents élèments sonores', 10, NULL, 3, NULL),
(926, 1, 403, 181, 'autoévalué son travail de manière objective dans un aspect technique', 5, NULL, 3, NULL),
(927, 1, 404, 181, 'autoévalué son travail de manière objective dans un aspect artistique', 5, NULL, 3, NULL),
(928, 37, 405, 182, 'contribué activement à l\'élaboration du court-métrage (1)', 10, NULL, 3, NULL),
(929, 30, 406, 182, 'contruit son savoir au travers de la mise en pratique (2)', 10, NULL, 3, NULL),
(930, 17, 407, 182, 'résolu les problèmes rencontrés de manière efficace et en autonomie (3)', 10, NULL, 3, NULL),
(931, 28, 408, 182, 'exprimé une appréciation positive et négative argumentée sur son expérience (4) (5)', 10, NULL, 3, NULL),
(932, 28, 409, 182, 'auto-évalué de manière objective son travail (6)(7)', 10, NULL, 3, NULL),
(933, 1, 410, 183, 'autoévalué son travail de manière objective dans un aspect technique', 5, NULL, 3, NULL),
(934, 1, 411, 183, 'autoévalué son travail de manière objective dans un aspect artistique', 5, NULL, 3, NULL),
(935, 36, 412, 183, 'utilisé des clips sonores propres (niveau nominal, pas de souffle, échantillonage >= 44.1kHz, fade-in et out)', 10, NULL, 3, NULL),
(936, 32, 413, 183, 'mixé de manière à ne ressentir aucun manque ou de blanc dans la bande son', 5, NULL, 3, NULL),
(938, 29, 414, 183, 'mixé les crètes à 0dB et avec une dynamique adaptée à une salle de concert', 5, NULL, 3, NULL),
(940, 20, 415, 183, 'raconté une histoire de manière claire et auto-suffisante, respectant le thème', 20, NULL, 3, NULL),
(941, 36, 416, 183, 'soigné l’image (bien exposée, nette et sans grain inadéquat),', 10, NULL, 3, NULL),
(942, 32, 417, 184, 'réussi a appliquer un éclairage à 3 points', 10, NULL, 3, NULL),
(943, 39, 418, 185, 'réussi a s\'approprier la technique de l\'éclairage à 3 points pour exprimer une idée créative', 10, NULL, 3, NULL),
(944, 32, 419, 186, 'respecté la régle des tiers', 10, NULL, 3, NULL),
(945, 31, 420, 186, 'soigné l’image (bien exposée, nette et sans grain inadéquat),', 5, NULL, 3, NULL),
(946, 34, 421, 187, 'exploité la technique pour exprimer des idées qui ne pourraient pas l\'être autrement', 10, NULL, 3, NULL),
(947, 31, 422, 187, 'soigné l\'utilisation de la technique', 10, NULL, 3, NULL),
(948, 31, 423, 188, 'remis une photographie avec une grande profondeur de champ, bien exposée et correctement mise au point', 10, NULL, 3, NULL),
(949, 39, 424, 188, 'soigné la mise en lumière (sans ombres\r\nindésirables, déséquilibre, qualité),', 10, NULL, 3, NULL),
(950, 39, 425, 188, 'utilisé un angle de vue mettant en valeur l\'objet', 5, NULL, 3, NULL),
(951, 32, 426, 189, 'utilisé précisement la symétrie dans la composition', 10, NULL, 3, NULL),
(952, 31, 427, 189, 'soigné l’image (bien exposée, nette et sans grain inadéquat),', 5, NULL, 3, NULL),
(953, 31, 428, 190, 'allumé et éteint le système audio dans l\'ordre conseillé', 10, 16, 3, NULL),
(954, 31, 429, 190, 'réglé le gain de manière à atteindre le niveau nominal', 10, 16, 3, NULL),
(955, 31, 430, 190, 'monté avec aisance les micros sur leur supports', 10, 16, 3, NULL),
(956, 31, 431, 190, 'choisi les microphones adaptés selon la prise de son (sensibilité, directivité)', 10, 16, 3, NULL),
(957, 31, 432, 190, 'positionné correctement le micro et ses accessoires', 10, 16, 3, NULL),
(958, 31, 433, 190, 'positionné correctement le micro par rapport à la source sonore', 10, 16, 3, NULL),
(959, 31, 434, 190, 'utilisé la table de mixage de manière autonome', 10, 16, 3, NULL),
(960, 31, 435, 190, 'coupé le retour lors de l\'enregistrement', 10, 16, 3, NULL),
(961, 31, 436, 190, 'réécouté l\'enregistrement sur les moniteurs', 10, 16, 3, NULL),
(962, 31, 437, 190, 'appliqué un fade in et out de quelques millisecondes', 10, 16, 3, NULL),
(963, 31, 438, 190, 'dénoisé rapidement les enregistrements', 10, 16, 3, NULL),
(964, 32, 439, 191, 'positionné logiquement et manipulé\"correctement les projecteurs', 10, 1, 3, NULL),
(965, 31, 440, 191, 'respecté les consignes de sécurité.', 5, NULL, 3, NULL),
(966, 31, 441, 191, 'réalisé une photographie parfaitement  exposée', 5, 1, 3, NULL),
(967, 31, 442, 191, 'réalisé une photographie parfaitement nette', 5, 1, 3, NULL),
(968, 39, 443, 191, 'positionné les projecteurs de manière à ce que la lumière corresponde à l\'exemple', 20, 5, 3, NULL),
(969, 39, 444, 191, 'cadré de façon analogue à l\'exemple', 10, 5, 3, NULL),
(970, 39, 445, 191, 'obtenu une pose du modèle identique à l\'exemple', 10, NULL, 3, NULL),
(971, 32, 446, 192, 'positionné logiquement et manipulé\"correctement les projecteurs', 10, 1, 3, NULL),
(972, 31, 447, 192, 'respecté les consignes de sécurité.', 5, NULL, 3, NULL),
(973, 31, 448, 192, 'réalisé une photographie parfaitement  exposée', 5, 1, 3, NULL),
(974, 31, 449, 192, 'réalisé une photographie parfaitement nette', 5, 1, 3, NULL),
(975, 39, 450, 192, 'positionné les projecteurs de manière à ce que la lumière corresponde à l\'exemple', 20, 5, 3, NULL),
(976, 39, 451, 192, 'cadré de façon analogue à l\'exemple', 10, 5, 3, NULL),
(977, 39, 452, 192, 'obtenu une pose du modèle identique à l\'exemple', 10, NULL, 3, NULL),
(978, 31, 453, 193, 'réglé le diaphragme de manière à bien exposer la photographie', 5, NULL, 3, NULL),
(979, 21, 454, 193, 'utilisé le lightpainting pour exprimer quelque chose qui ne pourrait pas l\'être sans cette technique', 10, NULL, 3, NULL),
(980, 39, 455, 193, 'soigné le cadre (sans mauvaise coupe ou d’objets indésirables)', 5, NULL, 3, NULL),
(981, 32, 456, 194, 'cadré en respectant la régle des tiers et le format carré imposés', 5, NULL, 3, NULL),
(982, 31, 457, 195, 'correctement exposé et mis au point les photographies', 5, 1, 3, NULL),
(983, 32, 458, 195, 'soigné le cadre (sans mauvaise coupe ou d’objets indésirables)', 5, 1, 3, NULL),
(984, 23, 459, 195, 'travaillé la lumière de manière à ce qu\'elle figure parfaitement les ambiances imposées', 10, 5, 3, NULL),
(985, 32, 460, 196, 'soigné le cadre (sans mauvaise coupe ou d’objets indésirables)', 5, NULL, 3, NULL),
(986, 11, 461, 196, 'utilisé un gain faible', 5, NULL, 3, NULL),
(987, 11, 462, 196, 'exposé correctement l\'image à l\'aide des zébras', 5, NULL, 3, NULL),
(988, 11, 463, 196, 'réglé la balance des blancs de manière adéquate', 5, NULL, 3, NULL),
(989, 32, 464, 196, 'utilisé la lumière comme élèment dramaturgique principal de la scène', 20, NULL, 3, NULL),
(990, 40, 465, 196, 'défendu sa mise en lumière comme étant un élèment dramaturgique principal de la scène.', 10, NULL, 3, NULL),
(991, 11, 466, 196, 'mis au point précisément sur le sujet', 5, NULL, 3, NULL),
(992, 31, 467, 197, 'correctement exposé et mis au point les photographies', 5, 1, 3, NULL),
(993, 32, 468, 197, 'soigné le cadre (sans mauvaise coupe ou d’objets indésirables)', 5, 1, 3, NULL),
(994, 23, 469, 197, 'travaillé la lumière de manière à ce qu\'elle figure parfaitement les ambiances imposées', 10, 5, 3, NULL),
(995, 1, 470, 198, 'exploité les lignes pour créer une image graphique équilibrée.', 10, NULL, 3, NULL),
(996, 31, 471, 199, 'correctement exposé et mis au point les photographies', 5, 1, 3, NULL),
(997, 32, 472, 199, 'soigné le cadre (sans mauvaise coupe ou d’objets indésirables)', 5, 1, 3, NULL),
(998, 23, 473, 199, 'travaillé la lumière de manière à ce qu\'elle figure parfaitement les ambiances imposées', 10, 5, 3, NULL),
(1000, 29, 474, 194, 'travaillé la photo sur Lightroom (contrastes, couleurs, etc.)', 5, NULL, 3, NULL),
(1002, 1, 475, 201, 'exploité les lignes pour créer une image graphique équilibrée.', 10, NULL, 3, NULL),
(1003, 34, 476, 202, 'Utilisé un temps de pose très court (1/200-1/1000s) tout en conservant une exposition correcte', 10, NULL, 3, NULL),
(1004, 34, 477, 202, 'parfaitement mis au point sur le sujet', 5, NULL, 3, NULL),
(1005, 20, 478, 202, 'exploité la technique pour exprimer des idées qui ne pourraient pas l\'être autrement', 5, NULL, 3, NULL),
(1010, 17, 479, 204, 'éteint la lumière de service pour pointer les\r\nprojecteurs', 5, NULL, 3, NULL),
(1011, 17, 480, 204, 'utilisé intelligemment les multiprises et\r\nrallonges.', 5, 18, 3, NULL),
(1012, 31, 481, 204, 'installé les pieds avec l‘embase horizontale', 2, 18, 3, NULL),
(1013, 31, 482, 204, 'branché et débranché les projecteurs à froid\r\net sans tirer sur le câble', 2, 18, 3, NULL),
(1014, 31, 483, 204, 'lové correctement les câbles électriques (respect du sens du cuivre, régularité).', 2, 18, 3, NULL),
(1015, 31, 484, 204, 'laissé suffisamment de mou aux câbles.', 2, 18, 3, NULL),
(1016, 31, 485, 204, 'déplacé les projecteurs délicatement.', 2, 18, 3, NULL),
(1017, 31, 486, 204, 'respecté les consignes de sécurité.', 10, 18, 3, NULL),
(1018, 36, 487, 204, 'effectué dans le temps imparti toutes les consignes demandées.', 10, NULL, 3, NULL),
(1019, 32, 488, 204, 'respecté le schéma d’éclairage imposé et pointé soigneusement les projecteurs', 20, NULL, 3, NULL),
(1020, 31, 489, 204, 'réalisé deux photographies correctement exposées', 10, 1, 3, NULL),
(1021, 31, 490, 204, 'réalisé deux photographies parfaitement nettes', 10, 1, 3, NULL);
INSERT INTO `assessment` (`id`, `skill_id`, `criterion_id`, `project_id`, `indicator`, `max_vote`, `achievement_id`, `grading_system_id`, `topic_id`) VALUES
(1022, 11, 491, 205, 'réalisé une photographie avec une petite profondeur de champ', 10, 1, 3, NULL),
(1023, 11, 492, 205, 'réalisé une photographie avec une grande profondeur de champ', 10, 1, 3, NULL),
(1024, 31, 493, 205, 'réglé rapidement le diaphragme', 5, 1, 3, NULL),
(1025, 31, 494, 205, 'réglé rapidement la mise au point', 5, 1, 3, NULL),
(1026, 31, 495, 205, 'réglé rapidement le temps de pose', 5, 1, 3, NULL),
(1027, 31, 496, 205, 'réglé rapidement les ISO', 5, 1, 3, NULL),
(1028, 11, 497, 205, 'réalisé deux photographies correctement exposées', 10, 1, 3, NULL),
(1029, 11, 498, 205, 'réalisé deux photographies parfaitement nettes', 10, 1, 3, NULL),
(1030, 17, 499, 205, 'réglé les ISO selon les conditions lumineuses', 5, 1, 3, NULL),
(1031, 32, 500, 205, 'respecté la régle des tiers', 10, NULL, 3, NULL),
(1032, 17, 501, 205, 'utilisé un temps de pose court', 10, NULL, 3, NULL),
(1033, 31, 502, 206, 'réglé la mise au point de manière professionnelle', 5, 8, 3, NULL),
(1034, 31, 503, 206, 'réglé la balance des blancs de manière rapide et précise (réglage manuel)', 5, 8, 3, NULL),
(1035, 31, 504, 206, 'réglé l\'exposition de manière rapide et satisfaisante', 5, 8, 3, NULL),
(1037, 32, 505, 206, 'respecté la régle des 180°', 5, 8, 3, NULL),
(1038, 32, 506, 206, 'respecté la consigne de l\'amorce', 5, 8, 3, NULL),
(1039, 39, 507, 206, 'monté de manière fluide les 2 plans ensemble', 5, NULL, 3, NULL),
(1040, 31, 508, 207, 'réglé la mise au point de manière professionnelle', 10, 8, 3, NULL),
(1041, 31, 509, 207, 'réglé la balance des blancs de manière rapide et précise (réglage manuel)', 10, 8, 3, NULL),
(1042, 31, 510, 207, 'réglé l\'exposition de manière rapide et satisfaisante (limitation caméra amateur)', 10, 8, 3, NULL),
(1043, 32, 511, 207, 'respecté la régle des 180°', 5, 8, 3, NULL),
(1044, 32, 512, 207, 'respecté la consigne de l\'amorce', 5, 8, 3, NULL),
(1045, 32, 513, 207, 'monté de manière fluide les 2 plans ensemble', 5, NULL, 3, NULL),
(1046, 31, 514, 206, 'réglé le shutterspeed', 5, 8, 3, NULL),
(1047, 31, 515, 206, 'réglé le gain', 5, 8, 3, NULL),
(1048, 31, 516, 206, 'utilisé le format vidéo AVCHD', 5, 8, 3, NULL),
(1049, 31, 517, 206, 'réglé le frame-rate', 5, 8, 3, NULL),
(1050, 31, 518, 206, 'réglé les niveaux d\'un micro externe', 5, 8, 3, NULL),
(1051, 39, 519, 206, 'respecté la régle des tiers dans tous les plans', 10, NULL, 3, NULL),
(1052, 9, 520, 208, 'emprunté les caractères stylistiques des photographies de Philippe Ramette (un personnage dans un monde où la gravité est anormale) ', 10, NULL, 3, NULL),
(1053, 11, 521, 208, 'parfaitement fait le point', 5, NULL, 3, NULL),
(1054, 11, 522, 208, 'correctement exposé la photographie (bons contrastes, pas de bruit, pas de flou de bougé)', 5, NULL, 3, NULL),
(1055, 32, 523, 209, 'realisé une ambiance inquiétante à l\'aide de la lumière', 5, NULL, 3, NULL),
(1056, 31, 524, 209, 'mise au point de manière précise', 5, NULL, 3, NULL),
(1057, 31, 525, 209, 'soigné l’image (bien exposée, nette et sans grain inadéquat),', 5, NULL, 3, NULL),
(1059, 31, 526, 210, 'produit une image nette, bien exposée et bien cadrée', 5, NULL, 3, NULL),
(1060, 37, 527, 210, 'Apporté son savoir-faire de manière spontanée et opportune au groupe (auto-évaluation)', 5, NULL, 3, NULL),
(1061, 35, 528, 210, 'assemblé l\'ensemble des bruitages en regard de l\'image de manière cohérente', 5, NULL, 3, NULL),
(1063, 31, 529, 211, 'produit une image nette, bien exposée et bien cadrée', 5, NULL, 3, NULL),
(1064, 37, 530, 211, 'Apporté son savoir-faire de manière spontanée et opportune au groupe', 5, NULL, 3, NULL),
(1065, 35, 531, 211, 'corrigé la colorimétrie de manière à être raccord en termes d\'exposition, de couleur et de contraste', 5, NULL, 3, NULL),
(1067, 31, 532, 212, 'produit une image nette, bien exposée et bien cadrée', 5, NULL, 3, NULL),
(1068, 37, 533, 212, 'Apporté son savoir-faire de manière spontanée et opportune au groupe', 5, NULL, 3, NULL),
(1069, 35, 534, 212, 'assemblé l\'ensemble des bruitages en regard de l\'image de manière cohérente', 5, NULL, 3, NULL),
(1071, 31, 535, 213, 'produit une image nette, bien exposée et bien cadrée', 5, NULL, 3, NULL),
(1072, 37, 536, 213, 'Apporté son savoir-faire de manière spontanée et opportune au groupe', 5, NULL, 3, NULL),
(1073, 35, 537, 213, 'effectué une prise son de qualité (niveau nominal, absence de souffle, absence de parasites)', 5, NULL, 3, NULL),
(1075, 35, 538, 210, 'réalisé l\'effet visuel de manière réaliste avec les moyens mis à disposition', 10, NULL, 3, NULL),
(1076, 37, 539, 213, 'utilisé les accessoires et les angles de caméra afin de rendre l\'aspect urgent de la scéne', 5, NULL, 3, NULL),
(1077, 11, 540, 214, 'parfaitement fait le point sur les yeux du sujet', 5, NULL, 3, NULL),
(1078, 11, 541, 214, 'correctement exposé la photographie (bons contrastes, pas de flou de bougé)', 5, NULL, 3, NULL),
(1079, 17, 542, 215, 'effectué précisement la mise au point ', 5, NULL, 3, NULL),
(1080, 17, 543, 215, 'soigné le cadre (sans mauvaise coupe ou d’objets indésirables)', 5, NULL, 3, NULL),
(1081, 17, 544, 215, 'exposé parfaitement la photographie', 5, NULL, 3, NULL),
(1082, 36, 545, 215, 'produit une image correspondant aux consignes de contenu demandées (thème, technique, impératifs)', 10, NULL, 3, NULL),
(1083, 25, 546, 215, 'présenté une attitude active de recherche et/ou d\'expérimentation technique', 5, NULL, 3, NULL),
(1084, 23, 547, 214, 'réussi à donner l\'impression que le sujet a un ou des membres coupés.', 5, NULL, 3, NULL),
(1085, 17, 548, 216, 'effectué précisement la mise au point ', 5, NULL, 3, NULL),
(1086, 17, 549, 216, 'soigné le cadre (sans mauvaise coupe ou d’objets indésirables)', 5, NULL, 3, NULL),
(1087, 17, 550, 216, 'exposé parfaitement la photographie', 5, NULL, 3, NULL),
(1088, 36, 551, 216, 'produit une image correspondant aux consignes de contenu demandées (thème, technique, impératifs)', 10, NULL, 3, NULL),
(1089, 25, 552, 216, 'présenté une attitude active de recherche et/ou d\'expérimentation technique', 5, NULL, 3, NULL),
(1090, 17, 553, 217, 'effectué précisement la mise au point ', 5, NULL, 3, NULL),
(1091, 17, 554, 217, 'soigné le cadre (sans mauvaise coupe ou d’objets indésirables)', 5, NULL, 3, NULL),
(1092, 17, 555, 217, 'exposé parfaitement la photographie', 5, NULL, 3, NULL),
(1093, 36, 556, 217, 'produit une image correspondant aux consignes de contenu demandées (thème, technique, impératifs)', 10, NULL, 3, NULL),
(1094, 25, 557, 217, 'présenté une attitude active de recherche et/ou d\'expérimentation technique', 5, NULL, 3, NULL),
(1095, 17, 558, 218, 'effectué précisement la mise au point ', 5, NULL, 3, NULL),
(1096, 17, 559, 218, 'soigné le cadre (sans mauvaise coupe ou d’objets indésirables)', 5, NULL, 3, NULL),
(1097, 17, 560, 218, 'exposé parfaitement la photographie', 5, NULL, 3, NULL),
(1098, 36, 561, 218, 'produit une image correspondant aux consignes de contenu demandées (thème, technique, impératifs)', 10, NULL, 3, NULL),
(1099, 25, 562, 218, 'présenté une attitude active de recherche et/ou d\'expérimentation technique', 5, NULL, 3, NULL),
(1100, 1, 563, 219, 'produit une bande sonore exempte de parasites ou distortions inadéquates', 5, 16, 3, NULL),
(1101, 35, 564, 219, 'sonorisé toutes les actions demandant un bruitage', 10, 16, 3, NULL),
(1102, 39, 565, 219, 'mixé les pistes et les bruitages entre eux, pour former un tout homogène et cohérent', 10, 16, 3, NULL),
(1103, 20, 566, 219, 'ajouté une piste ambiance', 5, 16, 3, NULL),
(1104, 34, 567, 220, 'monté un film image par image de manière a rendre les mouvements crédibles', 5, NULL, 3, NULL),
(1105, 34, 568, 220, 'réalisé une pixilation comportant au moins un lévitation ou le déplacement improbable d\'un humain', 5, NULL, 3, NULL),
(1107, 31, 569, 220, 'utilisé des images bien exposées, cadrées, mises au point', 5, NULL, 3, NULL),
(1108, 37, 570, 221, 'participé activement au projet de manière autonome', 10, NULL, 3, NULL),
(1109, 22, 571, 220, 'auto-évalué de manière objective son travail', 5, NULL, 3, NULL),
(1110, 22, 572, 219, 'auto-évalué de manière opportune et complète son travail', 5, NULL, 3, NULL),
(1111, 35, 573, 211, 'utilisé l\'effet ULTRAKEY de manière précise et soignée ', 10, NULL, 3, NULL),
(1112, 35, 574, 212, 'donné l\'impression visuelle qu\'un vrai orage éclate', 5, NULL, 3, NULL),
(1114, 29, 575, 223, 'utilisé les masques de manière propre et précise', 5, NULL, 3, NULL),
(1115, 32, 576, 223, 'créé un visage composite crédible', 5, NULL, 3, NULL),
(1116, 16, 577, 224, 'réalisé un découpage complet (couvre tout le scénario)', 0, NULL, 3, NULL),
(1145, 20, 52, 83, 'mis en lumière le plateau de manière raccord avec le fond à incruster', 5, NULL, 2, NULL),
(1146, 31, 53, 83, 'mis en lumière le fond vert de manière uniforme et sans interférer sur le sujet', 5, NULL, 2, NULL),
(1147, 29, 54, 83, 'utilisé l\'effet ULTRAKEY de manière précise et soignée ', 10, NULL, 2, NULL),
(1148, 29, 55, 83, 'Ajusté la colorimétrie (couleur, contrastes, exposition) de manière raccord avec le fond incrusté', 10, NULL, 2, NULL),
(1151, 11, 579, 227, 'répondu de manière correcte et précise aux questions', 28, NULL, 2, 1),
(1152, 11, 580, 228, 'répondu correctement et précisément aux questions', 25, NULL, 2, 1),
(1153, 17, 581, 228, 'répondu correctement et précisément aux questions', 6, NULL, 2, 1),
(1154, 11, 579, 229, 'répondu de manière correcte et précise aux questions', 16, NULL, 2, 1),
(1155, 31, 256, 230, 'réglé le diaphragme de manière à bien exposer la photographie (fond et intensité trait)', 5, NULL, 1, 1),
(1156, 39, 257, 230, 'cadré de manière droite et non coupée', 5, NULL, 1, 1),
(1157, 31, 254, 231, 'réglé le diaphragme de manière à bien exposer la photographie', 5, NULL, 1, 1),
(1158, 39, 255, 231, 'utilisé la technique de lightpainting afin de reproduire le plus possible la photographie en exemple.', 5, NULL, 1, 1),
(1159, 39, 258, 231, 'positionné et cadré les éléments sans les couper et de manière droite.', 5, NULL, 1, 1),
(1160, 11, 252, 232, 'réglé le diaphragme de manière à bien exposer la photographie', 5, NULL, 1, 1),
(1161, 23, 253, 232, 'utilisé la technique afin de proposer un visuel original et qui sort des sentiers battus', 5, NULL, 1, 1),
(1162, 32, 475, 233, 'clairement exploité les lignes pour créer une image graphique.', 10, NULL, 1, 1),
(1163, 15, 584, 234, 'répondu correctement et de manière précise aux questions', 30, NULL, 2, 1),
(1164, 17, 585, 234, 'répondu correctement et de manière précise aux questions', 30, NULL, 2, 1),
(1165, 11, 579, 235, 'répondu de manière correcte et précise aux questions', 16, NULL, 2, 1),
(1166, 11, 580, 236, 'répondu correctement et précisément aux questions', 25, NULL, 2, 1),
(1167, 17, 581, 236, 'répondu correctement et précisément aux questions', 12, NULL, 2, 1);

-- --------------------------------------------------------

--
-- Structure de la table `assessment_type`
--

DROP TABLE IF EXISTS `assessment_type`;
CREATE TABLE IF NOT EXISTS `assessment_type` (
  `id` int(11) NOT NULL AUTO_INCREMENT,
  `name` varchar(255) COLLATE utf8mb4_unicode_ci NOT NULL,
  `description` varchar(255) COLLATE utf8mb4_unicode_ci DEFAULT NULL,
  PRIMARY KEY (`id`)
) ENGINE=InnoDB AUTO_INCREMENT=4 DEFAULT CHARSET=utf8mb4 COLLATE=utf8mb4_unicode_ci;

--
-- Déchargement des données de la table `assessment_type`
--

INSERT INTO `assessment_type` (`id`, `name`, `description`) VALUES
(1, 'F', 'Formative'),
(2, 'C', 'Certificative'),
(3, 'D', 'Diagnostique (hors périodes)');

-- --------------------------------------------------------

--
-- Structure de la table `attendance`
--

DROP TABLE IF EXISTS `attendance`;
CREATE TABLE IF NOT EXISTS `attendance` (
  `id` int(11) NOT NULL AUTO_INCREMENT,
  `student_id` int(11) NOT NULL,
  `attendance_grid_id` int(11) NOT NULL,
  `is_present` tinyint(1) DEFAULT NULL,
  `is_absent` tinyint(1) DEFAULT NULL,
  `is_late` tinyint(1) DEFAULT NULL,
  `is_excused` tinyint(1) DEFAULT NULL,
  `status` varchar(10) COLLATE utf8mb4_unicode_ci NOT NULL,
  PRIMARY KEY (`id`),
  KEY `IDX_6DE30D91CB944F1A` (`student_id`),
  KEY `IDX_6DE30D912B368697` (`attendance_grid_id`)
) ENGINE=InnoDB AUTO_INCREMENT=183 DEFAULT CHARSET=utf8mb4 COLLATE=utf8mb4_unicode_ci;

--
-- Déchargement des données de la table `attendance`
--

INSERT INTO `attendance` (`id`, `student_id`, `attendance_grid_id`, `is_present`, `is_absent`, `is_late`, `is_excused`, `status`) VALUES
(1, 347, 1, 0, 1, 0, 0, 'A'),
(2, 348, 1, 1, 0, 0, 0, 'P'),
(3, 349, 1, 0, 1, 0, 0, 'A'),
(4, 350, 1, 1, 0, 0, 0, 'P'),
(5, 351, 1, 1, 0, 0, 0, 'P'),
(6, 352, 1, 1, 0, 0, 0, 'P'),
(7, 353, 1, 1, 0, 0, 0, 'P'),
(8, 354, 1, 1, 0, 0, 0, 'P'),
(9, 355, 1, 1, 0, 0, 0, 'P'),
(10, 356, 1, 1, 0, 0, 0, 'P'),
(11, 357, 1, 1, 0, 0, 0, 'P'),
(12, 358, 1, 1, 0, 0, 0, 'P'),
(13, 359, 1, 1, 0, 0, 0, 'P'),
(14, 347, 2, 1, 0, 0, 0, 'P'),
(15, 348, 2, 1, 0, 0, 0, 'P'),
(16, 349, 2, 1, 0, 0, 0, 'P'),
(17, 350, 2, 1, 0, 0, 0, 'P'),
(18, 351, 2, 1, 0, 0, 0, 'P'),
(19, 352, 2, 1, 0, 0, 0, 'P'),
(20, 353, 2, 1, 0, 0, 0, 'P'),
(21, 354, 2, 1, 0, 0, 0, 'P'),
(22, 355, 2, 1, 0, 0, 0, 'P'),
(23, 356, 2, 1, 0, 0, 0, 'P'),
(24, 357, 2, 1, 0, 0, 0, 'P'),
(25, 358, 2, 1, 0, 0, 0, 'P'),
(26, 359, 2, 0, 1, 0, 0, 'A'),
(27, 322, 3, 1, 0, 0, 0, 'P'),
(28, 309, 3, 1, 0, 0, 0, 'P'),
(29, 310, 3, 1, 0, 0, 0, 'P'),
(30, 311, 3, 1, 0, 0, 0, 'P'),
(31, 362, 3, 1, 0, 0, 0, 'P'),
(32, 291, 3, 0, 1, 0, 0, 'A'),
(33, 363, 3, 1, 0, 0, 0, 'P'),
(34, 317, 3, 1, 0, 0, 0, 'P'),
(35, 364, 3, 1, 0, 0, 0, 'P'),
(36, 316, 3, 1, 0, 0, 0, 'P'),
(37, 365, 3, 1, 0, 0, 0, 'P'),
(38, 366, 3, 1, 0, 0, 0, 'P'),
(39, 312, 3, 1, 0, 0, 0, 'P'),
(40, 367, 3, 1, 0, 0, 0, 'P'),
(41, 314, 3, 1, 0, 0, 0, 'P'),
(42, 315, 3, 1, 0, 0, 0, 'P'),
(43, 322, 4, 1, 0, 0, 0, 'P'),
(44, 309, 4, 1, 0, 0, 0, 'P'),
(45, 310, 4, 1, 0, 0, 0, 'P'),
(46, 311, 4, 1, 0, 0, 0, 'P'),
(47, 362, 4, 0, 1, 0, 0, 'A'),
(48, 291, 4, 0, 1, 0, 0, 'A'),
(49, 363, 4, 1, 0, 0, 0, 'P'),
(50, 317, 4, 1, 0, 0, 0, 'P'),
(51, 364, 4, 0, 1, 0, 0, 'A'),
(52, 316, 4, 0, 1, 0, 0, 'A'),
(53, 365, 4, 1, 0, 0, 0, 'P'),
(54, 366, 4, 0, 1, 0, 0, 'A'),
(55, 312, 4, 0, 1, 0, 0, 'A'),
(56, 367, 4, 0, 1, 0, 0, 'A'),
(57, 314, 4, 1, 0, 0, 0, 'P'),
(58, 315, 4, 1, 0, 0, 0, 'P'),
(59, 322, 5, 1, 0, 0, 0, 'P'),
(60, 309, 5, 1, 0, 0, 0, 'P'),
(61, 310, 5, 1, 0, 0, 0, 'P'),
(62, 311, 5, 1, 0, 0, 0, 'P'),
(63, 362, 5, 1, 0, 0, 0, 'P'),
(64, 291, 5, 0, 1, 0, 0, 'A'),
(65, 363, 5, 1, 0, 0, 0, 'P'),
(66, 317, 5, 1, 0, 0, 0, 'P'),
(67, 364, 5, 1, 0, 0, 0, 'P'),
(68, 316, 5, 1, 0, 0, 0, 'P'),
(69, 365, 5, 1, 0, 0, 0, 'P'),
(70, 366, 5, 1, 0, 0, 0, 'P'),
(71, 312, 5, 1, 0, 0, 0, 'P'),
(72, 367, 5, 1, 0, 0, 0, 'P'),
(73, 314, 5, 1, 0, 0, 0, 'P'),
(74, 315, 5, 1, 0, 0, 0, 'P'),
(75, 347, 6, 1, 0, 0, 0, 'P'),
(76, 348, 6, 1, 0, 0, 0, 'P'),
(77, 349, 6, 1, 0, 0, 0, 'P'),
(78, 350, 6, 1, 0, 0, 0, 'P'),
(79, 351, 6, 1, 0, 0, 0, 'P'),
(80, 352, 6, 1, 0, 0, 0, 'P'),
(81, 353, 6, 1, 0, 0, 0, 'P'),
(82, 354, 6, 1, 0, 0, 0, 'P'),
(83, 355, 6, 1, 0, 0, 0, 'P'),
(84, 356, 6, 1, 0, 0, 0, 'P'),
(85, 357, 6, 1, 0, 0, 0, 'P'),
(86, 358, 6, 1, 0, 0, 0, 'P'),
(87, 359, 6, 1, 0, 0, 0, 'P'),
(88, 360, 7, 1, 0, 0, 0, 'P'),
(89, 289, 7, 1, 0, 0, 0, 'P'),
(90, 361, 7, 1, 0, 0, 0, 'P'),
(91, 293, 7, 1, 0, 0, 0, 'P'),
(92, 319, 7, 1, 0, 0, 0, 'P'),
(93, 282, 7, 1, 0, 0, 0, 'P'),
(94, 283, 7, 1, 0, 0, 0, 'P'),
(95, 321, 7, 1, 0, 0, 0, 'P'),
(96, 301, 7, 1, 0, 0, 0, 'P'),
(97, 290, 7, 1, 0, 0, 0, 'P'),
(98, 360, 8, 1, 0, 0, 0, 'P'),
(99, 289, 8, 1, 0, 0, 0, 'P'),
(100, 361, 8, 1, 0, 0, 0, 'P'),
(101, 293, 8, 1, 0, 0, 0, 'P'),
(102, 319, 8, 1, 0, 0, 0, 'P'),
(103, 282, 8, 1, 0, 0, 0, 'P'),
(104, 283, 8, 1, 0, 0, 0, 'P'),
(105, 321, 8, 1, 0, 0, 0, 'P'),
(106, 301, 8, 1, 0, 0, 0, 'P'),
(107, 290, 8, 1, 0, 0, 0, 'P'),
(108, 322, 9, 1, 0, 0, 0, 'P'),
(109, 309, 9, 1, 0, 0, 0, 'P'),
(110, 310, 9, 1, 0, 0, 0, 'P'),
(111, 311, 9, 1, 0, 0, 0, 'P'),
(112, 362, 9, 0, 1, 0, 0, 'A'),
(113, 291, 9, 1, 0, 0, 0, 'P'),
(114, 363, 9, 1, 0, 0, 0, 'P'),
(115, 317, 9, 1, 0, 0, 0, 'P'),
(116, 364, 9, 1, 0, 0, 0, 'P'),
(117, 316, 9, 1, 0, 0, 0, 'P'),
(118, 365, 9, 1, 0, 0, 0, 'P'),
(119, 366, 9, 1, 0, 0, 0, 'P'),
(120, 312, 9, 1, 0, 0, 0, 'P'),
(121, 367, 9, 1, 0, 0, 0, 'P'),
(122, 314, 9, 1, 0, 0, 0, 'P'),
(123, 315, 9, 1, 0, 0, 0, 'P'),
(124, 360, 10, 1, 0, 0, 0, 'P'),
(125, 289, 10, 1, 0, 0, 0, 'P'),
(126, 361, 10, 1, 0, 0, 0, 'P'),
(127, 293, 10, 1, 0, 0, 0, 'P'),
(128, 319, 10, 1, 0, 0, 0, 'P'),
(129, 282, 10, 1, 0, 0, 0, 'P'),
(130, 283, 10, 1, 0, 0, 0, 'P'),
(131, 321, 10, 1, 0, 0, 0, 'P'),
(132, 301, 10, 1, 0, 0, 0, 'P'),
(133, 290, 10, 0, 1, 0, 0, 'A'),
(134, 324, 11, 1, 0, 0, 0, 'P'),
(135, 274, 11, 1, 0, 0, 0, 'P'),
(136, 303, 11, 1, 0, 0, 0, 'P'),
(137, 304, 11, 1, 0, 0, 1, 'R'),
(138, 278, 11, 0, 1, 0, 0, 'A'),
(139, 305, 11, 1, 0, 0, 0, 'P'),
(140, 279, 11, 1, 0, 0, 0, 'P'),
(141, 326, 11, 0, 1, 0, 0, 'A'),
(142, 281, 11, 1, 0, 0, 0, 'P'),
(143, 327, 11, 1, 0, 0, 1, 'R'),
(144, 249, 11, 0, 1, 0, 0, 'A'),
(145, 328, 11, 0, 1, 0, 0, 'A'),
(146, 306, 11, 1, 0, 0, 0, 'P'),
(147, 360, 12, 1, 0, 0, 0, 'P'),
(148, 289, 12, 1, 0, 0, 0, 'P'),
(149, 361, 12, 1, 0, 0, 0, 'P'),
(150, 293, 12, 1, 0, 0, 0, 'P'),
(151, 319, 12, 1, 0, 0, 0, 'P'),
(152, 282, 12, 1, 0, 0, 0, 'P'),
(153, 283, 12, 1, 0, 0, 0, 'P'),
(154, 321, 12, 1, 0, 0, 0, 'P'),
(155, 301, 12, 1, 0, 0, 0, 'P'),
(156, 290, 12, 1, 0, 0, 0, 'P'),
(157, 322, 13, 1, 0, 0, 0, 'P'),
(158, 309, 13, 1, 0, 0, 0, 'P'),
(159, 310, 13, 1, 0, 0, 0, 'P'),
(160, 311, 13, 1, 0, 0, 0, 'P'),
(161, 362, 13, 0, 1, 0, 0, 'A'),
(162, 291, 13, 1, 0, 0, 0, 'P'),
(163, 363, 13, 1, 0, 0, 0, 'P'),
(164, 317, 13, 1, 0, 0, 0, 'P'),
(165, 364, 13, 1, 0, 0, 0, 'P'),
(166, 316, 13, 1, 0, 0, 0, 'P'),
(167, 365, 13, 1, 0, 0, 0, 'P'),
(168, 366, 13, 1, 0, 0, 0, 'P'),
(169, 312, 13, 1, 0, 0, 0, 'P'),
(170, 367, 13, 1, 0, 0, 0, 'P'),
(171, 314, 13, 1, 0, 0, 0, 'P'),
(172, 315, 13, 1, 0, 0, 0, 'P'),
(173, 360, 14, 1, 0, 0, 0, 'P'),
(174, 289, 14, 1, 0, 0, 0, 'P'),
(175, 361, 14, 1, 0, 0, 0, 'P'),
(176, 293, 14, 1, 0, 0, 0, 'P'),
(177, 319, 14, 1, 0, 0, 0, 'P'),
(178, 282, 14, 1, 0, 0, 0, 'P'),
(179, 283, 14, 1, 0, 0, 0, 'P'),
(180, 321, 14, 1, 0, 0, 0, 'P'),
(181, 301, 14, 1, 0, 0, 0, 'P'),
(182, 290, 14, 0, 1, 0, 0, 'A');

-- --------------------------------------------------------

--
-- Structure de la table `attendance_grid`
--

DROP TABLE IF EXISTS `attendance_grid`;
CREATE TABLE IF NOT EXISTS `attendance_grid` (
  `id` int(11) NOT NULL AUTO_INCREMENT,
  `teacher_id` int(11) NOT NULL,
  `course_id` int(11) DEFAULT NULL,
  `date_time` datetime NOT NULL,
  `school_hour` smallint(6) NOT NULL,
  `school_year` varchar(9) COLLATE utf8mb4_unicode_ci NOT NULL,
  `date` date NOT NULL,
  `picture` longtext COLLATE utf8mb4_unicode_ci,
  PRIMARY KEY (`id`),
  KEY `IDX_16FE044241807E1D` (`teacher_id`),
  KEY `IDX_16FE0442591CC992` (`course_id`)
) ENGINE=InnoDB AUTO_INCREMENT=15 DEFAULT CHARSET=utf8mb4 COLLATE=utf8mb4_unicode_ci;

--
-- Déchargement des données de la table `attendance_grid`
--

INSERT INTO `attendance_grid` (`id`, `teacher_id`, `course_id`, `date_time`, `school_hour`, `school_year`, `date`, `picture`) VALUES
(1, 1, 2, '2020-10-25 20:37:31', 4, '2020-2021', '2020-09-17', '2020-2021_2020-09-17_4.jpeg'),
(2, 1, 2, '2020-10-25 21:02:06', 5, '2020-2021', '2020-09-25', '2020-2021_2020-09-25_5.jpeg'),
(3, 1, 9, '2020-10-25 20:50:08', 4, '2020-2021', '2020-10-09', '2020-2021_2020-10-09_4.jpeg'),
(4, 1, 9, '2020-10-25 20:55:54', 4, '2020-2021', '2020-10-16', '2020-2021_2020-10-16_4.jpeg'),
(5, 1, 9, '2020-10-25 20:20:20', 4, '2020-2021', '2020-09-11', '2020-2021_2020-09-11_4.jpeg'),
(6, 1, 2, '2020-10-25 20:57:56', 8, '2020-2021', '2020-10-22', '2020-2021_2020-10-22_8.jpeg'),
(7, 1, 11, '2020-10-25 20:56:50', 5, '2020-2021', '2020-10-22', '2020-2021_2020-10-22_5.jpeg'),
(8, 1, 7, '2020-10-25 21:00:44', 4, '2020-2021', '2020-10-21', '2020-2021_2020-10-21_4.jpeg'),
(9, 1, 9, '2020-10-26 07:54:14', 3, '2020-2021', '2020-10-22', '2020-2021_2020-10-22_3.jpeg'),
(10, 1, 7, '2020-10-25 20:46:02', 4, '2020-2021', '2020-09-24', '2020-2021_2020-09-24_4.jpeg'),
(11, 1, 10, '2020-10-25 21:00:15', 1, '2020-2021', '2020-10-01', '2020-2021_2020-10-01_1.jpeg'),
(12, 1, 7, '2020-10-25 20:44:43', 0, '2020-2021', '2020-09-24', '2020-2021_2020-09-24_0.jpeg'),
(13, 1, 9, '2020-10-25 20:47:40', 3, '2020-2021', '2020-10-02', '2020-2021_2020-10-02_3.jpeg'),
(14, 1, 7, '2020-10-25 20:53:40', 0, '2020-2021', '2020-09-25', '2020-2021_2020-09-25_0.jpeg');

-- --------------------------------------------------------

--
-- Structure de la table `classe`
--

DROP TABLE IF EXISTS `classe`;
CREATE TABLE IF NOT EXISTS `classe` (
  `id` int(11) NOT NULL AUTO_INCREMENT,
  `name` varchar(255) COLLATE utf8mb4_unicode_ci NOT NULL,
  `description` varchar(255) COLLATE utf8mb4_unicode_ci NOT NULL,
  PRIMARY KEY (`id`)
) ENGINE=InnoDB AUTO_INCREMENT=7 DEFAULT CHARSET=utf8mb4 COLLATE=utf8mb4_unicode_ci;

--
-- Déchargement des données de la table `classe`
--

INSERT INTO `classe` (`id`, `name`, `description`) VALUES
(1, '3AV', '3 TTR Audiovisuel'),
(2, '4AV', '4 TTR Audiovisuel'),
(3, '5AV', '5 TTR Audiovisuel'),
(4, '6AV', '6 TTR Audiovisuel'),
(6, 'OLD', 'Anciens élèves');

-- --------------------------------------------------------

--
-- Structure de la table `course`
--

DROP TABLE IF EXISTS `course`;
CREATE TABLE IF NOT EXISTS `course` (
  `id` int(11) NOT NULL AUTO_INCREMENT,
  `classe_id` int(11) NOT NULL,
  `teacher_id` int(11) NOT NULL,
  `name` varchar(255) COLLATE utf8mb4_unicode_ci NOT NULL,
  `description` varchar(255) COLLATE utf8mb4_unicode_ci DEFAULT NULL,
  PRIMARY KEY (`id`),
  KEY `IDX_169E6FB98F5EA509` (`classe_id`),
  KEY `IDX_169E6FB941807E1D` (`teacher_id`)
) ENGINE=InnoDB AUTO_INCREMENT=12 DEFAULT CHARSET=utf8mb4 COLLATE=utf8mb4_unicode_ci;

--
-- Déchargement des données de la table `course`
--

INSERT INTO `course` (`id`, `classe_id`, `teacher_id`, `name`, `description`) VALUES
(1, 1, 1, '3 LABO', 'Laboratoire d\'Audiovisuel'),
(2, 1, 1, '3 TECHNO', 'Technologie'),
(3, 1, 234, '3 LABO', 'Laboratoire d\'Audiovisuel'),
(6, 2, 1, '4 LABO', 'Laboratoire d\'Audiovisuel'),
(7, 3, 1, '5 LABO', 'Laboratoire d\'Audiovisuel'),
(8, 4, 1, '6 LABO', 'Laboratoire d\'Audiovisuel'),
(9, 2, 1, '4 TECHNO', 'Technologie'),
(10, 4, 1, '6 TECHNO', 'Technologie'),
(11, 3, 1, '5 TECHNO', 'Technologie');

-- --------------------------------------------------------

--
-- Structure de la table `criterion`
--

DROP TABLE IF EXISTS `criterion`;
CREATE TABLE IF NOT EXISTS `criterion` (
  `id` int(11) NOT NULL AUTO_INCREMENT,
  `name` varchar(512) COLLATE utf8mb4_unicode_ci NOT NULL,
  PRIMARY KEY (`id`)
) ENGINE=InnoDB AUTO_INCREMENT=586 DEFAULT CHARSET=utf8mb4 COLLATE=utf8mb4_unicode_ci;

--
-- Déchargement des données de la table `criterion`
--

INSERT INTO `criterion` (`id`, `name`) VALUES
(1, 'Maîtrise APN'),
(2, 'Maîtrise APN'),
(3, 'Maîtrise APN'),
(4, 'Maîtrise APN'),
(5, 'Maîtrise APN'),
(6, 'Maîtrise APN'),
(7, 'Maîtrise APN'),
(8, 'Maîtrise APN'),
(9, 'Mise en lumière'),
(10, 'Mise en lumière'),
(11, 'Effets Visuels'),
(12, 'Colorimétrie'),
(13, 'Qualité technique'),
(14, 'Qualité technique'),
(15, 'cadrage, point de vue'),
(16, 'Respect des consignes'),
(17, 'Maîtrise caméra'),
(18, 'Maîtrise caméra'),
(19, 'Maîtrise caméra'),
(20, 'Maîtrise mouvements'),
(21, 'Fidèlitè du dessin'),
(22, 'Soin'),
(23, 'Maîtrise caméra'),
(24, 'Maîtrise caméra'),
(25, 'Maîtrise caméra'),
(26, 'Maîtrise mouvements'),
(27, 'Maîtrise APN'),
(28, 'créativité'),
(29, 'Qualité plastique'),
(30, 'Mise en lumière'),
(31, 'Qualité image'),
(32, 'Portrait'),
(33, 'Maîtrise caméra'),
(34, 'Maîtrise caméra'),
(35, 'Maîtrise caméra'),
(36, 'Maîtrise caméra'),
(37, 'Maîtrise caméra'),
(38, 'Maîtrise caméra'),
(39, 'cadrage, point de vue'),
(40, 'Prise son'),
(41, 'Sécurité'),
(42, 'Sécurité'),
(43, 'Sécurité'),
(44, 'Sécurité'),
(45, 'Sécurité'),
(46, 'Sécurité'),
(47, 'Sécurité'),
(48, 'Sécurité'),
(49, 'Sécurité'),
(50, 'Sécurité'),
(51, 'Mise en lumière'),
(52, 'Mise en lumière'),
(53, 'Mise en lumière'),
(54, 'Effets Visuels'),
(55, 'Colorimétrie'),
(56, 'Soin'),
(57, 'Fidèlitè du dessin'),
(58, 'Maîtrise caméra'),
(59, 'Maîtrise caméra'),
(60, 'Maîtrise caméra'),
(61, 'Maîtrise caméra'),
(62, 'Originalité'),
(63, 'Concordance fond-forme'),
(64, 'Respect des consignes'),
(65, 'Maîtrise APN'),
(66, 'Maîtrise APN'),
(67, 'Qualité plastique'),
(68, 'Mise en lumière'),
(69, 'Maîtrise caméra'),
(70, 'Maîtrise caméra'),
(71, 'Mise en lumière'),
(72, 'Mise en lumière'),
(73, 'Mise en lumière'),
(74, 'Maîtrise APN'),
(75, 'Maîtrise APN'),
(76, 'Maîtrise APN'),
(77, 'cadrage, point de vue'),
(78, 'Maîtrise caméra'),
(79, 'Maîtrise APN'),
(80, 'cadrage, point de vue'),
(81, 'cadrage, point de vue'),
(82, 'Qualité image'),
(83, 'Collaboration'),
(84, 'Qualité sonore'),
(85, 'Auto-évaluation'),
(86, 'A la manière de'),
(87, 'Maîtrise APN'),
(88, 'Maîtrise APN'),
(89, 'Maîtrise APN'),
(90, 'cadrage, point de vue'),
(91, 'Mise en lumière'),
(92, 'Maîtrise mouvements'),
(93, 'Qualité sonore'),
(94, 'Qualité sonore'),
(95, 'Qualité sonore'),
(96, 'Qualité sonore'),
(97, 'Équilibre sonore'),
(98, 'Fond/Forme'),
(99, 'Qualité lumière'),
(100, 'Maîtrise APN'),
(101, 'Qualité plastique'),
(102, 'Soin'),
(103, 'Maîtrise APN'),
(104, 'Maîtrise APN'),
(105, 'créativité'),
(106, 'Logique audiovisuelle'),
(107, 'Compréhension de la chaîne AV'),
(108, 'Documentation'),
(109, 'Prise en compte des contraintes'),
(110, 'Argumentation'),
(111, 'Utilisation du matériel'),
(112, 'Utilisation du matériel'),
(113, 'Utilisation du matériel'),
(114, 'Utilisation du matériel'),
(115, 'Utilisation du matériel'),
(116, 'Utilisation du matériel'),
(117, 'Organisation'),
(118, 'Mise en lumière'),
(119, 'Logique audiovisuelle'),
(120, 'Logique audiovisuelle'),
(121, 'Utilisation du matériel'),
(122, 'Documentation'),
(123, 'Argumentation'),
(124, 'Argumentation'),
(125, 'Reconnaître les particularités d\'un style'),
(126, 'Justifier le rapport fond-forme'),
(127, 'Comprendre les méchanismes AV'),
(128, 'Récurences formelles'),
(129, 'Etablir ses partis pris'),
(130, 'Dégager le caractère stylistique'),
(131, 'Justifier le rapport fondforme'),
(132, 'Exprimer son appréciation'),
(133, 'Documentation'),
(134, 'Vocabulaire'),
(135, 'Maîtrise APN'),
(136, 'Maîtrise APN'),
(137, 'Maîtrise APN'),
(138, 'Maîtrise APN'),
(139, 'Maîtrise APN'),
(140, 'Maîtrise APN'),
(141, 'Composition'),
(142, 'Maîtrise APN'),
(143, 'Maîtrise APN'),
(144, 'Maîtrise caméra'),
(145, 'Maîtrise caméra'),
(146, 'Maîtrise caméra'),
(147, 'Maîtrise caméra'),
(148, 'Maîtrise mouvements'),
(149, 'Maîtrise mouvements'),
(150, 'Maîtrise mouvements'),
(151, 'Maîtrise mouvements'),
(152, 'Composition'),
(153, 'Maîtrise APN'),
(154, 'Maîtrise APN'),
(155, 'créativité'),
(156, 'animation'),
(157, 'technique photographique'),
(158, 'cadrage, point de vue'),
(159, 'Infographie'),
(160, 'Mise en lumière'),
(161, 'Recherche'),
(162, 'Découpage'),
(163, 'Soin'),
(164, 'animation'),
(165, 'regard'),
(166, 'Qualité image'),
(167, 'Qualité image'),
(168, 'A la manière de'),
(169, 'A la manière de'),
(170, 'Qualité montage'),
(171, 'Respect des consignes'),
(172, 'Maîtrise APN'),
(173, 'Recherche'),
(174, 'cadrage, point de vue'),
(175, 'Maîtrise APN'),
(176, 'Maîtrise APN'),
(177, 'cadrage, point de vue'),
(178, 'Maîtrise APN'),
(179, 'Respect des consignes'),
(180, 'Recherche'),
(181, 'Composition'),
(182, 'Documentation'),
(183, 'A la manière de'),
(184, 'Documentation'),
(185, 'Composition'),
(186, 'Maîtrise APN'),
(187, 'cadrage, point de vue'),
(188, 'Maîtrise APN'),
(189, 'Respect des consignes'),
(190, 'Recherche'),
(191, 'Soin'),
(192, 'Contenu'),
(193, 'Recherche'),
(194, 'Maîtrise APN'),
(195, 'cadrage, point de vue'),
(196, 'Maîtrise APN'),
(197, 'Respect des consignes'),
(198, 'Recherche'),
(199, 'Soin'),
(200, 'Colorimétrie'),
(201, 'Maîtrise APN'),
(202, 'Maîtrise APN'),
(203, 'Mise en lumière'),
(204, 'Mise en lumière'),
(205, 'Qualité infographique'),
(206, 'Qualité image'),
(207, 'Composition'),
(208, 'Fond/Forme'),
(209, 'Qualité technique'),
(210, 'Qualité technique'),
(211, 'Qualité technique'),
(212, 'Mise en lumière'),
(213, 'Effets Visuels'),
(214, 'Colorimétrie'),
(215, 'Mise en lumière'),
(216, 'cadrage, point de vue'),
(217, 'Maîtrise APN'),
(218, 'A la manière de'),
(219, 'Technique'),
(220, 'Qualité lumière'),
(221, 'Qualité image'),
(222, 'Comprendre les méchanismes AV'),
(223, 'Compréhension de la chaîne AV'),
(224, 'Respect des consignes'),
(225, 'Respect des consignes'),
(226, 'créativité'),
(227, 'Qualité image'),
(228, 'Préparation session'),
(229, 'Recherche'),
(230, 'cadrage, point de vue'),
(231, 'Etalonnage'),
(232, 'Mise en lumière'),
(233, 'Utilisation du matériel'),
(234, 'Maîtrise APN'),
(235, 'Maîtrise APN'),
(236, 'A la manière de'),
(237, 'A la manière de'),
(238, 'A la manière de'),
(239, 'Soin'),
(240, 'Mixage'),
(241, 'Mixage'),
(242, 'Concordance fond-forme'),
(243, 'cadrage, point de vue'),
(244, 'Maîtrise caméra'),
(245, 'Maîtrise caméra'),
(246, 'Colorimétrie'),
(247, 'En cours'),
(248, 'Qualité plastique'),
(249, 'Qualité lumière'),
(250, 'Qualité image'),
(251, 'Portrait'),
(252, 'Maîtrise APN'),
(253, 'Créativité'),
(254, 'Maîtrise APN'),
(255, 'A la manière de'),
(256, 'Maîtrise APN'),
(257, 'Cadrage'),
(258, 'A la manière de'),
(259, 'Maîtrise APN'),
(260, 'En cours'),
(261, 'Comprendre les méchanismes AV'),
(262, 'Sécurité'),
(263, 'Maîtrise APN'),
(264, 'Maîtrise APN'),
(265, 'Qualité plastique'),
(266, 'Mise en lumière'),
(267, 'Maîtrise APN'),
(268, 'Maîtrise APN'),
(269, 'Maîtrise APN'),
(270, 'Maîtrise APN'),
(271, 'Maîtrise APN'),
(272, 'Maîtrise APN'),
(273, 'Maîtrise APN'),
(274, 'Maîtrise APN'),
(275, 'Maîtrise APN'),
(276, 'Sécurité'),
(277, 'Sécurité'),
(278, 'Sécurité'),
(279, 'Sécurité'),
(280, 'Sécurité'),
(281, 'Sécurité'),
(282, 'Sécurité'),
(283, 'Sécurité'),
(284, 'Sécurité'),
(285, 'Sécurité'),
(286, 'En cours'),
(287, 'Maîtrise APN'),
(288, 'Originalité'),
(289, 'Argumentation'),
(290, 'Maîtrise APN'),
(291, 'Comprendre les méchanismes AV'),
(292, 'Plan de feux'),
(293, 'travelling'),
(294, 'Maîtrise APN'),
(295, 'Composition'),
(296, 'Mise en lumière'),
(297, 'Perspective'),
(298, 'Soin'),
(299, 'Mixage'),
(300, 'Maîtrise APN'),
(301, 'Maîtrise APN'),
(302, 'Maîtrise APN'),
(303, 'Maîtrise APN'),
(304, 'Maîtrise APN'),
(305, 'Maîtrise APN'),
(306, 'Maîtrise APN'),
(307, 'Maîtrise APN'),
(308, 'Composition'),
(309, 'Maîtrise caméra'),
(310, 'Maîtrise caméra'),
(311, 'Maîtrise caméra'),
(312, 'Composition'),
(313, 'Champ/contre-champ'),
(314, 'Champ/contre-champ'),
(315, 'Montage'),
(316, 'Logique audiovisuelle'),
(317, 'Logique audiovisuelle'),
(318, 'Utilisation du matériel'),
(319, 'Utilisation du matériel'),
(320, 'Utilisation du matériel'),
(321, 'Utilisation du matériel'),
(322, 'Utilisation du matériel'),
(323, 'Utilisation du matériel'),
(324, 'Organisation'),
(325, 'Mise en lumière'),
(326, 'Maîtrise APN'),
(327, 'Maîtrise APN'),
(328, 'Soin'),
(329, 'Colorimétrie'),
(330, 'Démarche'),
(331, 'Fidèlitè du dessin'),
(332, 'Fidèlitè du dessin'),
(333, 'regard'),
(334, 'Mise en lumière'),
(335, 'Mise en lumière'),
(336, 'Mise en lumière'),
(337, 'Soin'),
(338, 'Maîtrise APN'),
(339, 'Maîtrise APN'),
(340, 'créativité'),
(341, 'Qualité infographique'),
(342, 'Qualité plastique'),
(343, 'Etalonnage'),
(344, 'Soin'),
(345, 'créativité'),
(346, 'Maîtrise APN'),
(347, 'Maîtrise APN'),
(348, 'Maîtrise APN'),
(349, 'Maîtrise APN'),
(350, 'Maîtrise APN'),
(351, 'Maîtrise APN'),
(352, 'Maîtrise APN'),
(353, 'Maîtrise APN'),
(354, 'Composition'),
(355, 'Sécurité'),
(356, 'Sécurité'),
(357, 'Sécurité'),
(358, 'Sécurité'),
(359, 'Sécurité'),
(360, 'Sécurité'),
(361, 'Sécurité'),
(362, 'Sécurité'),
(363, 'Sécurité'),
(364, 'Sécurité'),
(365, 'Mixage'),
(366, 'Maîtrise APN'),
(367, 'cadrage, point de vue'),
(368, 'Maîtrise APN'),
(369, 'Respect des consignes'),
(370, 'Recherche'),
(371, 'Mixage'),
(372, 'Mixage'),
(373, 'Mixage'),
(374, 'Maîtrise APN'),
(375, 'Maîtrise APN'),
(376, 'cadrage, point de vue'),
(377, 'Maîtrise APN'),
(378, 'Respect des consignes'),
(379, 'Recherche'),
(380, 'Etalonnage'),
(381, 'Etalonnage'),
(382, 'Colorimétrie'),
(383, 'Mixage'),
(384, 'Mixage'),
(385, 'Mixage'),
(386, 'Synchro'),
(387, 'Maîtrise APN'),
(388, 'Montage'),
(389, 'Donner du sens'),
(390, 'Mixage'),
(391, 'Maîtrise APN'),
(392, 'cadrage, point de vue'),
(393, 'Maîtrise APN'),
(394, 'Respect des consignes'),
(395, 'Recherche'),
(396, 'Qualité technique'),
(397, 'Qualité sonore'),
(398, 'Mixage'),
(399, 'Respect des consignes'),
(400, 'Mixage'),
(401, 'Mixage'),
(402, 'Narration'),
(403, 'Auto-évaluation'),
(404, 'Auto-évaluation'),
(405, 'Travail en équipe'),
(406, 'Autonomie'),
(407, 'Autonomie'),
(408, 'Auto-évaluation'),
(409, 'Auto-évaluation'),
(410, 'Auto-évaluation'),
(411, 'Auto-évaluation'),
(412, 'Qualité sonore'),
(413, 'Mixage'),
(414, 'Mixage'),
(415, 'Narration'),
(416, 'Qualité image'),
(417, 'Mise en lumière'),
(418, 'Mise en lumière'),
(419, 'Composition'),
(420, 'Qualité image'),
(421, 'Recherche'),
(422, 'Soin'),
(423, 'Maîtrise APN'),
(424, 'Qualité lumière'),
(425, 'Qualité plastique'),
(426, 'Composition'),
(427, 'Qualité image'),
(428, 'Maîtrise audio'),
(429, 'Maîtrise audio'),
(430, 'Maîtrise audio'),
(431, 'Maîtrise audio'),
(432, 'Maîtrise audio'),
(433, 'Maîtrise audio'),
(434, 'Maîtrise audio'),
(435, 'Maîtrise audio'),
(436, 'Maîtrise audio'),
(437, 'Maîtrise audio'),
(438, 'Maîtrise audio'),
(439, 'Mise en lumière'),
(440, 'Utilisation du matériel'),
(441, 'Maîtrise APN'),
(442, 'Maîtrise APN'),
(443, 'A la manière de'),
(444, 'A la manière de'),
(445, 'A la manière de'),
(446, 'Mise en lumière'),
(447, 'Utilisation du matériel'),
(448, 'Maîtrise APN'),
(449, 'Maîtrise APN'),
(450, 'A la manière de'),
(451, 'A la manière de'),
(452, 'A la manière de'),
(453, 'Maîtrise APN'),
(454, 'Expression'),
(455, 'cadrage, point de vue'),
(456, 'Composition'),
(457, 'Maîtrise caméra'),
(458, 'cadrage, point de vue'),
(459, 'Mise en lumière'),
(460, 'cadrage, point de vue'),
(461, 'Maîtrise caméra'),
(462, 'Maîtrise caméra'),
(463, 'Maîtrise caméra'),
(464, 'Mise en lumière'),
(465, 'Mise en lumière'),
(466, 'Maîtrise caméra'),
(467, 'Maîtrise caméra'),
(468, 'cadrage, point de vue'),
(469, 'Mise en lumière'),
(470, 'Composition'),
(471, 'Maîtrise caméra'),
(472, 'cadrage, point de vue'),
(473, 'Mise en lumière'),
(474, 'utilisation du logiciel'),
(475, 'Composition'),
(476, 'Maîtrise APN'),
(477, 'Maîtrise APN'),
(478, 'Qualité plastique'),
(479, 'Logique audiovisuelle'),
(480, 'Logique audiovisuelle'),
(481, 'Utilisation du matériel'),
(482, 'Utilisation du matériel'),
(483, 'Utilisation du matériel'),
(484, 'Utilisation du matériel'),
(485, 'Utilisation du matériel'),
(486, 'Utilisation du matériel'),
(487, 'Organisation'),
(488, 'Mise en lumière'),
(489, 'Maîtrise APN'),
(490, 'Maîtrise APN'),
(491, 'Maîtrise APN'),
(492, 'Maîtrise APN'),
(493, 'Maîtrise APN'),
(494, 'Maîtrise APN'),
(495, 'Maîtrise APN'),
(496, 'Maîtrise APN'),
(497, 'Maîtrise APN'),
(498, 'Maîtrise APN'),
(499, 'Maîtrise APN'),
(500, 'Composition'),
(501, 'Maîtrise APN'),
(502, 'Maîtrise caméra'),
(503, 'Maîtrise caméra'),
(504, 'Maîtrise caméra'),
(505, 'Champ/contre-champ'),
(506, 'Champ/contre-champ'),
(507, 'Montage'),
(508, 'Maîtrise caméra'),
(509, 'Maîtrise caméra'),
(510, 'Maîtrise caméra'),
(511, 'Champ/contre-champ'),
(512, 'Champ/contre-champ'),
(513, 'Montage'),
(514, 'Maîtrise caméra'),
(515, 'Maîtrise caméra'),
(516, 'Maîtrise caméra'),
(517, 'Maîtrise caméra'),
(518, 'Maîtrise caméra'),
(519, 'Composition'),
(520, 'A la manière de'),
(521, 'Maîtrise APN'),
(522, 'Maîtrise APN'),
(523, 'Mise en lumière'),
(524, 'Maîtrise APN'),
(525, 'Maîtrise APN'),
(526, 'Qualité image'),
(527, 'Collaboration'),
(528, 'Qualité sonore'),
(529, 'Qualité image'),
(530, 'Collaboration'),
(531, 'Effets spéciaux'),
(532, 'Qualité image'),
(533, 'Collaboration'),
(534, 'Qualité sonore'),
(535, 'Qualité image'),
(536, 'Collaboration'),
(537, 'Qualité sonore'),
(538, 'Effets Visuels'),
(539, 'Mise en scène'),
(540, 'Maîtrise APNt'),
(541, 'Maîtrise APN'),
(542, 'Maîtrise APN'),
(543, 'cadrage, point de vue'),
(544, 'Maîtrise APN'),
(545, 'Respect des consignes'),
(546, 'Recherche'),
(547, 'exploitation'),
(548, 'Maîtrise APN'),
(549, 'cadrage, point de vue'),
(550, 'Maîtrise APN'),
(551, 'Respect des consignes'),
(552, 'Recherche'),
(553, 'Maîtrise APN'),
(554, 'cadrage, point de vue'),
(555, 'Maîtrise APN'),
(556, 'Respect des consignes'),
(557, 'Recherche'),
(558, 'Maîtrise APN'),
(559, 'cadrage, point de vue'),
(560, 'Maîtrise APN'),
(561, 'Respect des consignes'),
(562, 'Recherche'),
(563, 'Mixage'),
(564, 'Mixage'),
(565, 'Mixage'),
(566, 'Mixage'),
(567, 'Respect des consignes'),
(568, 'Respect des consignes'),
(569, 'Qualité image'),
(570, 'Participation'),
(571, 'Auto-évaluation'),
(572, 'Auto-évaluation'),
(573, 'Effets Visuels'),
(574, 'Effets spéciaux'),
(575, 'Qualité infographique'),
(576, 'Qualité plastique'),
(577, 'Découpage'),
(579, 'Connaissances'),
(580, 'Connaissances'),
(581, 'Compréhension'),
(584, 'Connaissances'),
(585, 'Compréhension');

-- --------------------------------------------------------

--
-- Structure de la table `doctrine_migration_versions`
--

DROP TABLE IF EXISTS `doctrine_migration_versions`;
CREATE TABLE IF NOT EXISTS `doctrine_migration_versions` (
  `version` varchar(191) COLLATE utf8_unicode_ci NOT NULL,
  `executed_at` datetime DEFAULT NULL,
  `execution_time` int(11) DEFAULT NULL,
  PRIMARY KEY (`version`)
) ENGINE=InnoDB DEFAULT CHARSET=utf8 COLLATE=utf8_unicode_ci;

--
-- Déchargement des données de la table `doctrine_migration_versions`
--

INSERT INTO `doctrine_migration_versions` (`version`, `executed_at`, `execution_time`) VALUES
('DoctrineMigrations\\Version20200910153612', '2020-09-10 15:37:54', 1347),
('DoctrineMigrations\\Version20200910154134', '2020-09-10 15:41:38', 150),
('DoctrineMigrations\\Version20200910160000', '2020-09-10 16:00:39', 71),
('DoctrineMigrations\\Version20200910160905', '2020-09-10 16:09:25', 301),
('DoctrineMigrations\\Version20200910161701', '2020-09-10 16:17:04', 165),
('DoctrineMigrations\\Version20200910181202', '2020-09-10 18:12:28', 153),
('DoctrineMigrations\\Version20200910181459', '2020-09-10 18:15:51', 95),
('DoctrineMigrations\\Version20200914170853', NULL, NULL),
('DoctrineMigrations\\Version20200914171044', '2020-09-14 17:12:58', 59),
('DoctrineMigrations\\Version20200915173432', '2020-09-15 17:34:59', 309),
('DoctrineMigrations\\Version20200916142136', '2020-09-16 14:22:32', 266),
('DoctrineMigrations\\Version20200922083843', '2020-09-22 08:56:24', 17),
('DoctrineMigrations\\Version20200922085600', '2020-09-22 08:56:25', 138),
('DoctrineMigrations\\Version20200922090241', '2020-09-22 09:03:04', 74),
('DoctrineMigrations\\Version20200922090730', '2020-09-22 09:07:50', 85),
('DoctrineMigrations\\Version20200926102251', '2020-09-26 10:23:43', 791),
('DoctrineMigrations\\Version20200926161639', '2020-09-26 10:23:43', 791),
('DoctrineMigrations\\Version20200926194023', '2020-09-26 10:23:43', 791),
('DoctrineMigrations\\Version20200927152850', '2020-09-27 15:31:39', 227),
('DoctrineMigrations\\Version20200929093449', '2020-09-29 09:36:40', 879),
('DoctrineMigrations\\Version20200929093906', '2020-09-29 09:39:30', 72),
('DoctrineMigrations\\Version20200929100251', '2020-09-29 10:04:04', 18),
('DoctrineMigrations\\Version20200929100329', '2020-09-29 10:04:04', 59),
('DoctrineMigrations\\Version20200929155418', '2020-09-29 15:56:13', 614),
('DoctrineMigrations\\Version20200929155551', '2020-09-29 15:56:14', 1),
('DoctrineMigrations\\Version20200929161842', '2020-09-29 16:19:51', 70),
('DoctrineMigrations\\Version20200929165105', '2020-09-29 16:51:18', 84),
('DoctrineMigrations\\Version20201003085757', '2020-10-07 13:28:10', 841),
('DoctrineMigrations\\Version20201007132728', '2020-10-07 13:30:01', 91),
('DoctrineMigrations\\Version20201007151020', '2020-10-07 15:10:44', 96),
('DoctrineMigrations\\Version20201013191556', '2020-10-13 19:16:23', 645);

-- --------------------------------------------------------

--
-- Structure de la table `grading_system`
--

DROP TABLE IF EXISTS `grading_system`;
CREATE TABLE IF NOT EXISTS `grading_system` (
  `id` int(11) NOT NULL AUTO_INCREMENT,
  `name` varchar(255) COLLATE utf8mb4_unicode_ci NOT NULL,
  `description` varchar(255) COLLATE utf8mb4_unicode_ci NOT NULL,
  PRIMARY KEY (`id`)
) ENGINE=InnoDB AUTO_INCREMENT=4 DEFAULT CHARSET=utf8mb4 COLLATE=utf8mb4_unicode_ci;

--
-- Déchargement des données de la table `grading_system`
--

INSERT INTO `grading_system` (`id`, `name`, `description`) VALUES
(1, '3 Lettres', 'Acquis | En Acquisition | A Renforcer'),
(2, 'Points', 'Points de 1 à 10'),
(3, '4-steps', 'NA EA A M');

-- --------------------------------------------------------

--
-- Structure de la table `project`
--

DROP TABLE IF EXISTS `project`;
CREATE TABLE IF NOT EXISTS `project` (
  `id` int(11) NOT NULL AUTO_INCREMENT,
  `course_id` int(11) DEFAULT NULL,
  `teacher_id` int(11) NOT NULL,
  `assessment_type_id` int(11) NOT NULL,
  `school_year` varchar(9) COLLATE utf8mb4_unicode_ci NOT NULL,
  `instructions` longtext COLLATE utf8mb4_unicode_ci,
  `start_date` date NOT NULL,
  `hard_deadline` date NOT NULL,
  `soft_deadline` date DEFAULT NULL,
  `name` varchar(255) COLLATE utf8mb4_unicode_ci NOT NULL,
  `activated` tinyint(1) NOT NULL,
  `external` tinyint(1) NOT NULL,
  `context` longtext COLLATE utf8mb4_unicode_ci NOT NULL,
  `term_id` int(11) NOT NULL,
  `file_extension` varchar(10) COLLATE utf8mb4_unicode_ci DEFAULT NULL,
  `number_of_files` smallint(6) NOT NULL,
  `teacher_submitted` tinyint(1) NOT NULL,
  PRIMARY KEY (`id`),
  KEY `IDX_2FB3D0EE591CC992` (`course_id`),
  KEY `IDX_2FB3D0EE41807E1D` (`teacher_id`),
  KEY `IDX_2FB3D0EE6FB21D5D` (`assessment_type_id`),
  KEY `IDX_2FB3D0EEE2C35FC` (`term_id`)
) ENGINE=InnoDB AUTO_INCREMENT=237 DEFAULT CHARSET=utf8mb4 COLLATE=utf8mb4_unicode_ci;

--
-- Déchargement des données de la table `project`
--

INSERT INTO `project` (`id`, `course_id`, `teacher_id`, `assessment_type_id`, `school_year`, `instructions`, `start_date`, `hard_deadline`, `soft_deadline`, `name`, `activated`, `external`, `context`, `term_id`, `file_extension`, `number_of_files`, `teacher_submitted`) VALUES
(1, 6, 1, 1, '2015-2016', '', '2015-09-01', '2016-03-14', '2016-03-14', 'Lévitations', 1, 0, 'Pas de mise en situation', 3, 'jpg', 1, 0),
(2, 6, 1, 1, '2015-2016', '', '2015-09-01', '2016-03-14', '2016-03-14', 'Clônes vidéo', 1, 0, 'Pas de mise en situation', 3, 'mp4', 1, 0),
(3, 6, 1, 1, '2015-2016', '', '2015-09-01', '2016-03-14', '2016-03-14', 'Bruitage du stopmotion', 1, 0, 'Pas de mise en situation', 3, 'mp4', 1, 0),
(4, 6, 1, 1, '2015-2016', '', '2015-09-01', '2016-02-15', '2016-02-15', 'Stopmotion', 1, 0, 'Pas de mise en situation', 3, 'mp4', 1, 0),
(5, 6, 1, 1, '2015-2016', '', '2015-09-01', '2016-02-15', '2016-02-15', 'Anonyme', 1, 0, 'Pas de mise en situation', 3, 'mp4', 1, 0),
(6, 6, 1, 1, '2015-2016', '', '2015-09-01', '2016-02-15', '2016-02-15', 'Produit majesté', 1, 0, 'Pas de mise en situation', 3, 'jpg', 1, 0),
(7, 1, 1, 1, '2015-2016', '', '2015-09-01', '2016-03-03', '2016-03-03', 'Les flous', 1, 0, 'Pas de mise en situation', 3, 'jpg', 5, 0),
(8, 1, 1, 1, '2015-2016', '', '2015-09-01', '2016-03-10', '2016-03-10', 'L abcdaire', 1, 0, 'Pas de mise en situation', 3, 'jpg', 1, 0),
(9, 1, 1, 1, '2015-2016', '', '2015-09-01', '2016-06-10', '2016-06-10', 'Ambiance d éclairage', 1, 0, 'Pas de mise en situation', 4, 'jpg', 2, 0),
(10, 1, 1, 1, '2015-2016', '', '2015-09-01', '2016-06-10', '2016-06-10', '1 mot = 1 éclairage', 1, 0, 'Pas de mise en situation', 4, 'jpg', 1, 0),
(11, 7, 1, 1, '2015-2016', '', '2015-09-01', '2016-05-31', '2016-05-31', 'Le 22 mars 2016', 1, 0, 'Pas de mise en situation', 4, 'mp4', 1, 0),
(15, 6, 1, 1, '2015-2016', '', '2015-09-01', '2016-06-10', '2016-06-10', 'Musicless Video', 1, 0, 'Pas de mise en situation', 4, 'mp4', 1, 0),
(16, 8, 1, 1, '2015-2016', '', '2015-09-01', '2016-06-10', '2016-06-10', 'The Twilight Zone', 1, 0, 'Pas de mise en situation', 4, 'mp4', 1, 0),
(17, 7, 1, 1, '2015-2016', '', '2015-09-01', '2016-06-14', '2016-06-14', 'Les clônes', 1, 0, 'Pas de mise en situation', 5, 'mp4', 1, 0),
(19, 1, 1, 1, '2015-2016', '', '2015-09-01', '2016-06-10', '2016-06-10', 'Défis techniques 1', 1, 0, 'Pas de mise en situation', 4, 'jpg', 1, 0),
(24, 7, 1, 2, '2015-2016', '', '2015-09-01', '2016-06-08', '2016-06-08', 'Next Generation, please!', 1, 0, 'Pas de mise en situation', 4, '', 1, 0),
(25, 7, 1, 1, '2015-2016', '', '2015-09-01', '2016-04-04', '2016-04-04', 'La lumière en vidéo', 1, 0, 'Pas de mise en situation', 4, '', 1, 0),
(26, 1, 1, 1, '2015-2016', '', '2015-09-01', '2016-06-10', '2016-06-10', 'Défis techniques 2', 1, 0, 'Pas de mise en situation', 4, 'jpg', 1, 0),
(27, 1, 1, 1, '2015-2016', '', '2015-09-01', '2016-06-10', '2016-06-10', 'Défis techniques 3', 1, 0, 'Pas de mise en situation', 4, 'jpg', 1, 0),
(28, 1, 1, 1, '2015-2016', '', '2015-09-01', '2016-06-10', '2016-06-10', 'Dans les bois', 1, 0, 'Pas de mise en situation', 4, 'jpg', 3, 0),
(29, 1, 1, 1, '2015-2016', '', '2015-09-01', '2016-06-10', '2016-06-10', 'Silhouettes / Rasant', 1, 0, 'Pas de mise en situation', 4, 'jpg', 3, 0),
(30, 1, 1, 1, '2015-2016', '', '2015-09-01', '2016-06-17', '2016-06-17', 'À la manière de Eszter Burghardt', 1, 0, 'Pas de mise en situation', 5, 'jpg', 1, 0),
(31, 1, 1, 1, '2016-2017', '<p>Dans un endroit tr&egrave;s sombre, installez l&rsquo;appareil photo sur un tr&eacute;pied et r&eacute;alisez:</p>\r\n<ul>\r\n<li>une intervention lightpainting cr&eacute;ative qui a un aspect 3D.</li>\r\n<li>une photo dans laquelle se trouve une personne &eacute;clair&eacute;e en interaction avec une intervention cr&eacute;ative en lightpainting.</li>\r\n</ul>\r\n<h4>R&eacute;glage de l&rsquo;appareil photo</h4>\r\n<ol>\r\n<li>R&eacute;glez l&rsquo;appareil en mode manuel (M).</li>\r\n<li>Tournez la roulette de s&eacute;lection de vitesse jusqu&rsquo;&agrave; ce que le mode BULB apparaisse.</li>\r\n<li>Faites le point sur votre sujet.</li>\r\n<li>Appuyez et laissez le d&eacute;clencheur enfonc&eacute;.</li>\r\n<li>Demandez &agrave; votre assistant d&rsquo;effectuer de d&eacute;placer une source lumineuse dirig&eacute;e vers l&rsquo;appareil photo.</li>\r\n<li>L&acirc;chez le d&eacute;clencheur quand le mouvement est termin&eacute;.</li>\r\n</ol>\r\n<h4>Pistes de mouvements &agrave; effectuer</h4>\r\n<p>Mouvements lents, rapides, en faisant des arr&ecirc;ts, clignotants, avec des g&eacute;latines, en utilisant le flash...</p>', '2016-09-01', '2016-10-07', '2016-10-07', 'Lightpainting', 1, 0, 'Tu viens de découvrir la technique du lightpainting, tu veux l\'exploiter afin d\'épater tes amis', 1, 'jpg', 2, 0),
(32, 7, 1, 1, '2016-2017', '<p>Remettez une analyse &eacute;crite suivant scrupuleusement les points &eacute;nonc&eacute;s ci-dessous.</p>\r\n<h4>Nom du film</h4>\r\n<ul>\r\n<li>Ann&eacute;e de r&eacute;alisation</li>\r\n<li>Nom et nationalit&eacute; du r&eacute;alisateur</li>\r\n<li>Nom et nationalit&eacute; du producteur</li>\r\n<li>Genre pr&eacute;cis (indiquer si c&rsquo;est une adaptation)</li>\r\n<li>Producteur</li>\r\n</ul>\r\n<h4>Synopsis</h4>\r\n<p>R&eacute;sum&eacute; bref de l&rsquo;histoire du film</p>\r\n<h4>Th&egrave;mes abord&eacute;s dans l&rsquo;&oelig;uvre</h4>\r\n<p>Quels sont les th&egrave;mes abord&eacute;s</p>\r\n<h4>Contexte historique narratif</h4>\r\n<p>O&ugrave; se d&eacute;roule le film? &Agrave; quelle &eacute;poque?</p>\r\n<h4>Contexte biographique du r&eacute;alisateur</h4>\r\n<ul>\r\n<li>Quels genres de films sont tourn&eacute;s &agrave; l&rsquo;&eacute;poque?</li>\r\n<li>Que se passe-t-il d&rsquo;important dans le monde &agrave; cette &eacute;poque?</li>\r\n</ul>\r\n<h4>Message(s) du film</h4>\r\n<h4>R&eacute;currences</h4>\r\n<p>Quelles sont les r&eacute;currences au niveau:</p>\r\n<ul>\r\n<li>des lumi&egrave;res</li>\r\n<li>des mouvements de cam&eacute;ra</li>\r\n<li>des tailles des plans</li>\r\n<li>de la position de la cam&eacute;ra et des acteurs</li>\r\n</ul>\r\n<h4>Mise en sc&egrave;ne, direction des acteurs</h4>\r\n<ul>\r\n<li>Comment sont habill&eacute;s les personnages?</li>\r\n<li>Comment se comportent-ils en g&eacute;n&eacute;ral? (corporellement, gestuellement)</li>\r\n<li>Comment expriment-t&rsquo;il leurs &eacute;motions?</li>\r\n<li>Comment se d&eacute;placent-ils dans l&rsquo;espace</li>\r\n</ul>\r\n<h4>Technique</h4>\r\n<ul>\r\n<li>Dur&eacute;e du m&eacute;trage</li>\r\n<li>Dur&eacute;e des plans</li>\r\n<li>Format de l&rsquo;image (rapport H/L)</li>\r\n<li>Support de l&rsquo;image</li>\r\n<li>G&eacute;n&eacute;rique</li>\r\n<li>Combien de semaines au box office</li>\r\n</ul>\r\n<h4>Une citation du r&eacute;alisateur</h4>\r\n<p>Terminer l&rsquo;analyse avec une citation du r&eacute;alisateur et expliquer pourquoi vous<br />l&rsquo;avez choisie.</p>', '2016-09-01', '2016-10-17', '2016-10-17', 'Hitchcock / 1 / Analyse', 1, 0, 'Dans le cadre d’un festival du film de genre, vous êtes amenés à participer à un concours de court-métrage faisant hommage au grand réalisateur Alfred Hitchcock.', 1, 'pdf', 1, 0),
(33, 6, 1, 1, '2016-2017', '<p>Mettez vous dans la peau d&rsquo;un photographe de studio et faites le portrait d&rsquo;un de votre camarade de classe. Vous dirigerez votre mod&egrave;le et dirigerez de A &agrave; Z votre shooting.</p>\r\n<p>Mettez en avant un trait de caract&egrave;re et exprimez-le au travers de votre photo. Le cadrage et la lumi&egrave;re<br />devront refl&eacute;ter votre vision de la personnalit&eacute; de votre mod&egrave;le. La pose sera &eacute;galement primordiale.</p>\r\n<h4>Pistes de recherche</h4>\r\n<p>S&eacute;lection &laquo;Portrait&raquo; des exemples photo dans le r&eacute;pertoire CONSIGNES. Studio Harcourt.</p>\r\n<h4>Pistes plastiques</h4>\r\n<p>Noir et blanc, contraste, grain, format carr&eacute;, effet vintage, etc.<br />Ombre douces, dures, 3 points, motifs lumineux, contre-jours, model&eacute; du visage, etc.<br />Cadrage serr&eacute; (intimit&eacute;) ou large, profondeur de champ.<br />R&eacute;alisme, exag&eacute;ration d&rsquo;un trait de caract&egrave;re, d&rsquo;une situation.</p>', '2016-09-01', '2016-11-09', '2016-11-09', 'Portraits', 1, 0, 'Vous êtes apprenti photographe, un client vous demande de lui faire un portrait créatif, mais qui reflète à sa personnalité.', 1, 'jpg', 1, 0),
(34, 8, 1, 1, '2016-2017', '<h4>Cahier de charges</h4>\r\n<h5>Contenu</h5>\r\n<p>Choisissez 3 planches d\'une B.D.&nbsp; disponible sur le site <a href=\"http://www.bdgest.com/previews\">http://www.bdgest.com/previews</a></p>\r\n<p>L\'auteur, le nom de la BD ainsi que le nom des intervenants doivent &ecirc;tre cit&eacute; dans le g&eacute;n&eacute;rique</p>\r\n<p>L\'auditeur doit &ecirc;tre immerg&eacute; autant que possible dans l\'histoire et ce, &agrave; l\'aide de bruitages sonores pour soutenir l\'action, d\'ambiances et de musique.</p>\r\n<h5>Pistes obligatoires</h5>\r\n<ul style=\"list-style-type: circle;\">\r\n<li>Une piste par personnage</li>\r\n<li>Une piste bruitage (minimum)</li>\r\n<li>Une piste musique</li>\r\n<li>Une piste ambiance</li>\r\n</ul>\r\n<h4>Plannification</h4>\r\n<ul style=\"list-style-type: circle;\">\r\n<li>Semaine 1: Analyse d\'une nouvelle radio</li>\r\n<li>Semaine 2: Ecriture d\'une nouvelle radio (sc&eacute;nario)</li>\r\n<li>Semaine 3: Enregistrement des voix, bruitages, ambiances.</li>\r\n<li>Semaine 4: Mixage et premi&egrave;re remise</li>\r\n<li>Semaine 5: Auto-&eacute;valuation de groupe, correction et remise MASTER.</li>\r\n</ul>\r\n<h4>Exemple de r&eacute;sultat demand&eacute;</h4>\r\n<p><a href=\"http://www.franceculture.fr/emissions/fictions-le-feuilleton/les-cigares-du-pharaon-15-les-aventures-de-tintin\">Tintin: Les cigares du Pharaon, France Culture</a></p>\r\n<h4>Fichier demand&eacute;</h4>\r\n<p>Fichier MP3 st&eacute;r&eacute;o, compression &agrave; 256Kb/s</p>\r\n<p>&nbsp;</p>', '2016-09-01', '2016-11-19', '2016-11-19', 'Nouvelle radiophonique', 1, 0, 'Tu es engagé par France Culture afin de transposer sur format radiophonique une bande dessinée.', 1, 'mp3', 1, 0),
(35, 6, 1, 1, '2016-2017', '<p>Remettez:</p>\r\n<ul style=\"list-style-type: circle;\">\r\n<li>un portrait classique d\'un de vos camarades</li>\r\n<li>un portrait comportant une variante importante de l\'&eacute;clairage &agrave; 3 points.</li>\r\n</ul>', '2016-09-01', '2016-09-28', '2016-09-28', 'Portrait à 3 points', 1, 0, 'Vous venez de (re)découvrir la technique de l\'éclairage à 3 points', 1, 'jpg', 1, 0),
(36, 1, 1, 1, '2016-2017', '<ol>\r\n<li>&Agrave; l\'aide d\'un feutre noir, dessine &agrave; main lev&eacute;e sur une feuille de papier dessin A4 la silhouette (le contour) de ton mod&egrave;le, <strong>sans lever la main</strong>.</li>\r\n<li>Superpose une partie du deuxi&egrave;me mod&egrave;le sur ton dessin pr&eacute;c&eacute;dent.</li>\r\n<li>Indique sous le dessin l\'action repr&eacute;sent&eacute;e.</li>\r\n<li>Colorie, selon tes go&ucirc;ts, les petits espaces ferm&eacute;s form&eacute;s par la superposition des dessins.</li>\r\n<li>Scanne ton dessin et t&eacute;leverse le fichier sur MediaGrade.</li>\r\n</ol>\r\n<h4>Mat&eacute;riel n&eacute;cessaire</h4>\r\n<ul style=\"list-style-type: disc;\">\r\n<li>Feuille de papier dessin.</li>\r\n<li>Feutre noir.</li>\r\n<li>Crayons de couleur.</li>\r\n</ul>\r\n<h4>Objectif g&eacute;n&eacute;ral</h4>\r\n<p>Perfectionner l\'observation et le rendu, par la ligne, la valeur, la couleur, la mati&egrave;re des &eacute;l&eacute;ments de la r&eacute;alit&eacute;.</p>', '2016-09-01', '2016-09-23', '2016-09-23', 'Silhouettes dessinées', 1, 0, 'Tu souhaites te délier la main et communiquer visuellement une intention/action afin de te préparer à l\'élaboration d\'un story-board. ', 1, 'jpg', 1, 0),
(37, 1, 1, 1, '2016-2017', '<p>Remets une photographie dans laquelle tu exploites les temps de pose tr&egrave;s courts (1/200 - 1/1000 s).</p>', '2016-09-01', '2016-10-20', '2016-10-20', 'Lévitations', 1, 0, 'Tu découvres les temps de pose très courts, exploite-les afin de produire une photographie créative!', 1, 'jpg', 1, 0),
(38, 1, 1, 1, '2016-2017', '<p>R&eacute;alise la photographie qui servira de base &agrave; la mise en page de la couverture du livre.</p>\r\n<p>Les contraintes sont les suivantes:</p>\r\n<ul>\r\n<li>Format portrait (comme le livre)</li>\r\n<li>Travail en couleur OU noir et blanc</li>\r\n<li>Cadre, mise au point et exposition parfaites</li>\r\n<li>La photographie DOIT illustrer l\'histoire du livre</li>\r\n<li>La photographie DOIT donner envie de lire le livre</li>\r\n<li>Vous DEVEZpr&eacute;voir l\'espace dans lequel vous mettrez les informations teles que: Le titre, le nom de l\'auteur, l\'&eacute;diteur, etc.</li>\r\n</ul>', '2016-09-01', '2016-11-30', '2016-11-30', 'Le voleur d\'ombre', 0, 0, 'Un éditeur (ton client) te demande de réaliser la couverture du roman \"Le voleur d\'ombre\".', 1, 'jpg', 1, 0),
(39, 7, 1, 1, '2016-2017', '<p>Mettez en lumi&egrave;re deux des th&egrave;mes suivants:</p>\r\n<ul>\r\n<li>Un homme myst&eacute;rieux monte les escaliers.</li>\r\n<li>La personne a peur, reste fig&eacute;e.</li>\r\n<li>\"La r&eacute;v&eacute;lation\" (utiliser le travelling compens&eacute;).</li>\r\n<li>Un visage sort de l\'ombre.</li>\r\n</ul>\r\n<h4>Contraintes</h4>\r\n<ul>\r\n<li>Pr&eacute;sence d\'une mini histoire</li>\r\n<li>La lumi&egrave;re doit appuyer la sc&egrave;ne</li>\r\n<li>Le travail sera rendu en noir et blanc, 4/3.</li>\r\n</ul>\r\n<p>&nbsp;</p>', '2016-09-01', '2016-11-26', '2016-11-26', 'Éclairages à la manière de Hitchcock', 1, 0, 'Vous vous entraînez à devenir des maîtres de l\'éclairage expressionniste.', 1, 'mp4', 2, 0),
(40, 1, 1, 1, '2016-2017', '<p>Remets 2 photographies:</p>\r\n<ul>\r\n<li>Une avec une grande profondeur de champ</li>\r\n<li>Une avec une petite profondeur de champ</li>\r\n</ul>\r\n<p>La cr&eacute;ativit&eacute; compte pour la moiti&eacute; des points!</p>', '2016-09-01', '2016-10-28', '2016-10-28', 'La profondeur de Champ', 0, 0, 'Tu viens de découvrir la profondeur de champ. Libère ta créativité!', 1, 'jpg', 2, 0),
(41, 1, 1, 1, '2016-2017', '<ol>\r\n<li>&Agrave; l\'aide d\'un feutre noir, dessine &agrave; main lev&eacute;e sur une feuille de papier dessin A4 la silhouette (le contour) de ton mod&egrave;le, <strong>sans lever la main</strong>.</li>\r\n<li>Superpose une partie du deuxi&egrave;me mod&egrave;le sur ton dessin pr&eacute;c&eacute;dent.</li>\r\n<li>Indique sous le dessin l\'action repr&eacute;sent&eacute;e.</li>\r\n<li>Colorie, selon tes go&ucirc;ts, les petits espaces ferm&eacute;s form&eacute;s par la superposition des dessins.</li>\r\n<li>Scanne ton dessin et t&eacute;leverse le fichier sur MediaGrade.</li>\r\n</ol>\r\n<h4>Mat&eacute;riel n&eacute;cessaire</h4>\r\n<ul style=\"list-style-type: disc;\">\r\n<li>Feuille de papier dessin.</li>\r\n<li>Feutre noir.</li>\r\n<li>Crayons de couleur.</li>\r\n</ul>\r\n<h4>Objectif g&eacute;n&eacute;ral</h4>\r\n<p>Perfectionner l\'observation et le rendu, par la ligne, la valeur, la couleur, la mati&egrave;re des &eacute;l&eacute;ments de la r&eacute;alit&eacute;.</p>', '2016-09-01', '2016-11-11', '2016-11-11', 'Silhouettes dessinées II', 1, 0, 'Tu souhaites te délier la main et communiquer visuellement une intention/action afin de te préparer à l\'élaboration d\'un story-board. ', 1, 'jpg', 1, 0),
(42, 1, 1, 1, '2016-2017', '<p>&Agrave; la fa&ccedil;on du travail photographique de Philippe Ramette, r&eacute;alisez 3 photographies dans lesquelles les notions de bas et de haut sont boulevers&eacute;e. Que ce soit le personnage ou le paysage, quelque chose n&rsquo;est pas dans le bon sens...</p>\r\n<p>&laquo;Philippe Ramette, n&eacute; en 1961 &agrave; Auxerre dans l&rsquo;Yonne (France), est un artiste plasticien fran&ccedil;ais. Il vit et travaille &agrave; Paris.</p>\r\n<p>Ramette se met lui-m&ecirc;me en sc&egrave;ne dans son costume noir, il compose l&rsquo;image d&rsquo;un paysage dont il fera partie de fa&ccedil;on extravagante, et visuellement &eacute;tonnante ou renversante (au sens litt&eacute;ral). Il en produit les prises de vue en collaboration avec le photographe Marc Domage. Ces photographies ne subissent aucune retouche ou montage, car l&rsquo;artiste cherche avant tout &agrave; garder le contact avec son travail de sculpteur.&raquo;</p>', '2016-09-01', '2016-11-18', '2016-11-18', 'Sens Dessus Dessous', 1, 0, 'Le travail de Philippe Ramette vous attire au plus haut point, vous souhaitez découvrir sa technique.', 1, 'jpg', 1, 0),
(43, 1, 1, 1, '2016-2017', '<p data-canvas-width=\"342.1371572178286\">Afin de vous entra&icirc;ner &agrave; ma&icirc;triser l&rsquo;appareil photo, recr&eacute;ez artificiellement les 5 types de flou vus au cours. Aidez-vous des dispositions &agrave; prendre pour &eacute;viter ces flous pour les recr&eacute;er.</p>\r\n<p data-canvas-width=\"342.1371572178286\">Liste des flous:</p>\r\n<ol>\r\n<li data-canvas-width=\"342.1371572178286\">Flou de mise au point</li>\r\n<li data-canvas-width=\"342.1371572178286\">Flou cin&eacute;tique</li>\r\n<li data-canvas-width=\"342.1371572178286\">Flou de boug&eacute;</li>\r\n<li data-canvas-width=\"342.1371572178286\">Flou de mise au point</li>\r\n<li data-canvas-width=\"342.1371572178286\">Flou de bokeh (profondeur de champ)</li>\r\n</ol>', '2016-09-01', '2016-12-02', '2016-12-02', 'Les flous', 1, 0, 'Vous souhaitez travailler votre maîtrise technique et artistique de l\'appareil photo.', 3, 'jpg', 5, 0),
(44, 1, 1, 1, '2016-2017', '<ol>\r\n<li>Retourne ta feuille de papier blanc</li>\r\n<li>Trace 3 cadres au rapport&nbsp;16:9</li>\r\n<li>Retourne les photographies</li>\r\n<li>Dessine les contours et traits importants des photographies prises en mod&egrave;le, en oubliant ce que tu repr&eacute;sentes</li>\r\n<li>Retourne la feuille avec tes&nbsp;trois dessins.&nbsp;</li>\r\n<li>Scanne ton dessin et t&eacute;leverse le fichier sur MediaGrade.</li>\r\n</ol>\r\n<h4>Mat&eacute;riel n&eacute;cessaire</h4>\r\n<ul style=\"list-style-type: disc;\">\r\n<li>Feuille de papier dessin.</li>\r\n<li>Feutre noir.</li>\r\n</ul>\r\n<h4>Objectif g&eacute;n&eacute;ral</h4>\r\n<p>Perfectionner l\'observation et le rendu, par la ligne, la valeur, la couleur, la mati&egrave;re des &eacute;l&eacute;ments de la r&eacute;alit&eacute;.</p>', '2016-09-01', '2016-12-02', '2016-12-02', '3 actions en dessin', 1, 0, 'Et un pas de plus vers le storyboard!', 3, 'jpg', 1, 0),
(45, 6, 1, 1, '2016-2017', '', '2016-09-01', '2016-12-30', '2016-12-30', 'Produit en majesté', 1, 0, 'Produit en majesté', 3, 'jpg', 1, 0),
(46, 1, 1, 2, '2016-2017', '<ul>\r\n<li>Une grande profonderu de champ</li>\r\n<li>Une petite profondeur de champ</li>\r\n</ul>', '2016-09-01', '2016-12-14', '2016-12-14', 'Examen de laboratoire', 1, 0, 'Montre que tu es devenu un pro du mode manuel!', 2, 'jpg', 2, 0),
(47, 6, 1, 1, '2016-2017', '<h4>Organisation</h4>\r\n<p>R&eacute;partissez-vous en deux groupes &eacute;quivalents en nombre et en comp&eacute;tences.&nbsp; Un groupe travaillera sur la pixilation tandis que l\'autre sur le projet \"L&eacute;vitation\".</p>\r\n<ul>\r\n<li>Deux heures seront d&eacute;di&eacute;es &agrave; la prise de vue.</li>\r\n<li>Deux autres heures seront pr&eacute;vues pour le montage/correction de votre travail.</li>\r\n</ul>\r\n<h4>Contraintes</h4>\r\n<p>Remettez une pixilation conforme aux exigences suivantes:</p>\r\n<p><strong>1. Contraintes techniques</strong></p>\r\n<ul>\r\n<li>non sonoris&eacute;e</li>\r\n<li>entre 10 et 15 secondes</li>\r\n<li>12 images par secondes</li>\r\n<li>format .mp4 en H.264, 720p</li>\r\n</ul>\r\n<p><strong>2. Contraintes pixilation</strong></p>\r\n<ul>\r\n<li>Pr&eacute;sence d\'une l&eacute;vitation ou d\'un d&eacute;placement improbable d\'un humain</li>\r\n<li>Pr&eacute;sence d\'une disparition ou d\'une transformation</li>\r\n</ul>', '2016-09-01', '2017-03-09', '2017-03-09', 'Pixiliation', 1, 0, 'Vous avez découvert le travail de Norman McLaren et vous désirez vous essayer à sa technique de pixilation.', 3, 'mp4', 1, 0),
(48, 6, 1, 1, '2016-2017', '<p><strong>A remettre:</strong></p>\r\n<ul>\r\n<li>Une photographie avec votre mod&egrave;le sur&eacute;lev&eacute; &agrave; l\'aide d\'un tabouret ou autre.</li>\r\n<li>Une photographie du d&eacute;cors sans le mod&egrave;le (sans avoir boug&eacute; l\'appareil photo)</li>\r\n<li>Le r&eacute;sultat du montage (.jpg)</li>\r\n</ul>\r\n<p><strong>Etapes du photomontage:</strong></p>\r\n<ul>\r\n<li>Effacez le tabouret avec l\'outil masque</li>\r\n<li>Recr&eacute;ez l\'ombre port&eacute;e (calque, pinceau flou, opacit&eacute; du claque)</li>\r\n<li>Si n&eacute;cessaire, ajustez la forme de votre mod&egrave;le (point de pression du tabouret)</li>\r\n</ul>', '2016-09-01', '2017-03-09', '2017-03-09', 'Lévitations', 1, 0, 'Vous voulez en mettre plein la vue à vos amis grâce à la technique de la lévitation', 3, 'jpg', 3, 0),
(49, 1, 1, 1, '2016-2017', '<p>Donnez l&rsquo;impression d&rsquo;avoir le super pouvoir de votre choix en vous mettant en sc&egrave;ne.<br />Utilisez les diverses techniques vues au cours (l&eacute;vitation, profondeur de champ, lightpainting, etc.) pour mettre en<br />sc&egrave;ne ce pouvoir tout en le rendant cr&eacute;dible.</p>\r\n<p>Photoshop n\'est pas permis!</p>\r\n<h5>Pistes</h5>\r\n<p>Boules de feu: lightpainting.<br />Force surhumaine, voler dans les airs, t&eacute;l&eacute;kin&eacute;sie: temps de pose tr&egrave;s court.</p>', '2016-09-01', '2017-01-20', '2017-01-20', 'Super-Héro!', 1, 0, 'Vous voulez épater vos amis à l\'aide d\'une photographie de vous, spectaculaire.', 3, 'jpg', 1, 0),
(50, 1, 1, 1, '2016-2017', '', '2016-09-01', '2017-02-23', '2017-02-23', 'GIFs animés - 3D', 1, 0, 'Qui a dit qu\'il fallait des lunettes pour faire de la 3d?', 3, 'gif', 1, 0),
(51, 8, 1, 1, '2016-2017', '<p>Respectez le th&egrave;me et la contrainte suivante:</p>\r\n<ul>\r\n<li>Pr&eacute;sence obigatoire d une mise au point au premier plan puis deuxi&egrave;me plan.</li>\r\n<li>Bruitage ajout&eacute;</li>\r\n</ul>\r\n<p>&nbsp;</p>', '2016-09-01', '2017-01-21', '2017-01-21', 'Défi 1: FX / Earthquake', 1, 0, 'La faille de San Estiennas se réveille alors que vous travaillez au 69.\r\n', 3, 'mp4', 1, 0),
(52, 1, 1, 1, '2016-2017', '<div data-canvas-width=\"123.4340490797546\">Vous allez constituer des groupes de deux &eacute;l&egrave;ves (une photo diff&eacute;rente par &eacute;l&egrave;ve) qui choisiront 1 des 9 d&eacute;fis &agrave; r&eacute;aliser en 2 heures.</div>\r\n<div data-canvas-width=\"123.4340490797546\">&nbsp;</div>\r\n<div data-canvas-width=\"35.676380368098165\">Etapes:</div>\r\n<div data-canvas-width=\"139.58021472392642\">&nbsp;</div>\r\n<ol>\r\n<li data-canvas-width=\"139.58021472392642\">Effectuer les prises de vue</li>\r\n<li data-canvas-width=\"139.58021472392642\">Seulement si demand&eacute; par les consignes,, les travailler sur Photoshop</li>\r\n<li data-canvas-width=\"139.58021472392642\">Copier les photos dans le dossier MASTER correspondant.</li>\r\n</ol>\r\n<div data-canvas-width=\"430.36901840490805\">Une grande attention sera port&eacute;e sur la technique et l&rsquo;aspect artistique de votre travail (50/50).</div>', '2016-09-01', '2017-01-27', '2017-01-27', 'Défis techniques 1', 1, 0, 'Démontrez vos compétences audiovisuelles en réalisant des photographies épatantes', 3, 'jpg', 1, 0),
(53, 8, 1, 1, '2016-2017', '<p>R&eacute;alisez la sc&egrave;ne d&eacute;crite en un plan et de mani&egrave;re r&eacute;aliste (donc avec lumi&egrave;re et bruitages).</p>\r\n<p>La qualit&eacute; de l\'image sera tr&egrave;s grande.</p>\r\n<p>L\'auto-&eacute;valuation est c&ocirc;t&eacute;e (5 points).</p>\r\n<p>Avant de commencer, posez-vous les questions suivantes:</p>\r\n<ol>\r\n<li>O&ugrave; tourner la sc&egrave;ne?</li>\r\n<li>Quelle sont les sources de lumi&egrave;re hypoth&eacute;tiques dans la sc&egrave;ne? (orientation, qualit&eacute;)</li>\r\n<li>De quelle couleur sera l\'ambiance? Les &eacute;clairs? (g&eacute;latines)</li>\r\n<li>Comment r&eacute;aliser les &eacute;clairs et les rendre r&eacute;alistes? (bruitage, dur&eacute;e)</li>\r\n</ol>\r\n<p>&nbsp;</p>\r\n<p>Exemples de sc&egrave;nes:</p>\r\n<ul>\r\n<li><iframe src=\"//www.youtube.com/embed/XfV7i4R71A4\" width=\"560\" height=\"314\" allowfullscreen=\"allowfullscreen\"></iframe></li>\r\n<li><iframe src=\"//www.youtube.com/embed/58KXLPE7M_s\" width=\"560\" height=\"314\" allowfullscreen=\"allowfullscreen\"></iframe></li>\r\n</ul>', '2016-09-01', '2017-03-10', '2017-03-10', 'Défi 2: Lumière / Thunderstorm', 1, 0, 'Votre personnage est dans son bureau la nuit, la ville n\'a plus de courant, un orage éclate... ', 3, 'mp4', 1, 0),
(54, 1, 1, 1, '2016-2017', '<div data-canvas-width=\"123.4340490797546\">Vous allez constituer des groupes de deux &eacute;l&egrave;ves (une photo diff&eacute;rente par &eacute;l&egrave;ve) qui choisiront 1 des 9 d&eacute;fis &agrave; r&eacute;aliser en 2 heures.</div>\r\n<div data-canvas-width=\"123.4340490797546\">&nbsp;</div>\r\n<div data-canvas-width=\"35.676380368098165\">Etapes:</div>\r\n<div data-canvas-width=\"139.58021472392642\">&nbsp;</div>\r\n<ol>\r\n<li data-canvas-width=\"139.58021472392642\">Effectuer les prises de vue</li>\r\n<li data-canvas-width=\"139.58021472392642\">Seulement si demand&eacute; par les consignes,, les travailler sur Photoshop</li>\r\n<li data-canvas-width=\"139.58021472392642\">Copier les photos dans le dossier MASTER correspondant.</li>\r\n</ol>\r\n<div data-canvas-width=\"430.36901840490805\">Une grande attention sera port&eacute;e sur la technique et l&rsquo;aspect artistique de votre travail (50/50).</div>', '2016-09-01', '2017-02-23', '2017-02-23', 'Défis techniques 2', 1, 0, 'Démontrez vos compétences audiovisuelles en réalisant des photographies épatantes!', 3, 'jpg', 1, 0),
(55, 7, 1, 1, '2016-2017', '<p>&Agrave; la mani&egrave;re du grand Sergio Leone, r&eacute;alisez un duel audiovisuel.</p>', '2016-09-01', '2017-03-09', '2017-03-09', 'Duel audiovisuel', 1, 0, 'Vous voulez vous appropier la grammaire d\'un grand réalisateur', 3, 'mp4', 1, 0),
(56, 1, 1, 1, '2016-2017', '<div data-canvas-width=\"123.4340490797546\">Vous allez constituer des groupes de deux &eacute;l&egrave;ves (une photo diff&eacute;rente par &eacute;l&egrave;ve) qui choisiront 1 des 9 d&eacute;fis &agrave; r&eacute;aliser en 2 heures.</div>\r\n<div data-canvas-width=\"123.4340490797546\">&nbsp;</div>\r\n<div data-canvas-width=\"35.676380368098165\">Etapes:</div>\r\n<div data-canvas-width=\"139.58021472392642\">&nbsp;</div>\r\n<ol>\r\n<li data-canvas-width=\"139.58021472392642\">Effectuer les prises de vue</li>\r\n<li data-canvas-width=\"139.58021472392642\">Seulement si demand&eacute; par les consignes,, les travailler sur Photoshop</li>\r\n<li data-canvas-width=\"139.58021472392642\">Copier les photos dans le dossier MASTER correspondant.</li>\r\n</ol>\r\n<div data-canvas-width=\"430.36901840490805\">Une grande attention sera port&eacute;e sur la technique et l&rsquo;aspect artistique de votre travail (50/50).</div>', '2016-09-01', '2017-02-23', '2017-02-23', 'Défis techniques 3', 1, 0, 'Démontrez vos compétences audiovisuelles en réalisant des photographies épatantes!', 3, 'jpg', 1, 0),
(57, 8, 1, 1, '2016-2017', '<p>R&eacute;alisez une sc&egrave;ne dans laquelle deux personnages se regardent en champ contre-champ.</p>\r\n<p>Montez cette sc&egrave;ne et, uniquement en changeant la musique, d&eacute;clinez-la en 3 versions:</p>\r\n<p>&bull; Sc&egrave;ne dramatique (version pro: avec traitement de l&rsquo;image).<br />&bull; Sc&egrave;ne romantique (version pro: avec traitement de l&rsquo;image).<br />&bull; Sc&egrave;ne d&rsquo;action (version pro: avec traitement de l&rsquo;image).</p>\r\n<p>L\'auto-&eacute;valuation est c&ocirc;t&eacute;e (5 points).</p>\r\n<p>Petite explication sur la musique au cin&eacute;ma:</p>\r\n<p><iframe src=\"//www.youtube.com/embed/erQVzr1Xbko\" width=\"560\" height=\"314\" allowfullscreen=\"allowfullscreen\"></iframe></p>', '2016-09-01', '2017-02-10', '2017-02-10', 'Défi 3 / La musique de film', 1, 0, 'Un mini projet en 100 minutes pour apprendre à utiliser la musique de film.', 3, 'mp4', 1, 0),
(58, 1, 1, 1, '2016-2017', '<p>Choisissez 2 photographies parmi les exemples propos&eacute;s (Z:\\CONSIGNES_HELIN\\3_AV\\portraits) et recopiez de la mani&egrave;re la plus exacte la couleur, le cadrage, la pose et la lumi&egrave;re utilis&eacute;s.</p>', '2016-09-01', '2017-04-20', '2017-04-20', 'Portraits lumineux', 0, 0, 'Vous vous entraînez à utiliser au mieux les possibilités de l\'éclairage de studio', 4, 'jpg', 2, 0),
(59, 6, 1, 1, '2016-2017', '<p>Remettez vos projets de videomapping, &agrave; l\'&eacute;tat d\'&eacute;bauche ou finalis&eacute;s.</p>\r\n<p>&nbsp;</p>', '2016-09-01', '2017-05-05', '2017-05-05', 'Videomapping, avant-projets', 0, 0, 'Bientôt les portes ouvertes! Comment les imaginez-vous?', 4, 'mp4', 1, 0),
(60, 6, 1, 1, '2016-2017', '<p>Remets un tableau&nbsp;dans lequel tu auras list&eacute; 5 films qui ont &eacute;t&eacute; tourn&eacute;s &agrave; Venise.</p>\r\n<table style=\"width: 954px; height: 96px;\">\r\n<tbody>\r\n<tr style=\"height: 13px;\">\r\n<td style=\"width: 134px; height: 9px; text-align: center;\"><strong>R&eacute;alisateur</strong></td>\r\n<td style=\"width: 141px; height: 9px; text-align: center;\"><strong>Film</strong></td>\r\n<td style=\"width: 159px; height: 9px; text-align: center;\"><strong>Ann&eacute;e</strong></td>\r\n<td style=\"width: 220px; height: 9px; text-align: center;\"><strong>Pays de la production</strong></td>\r\n<td style=\"width: 132px; height: 9px; text-align: center;\"><strong>Sc&egrave;ne</strong></td>\r\n<td style=\"width: 168px; height: 9px; text-align: center;\"><strong>Lieu dans Venise</strong></td>\r\n</tr>\r\n<tr style=\"height: 28px;\">\r\n<td style=\"width: 134px; height: 27px;\">&nbsp;</td>\r\n<td style=\"width: 141px; height: 27px;\">&nbsp;</td>\r\n<td style=\"width: 159px; height: 27px;\">&nbsp;</td>\r\n<td style=\"width: 220px; height: 27px;\">&nbsp;</td>\r\n<td style=\"width: 132px; height: 27px;\">&nbsp;</td>\r\n<td style=\"width: 168px; height: 27px;\">&nbsp;</td>\r\n</tr>\r\n</tbody>\r\n</table>\r\n<p>Le tableau est &agrave; remettre en format PDF</p>\r\n<p>&nbsp;</p>', '2016-09-01', '2017-04-24', '2017-04-24', 'Venezia', 1, 0, 'Pars à la découverte des lieux de tournage à Venise', 4, 'pdf', 1, 0),
(61, 6, 1, 1, '2016-2017', '<p>Imaginez et tournez une petite sc&egrave;ne de maximum 20 secondes dans laquelle vous faite intervenir un<br />personnage rendu anonyme en post-production (voix transform&eacute;e et visage flout&eacute;).</p>', '2016-09-01', '2017-05-30', '2017-05-30', 'Témoignage anomyme', 1, 0, 'Vous interviewez un témoin dont, pour des raisons évidentes, l\'identité doit être masquée ', 4, 'mp4', 1, 0),
(62, 1, 1, 1, '2016-2017', '<p>Mettez vous dans la peau d&rsquo;un photographe de studio et faites le portrait d&rsquo;un de votre camarade de<br />classe. Vous dirigerez votre mod&egrave;le et dirigerez de A &agrave; Z votre shooting.</p>\r\n<p>Mettez en avant un trait de caract&egrave;re et exprimez-le au travers de votre photo. Le cadrage et la lumi&egrave;re<br />devront refl&eacute;ter votre vision de la personnalit&eacute; de votre mod&egrave;le. La pose sera &eacute;galement primordiale.</p>\r\n<p>Vous pouvez utiliser costumes et accessoires mais la prise de vue se fera uniquement en studio.</p>\r\n<p><strong>Pistes de recherche</strong></p>\r\n<p>S&eacute;lection &laquo;Portrait&raquo; des exemples photo dans le r&eacute;pertoire CONSIGNES. Studio Harcourt.</p>\r\n<p><strong>Pistes plastiques</strong></p>\r\n<ul>\r\n<li>Noir et blanc, contraste, grain, format carr&eacute;, effet vintage, etc.</li>\r\n<li>Ombre douces, dures, 3 points, motifs lumineux, contre-jours, model&eacute; du visage, etc.</li>\r\n<li>Cadrage serr&eacute; (intimit&eacute;) ou large, profondeur de champ.</li>\r\n<li>R&eacute;alisme, exag&eacute;ration d&rsquo;un trait de caract&egrave;re, d&rsquo;une situation.</li>\r\n</ul>', '2016-09-01', '2017-04-27', '2017-04-27', 'Tirage de portrait', 1, 0, 'Un ami vous demande de lui tirer le portrait pour son profil de réseau social', 4, 'jpg', 1, 0),
(63, 1, 1, 1, '2016-2017', '<p>R&eacute;ponds de la mani&egrave;re la <strong>plus compl&egrave;te et pr&eacute;cise possible</strong> aux questions suivantes:</p>\r\n<ol>\r\n<li>Quelle a &eacute;t&eacute; ta/tes contribution/s aux portes ouvertes?</li>\r\n<li>Pour une de ces contributions, d&eacute;cris le plus pr&eacute;cisement possible ce que tu as fait pour la mener &agrave; bien</li>\r\n<li>Quelles sont les choses que tu as le plus aim&eacute; faire lors des portes ouvertes</li>\r\n<li>Si dans 1 mois il y avait des autres portes ouvertes en AV, que changerais-tu?</li>\r\n<li>Au final, qu\'as-tu appris ou am&eacute;lior&eacute; dans ta pratique gr&acirc;ce aux portes ouvertes?</li>\r\n</ol>\r\n<p>Le travail est &agrave; remettre sous forme de fichier <strong>PDF</strong> (Commande \"exporter\" dans LibreOffice)</p>', '2016-09-01', '2017-06-08', '2017-06-08', 'Portes Ouvertes', 1, 0, 'Les portes ouvertes sont terminées, il est maintenant temps de faire le point!', 4, 'pdf', 1, 0),
(64, 6, 1, 1, '2016-2017', '<p>R&eacute;pond de la mani&egrave;re la <strong>plus compl&egrave;te et pr&eacute;cise possible</strong> aux questions suivantes:</p>\r\n<ol>\r\n<li>Quelle a &eacute;t&eacute; ta/tes contribution/s aux portes ouvertes?</li>\r\n<li>Pour une de ces contributions, d&eacute;cris le plus pr&eacute;cisement possible ce que tu as fait pour la mener &agrave; bien</li>\r\n<li>Quelles sont les choses que tu as le plus aim&eacute; faire lors des portes ouvertes</li>\r\n<li>Si dans 1 mois il y avait des autres portes ouvertes en AV, que changerais-tu?</li>\r\n<li>Au final, qu\'as-tu appris ou am&eacute;lior&eacute; dans ta pratique gr&acirc;ce aux portes ouvertes?</li>\r\n</ol>\r\n<p>Le travail est &agrave; remettre sous forme de fichier <strong>PDF</strong> (Commande \"exporter\" dans LibreOffice)</p>', '2016-09-01', '2017-06-11', '2017-06-11', 'Portes Ouvertes', 1, 0, 'Les portes ouvertes sont terminées, il est maintenant temps de faire le point!', 4, 'pdf', 1, 0),
(65, 7, 1, 1, '2016-2017', '<p>R&eacute;pond de la mani&egrave;re la <strong>plus compl&egrave;te et pr&eacute;cise possible</strong> aux questions suivantes:</p>\r\n<ol>\r\n<li>Quelle a &eacute;t&eacute; ta/tes contribution/s aux portes ouvertes?</li>\r\n<li>Pour une de ces contributions, d&eacute;cris le plus pr&eacute;cisement possible ce que tu as fait pour la mener &agrave; bien</li>\r\n<li>Quelles sont les choses que tu as le plus aim&eacute; faire lors des portes ouvertes</li>\r\n<li>Si dans 1 mois il y avait des autres portes ouvertes en AV, que changerais-tu?</li>\r\n<li>Au final, qu\'as-tu appris ou am&eacute;lior&eacute; dans ta pratique gr&acirc;ce aux portes ouvertes?</li>\r\n</ol>\r\n<p>Le travail est &agrave; remettre sous forme de fichier <strong>PDF</strong> (Commande \"exporter\" dans LibreOffice)</p>', '2016-09-01', '2017-06-09', '2017-06-09', 'Portes Ouvertes', 1, 0, 'Les portes ouvertes sont terminées, il est maintenant temps de faire le point!', 4, 'pdf', 1, 0),
(66, 8, 1, 1, '2016-2017', '<p>R&eacute;pond de la mani&egrave;re la <strong>plus compl&egrave;te et pr&eacute;cise possible</strong> aux questions suivantes:</p>\r\n<ol>\r\n<li>Quelle a &eacute;t&eacute; ta/tes contribution/s aux portes ouvertes?</li>\r\n<li>Pour une de ces contributions, d&eacute;cris le plus pr&eacute;cisement possible ce que tu as fait pour la mener &agrave; bien</li>\r\n<li>Quelles sont les choses que tu as le plus aim&eacute; faire lors des portes ouvertes</li>\r\n<li>Si dans 1 mois il y avait des autres portes ouvertes en AV, que changerais-tu?</li>\r\n<li>Au final, qu\'as-tu appris ou am&eacute;lior&eacute; dans ta pratique gr&acirc;ce aux portes ouvertes?</li>\r\n</ol>\r\n<p>Le travail est &agrave; remettre sous forme de fichier <strong>PDF</strong> (Commande \"exporter\" dans LibreOffice)</p>', '2016-09-01', '2017-05-31', '2017-05-31', 'Portes Ouvertes', 1, 0, 'Les portes ouvertes sont terminées, il est maintenant temps de faire le point!', 4, 'pdf', 1, 0),
(67, 8, 1, 1, '2016-2017', '<ol>\r\n<li>Avec l\'aide de ton professeur, mets en place un &eacute;clairage pour fond vert et pour ton mod&egrave;le (attention raccords de lumi&egrave;re avec le fond &agrave; incruster!)</li>\r\n<li>Capte l\'image de la mani&egrave;re la plus pr&eacute;cise (mise au point, exposition, gain)</li>\r\n<li>A l\'aide du Logiciel Premiere, r&eacute;alise le ChromaKey (Effets: UltraKey + Correcteur Chromatique Rapide)</li>\r\n<li>Prends soin d\'obtenir l\'image la plus raccord possible (balance des blancs, direction de la lumi&egrave;re, contrastes, exposition, etc.)</li>\r\n<li>Exporte ta production</li>\r\n</ol>', '2016-09-01', '2017-05-31', '2017-05-31', 'Défi 4: ChromaKey', 1, 0, 'Tu disposes des locaux pour expérimenter le ChromaKey', 4, 'mp4', 1, 0),
(68, 1, 1, 1, '2016-2017', '<p>Dans LibreOffice Writer r&eacute;ponds de la mani&egrave;re la<strong> plus compl&egrave;te et pr&eacute;cise</strong> possible aux questions suivantes:</p>\r\n<ol>\r\n<li>Quel a &eacute;t&eacute; ton r&ocirc;le lors du tournage de \"The AV Code\"?</li>\r\n<li>Quelles sont, selon toi, les choses &agrave; am&eacute;liorer lors des tournages?</li>\r\n<li>Quel enseignement tires-tu de ces tournages?</li>\r\n<li>Quel est la chose que tu as le plus aim&eacute; faire?</li>\r\n<li>Qu\'aimerais-tu faire l\'ann&eacute;e prochaine au cours d\'AV? (Non c&ocirc;t&eacute;)</li>\r\n</ol>\r\n<p>Exporte ensuite ton A4 (Fichier -&gt; Enregistrer en PDF) et remets ton travail.</p>', '2016-09-01', '2017-06-11', '2017-06-11', 'Compte-Rendu de tournage', 1, 0, 'Tu veux faire le point sur ta dernière expérience de tournage', 4, 'pdf', 1, 0),
(69, 7, 1, 1, '2016-2017', '<p>Cr&eacute;e une page sur le wiki de l\'option (wiki.audiovisu.net) dans laquelle tu expliques la proc&eacute;dure pour r&eacute;aliser une t&acirc;che (sur la suite Adobe, sur la cam&eacute;ra, etc.)</p>\r\n<p>La page doit utiliser un formattage clair, int&eacute;grer des images, et expliquer la proc&eacute;dure pour UNE t&acirc;che.</p>\r\n<p>&nbsp;</p>', '2016-09-01', '2017-06-13', '2017-06-13', 'Wiki AV', 1, 0, 'Tu souhaites partager tes connaissances', 4, '', 1, 0),
(70, 7, 1, 2, '2016-2017', '<p>Utilise Format Factory pour convertir les rushes en MP4 H.264</p>', '2016-09-01', '2017-06-14', '2017-06-14', 'Examen Juin', 1, 0, 'Montrez votre maîtrise de la caméra!', 5, 'mp4', 2, 0),
(71, 6, 1, 2, '2016-2017', '', '2016-09-01', '2017-06-20', '2017-06-20', 'Examen de Juin', 1, 0, 'Tu es en studio et tu dois enregistrer un chanteur', 5, 'wav', 1, 0),
(72, 1, 1, 2, '2016-2017', '', '2016-09-01', '2017-06-21', '2017-06-21', 'Examen de Juin', 1, 0, 'Réalise la même photographie que celle tirée au sort.', 5, 'jpg', 2, 0),
(73, 6, 1, 3, '2017-2018', '<p>R&eacute;alisez le portrait de votre camarade de classe.</p>\r\n<h4>Cahier des charges</h4>\r\n<ul>\r\n<li>Format CARR&Eacute; (rogner sur Photoshop)</li>\r\n<li>Couleur ou noir et blanc</li>\r\n<li>Gros Plan sur le visage</li>\r\n<li>Le mod&egrave;le doit &ecirc;tre reconnaisable</li>\r\n</ul>\r\n<h4><strong>Remise</strong></h4>\r\n<ul>\r\n<li>Une seule photographie au format JPG sera remise</li>\r\n<li>La photographie doit <strong>&eacute;galement</strong> devenir votre avatar sur MediaGrade</li>\r\n</ul>\r\n<p><strong>Cette &eacute;valuation ne compte pas pour le bulletin! Elle sert &agrave; vous situer techniquement et artistiquement.</strong></p>\r\n<p>&nbsp;</p>', '2017-09-01', '2017-09-22', '2017-09-22', 'Mon avatar', 1, 0, 'Vous voulez créer votre avatar pour Mediagrade', 1, 'jpg', 1, 0),
(74, 8, 1, 1, '2017-2018', '<p>Remettez trois plans, r&eacute;unis dans une seule s&eacute;quence:</p>\r\n<ol>\r\n<li>Travelling lat&eacute;ral d\'accompagnement</li>\r\n<li>Travelling avant d\'accompagnement</li>\r\n<li>Panoramique 180&deg;</li>\r\n</ol>\r\n<p>Les plans doivent durer au minimum 10 secondes.</p>', '2017-09-01', '2017-09-18', '2017-09-18', 'Mouvements de caméra', 1, 0, 'Vous n\'avez plus tenu une caméra depuis deux mois, il est temps de se remettre en forme!', 1, 'mp4', 1, 0),
(75, 1, 1, 3, '2017-2018', '<p>Dessinez les contours d\'un de vos camarades de classe, &agrave; main libre, mais sans jamais lever le crayon.</p>\r\n<p>Scannez votre dessin et remettez-le sur Mediagrade.<br />Format: JPG 150 DPI</p>\r\n<p>Bien &eacute;videmment, <strong>cette &eacute;valuation ne compte pas pour le bulletin.</strong></p>', '2017-09-01', '2017-09-29', '2017-09-29', 'Mon premier dessin', 1, 0, 'Vous allez apprendre le métier de storyboarder, gardons une trace de notre premier dessin!', 1, 'jpg', 1, 0),
(76, 7, 1, 1, '2017-2018', '<p>Remettez dans une seule s&eacute;quence:</p>\r\n<ul>\r\n<li>1 panoramique 90&deg;</li>\r\n<li>1 panoramique 180&deg;</li>\r\n<li>1 panoramique 360&deg;</li>\r\n<li>1 travelling avant</li>\r\n<li>1 travelling lat&eacute;ral</li>\r\n<li>1 travelling haut-bas ou bas-haut</li>\r\n</ul>\r\n<p>L\'image doit etre correctement expos&eacute;e, mise au point et la balance des blancs r&eacute;gl&eacute;es</p>', '2017-09-01', '2017-10-26', '2017-10-26', 'Mouvements de caméra', 1, 0, 'Votre premier contact avec la caméra, apprenons les bases!', 1, 'mp4', 1, 0),
(77, 1, 1, 1, '2017-2018', '<p>A l\'aide des r&eacute;glages suivants, r&eacute;alise plusieurs photographies en lightpainting:</p>\r\n<p>- Les ISO r&eacute;gl&eacute;s sur 800<br />- Le temps de pose sur Bulb<br />- Le diaphragme sera utilis&eacute; pour l\'exposition</p>\r\n<p>Remet ensuite <strong>la meilleure photographie</strong>&nbsp; que tu as r&eacute;alis&eacute;.</p>\r\n<p><strong>Soit cr&eacute;atif et n\'aie pas peur d\'explorer les techniques!</strong></p>\r\n<h3>Pour aller plus loin</h3>\r\n<p>Plus d\'informations sur la technique: <a href=\"https://fr.wikipedia.org/wiki/Light_painting\">https://fr.wikipedia.org/wiki/Light_painting</a></p>\r\n<p><iframe src=\"//player.vimeo.com/video/142250486?title=0&amp;byline=0\" width=\"425\" height=\"350\"></iframe></p>', '2017-09-01', '2017-09-28', '2017-09-28', 'Lightpainting (débutant)', 1, 0, 'Tu viens de découvrir des photographies en lightpainting, à ton tour maintenant d\'utiliser la technique!', 1, 'jpg', 1, 0),
(78, 6, 1, 1, '2017-2018', '<p>Mettez vous dans la peau d&rsquo;un photographe de studio et faites le portrait d&rsquo;un de votre camarade de classe. Vous dirigerez votre mod&egrave;le et dirigerez de A &agrave; Z votre shooting.</p>\r\n<p>Mettez en avant un trait de caract&egrave;re et exprimez-le au travers de votre photo. Le cadrage et la lumi&egrave;re<br />devront refl&eacute;ter votre vision de la personnalit&eacute; de votre mod&egrave;le. La pose sera &eacute;galement primordiale.</p>\r\n<h4>Pistes de recherche</h4>\r\n<p>S&eacute;lection &laquo;Portrait&raquo; des exemples photo dans le r&eacute;pertoire CONSIGNES. Studio Harcourt.</p>\r\n<h4>Pistes plastiques</h4>\r\n<p>Noir et blanc, contraste, grain, format carr&eacute;, effet vintage, etc.<br />Ombre douces, dures, 3 points, motifs lumineux, contre-jours, model&eacute; du visage, etc.<br />Cadrage serr&eacute; (intimit&eacute;) ou large, profondeur de champ.<br />R&eacute;alisme, exag&eacute;ration d&rsquo;un trait de caract&egrave;re, d&rsquo;une situation.</p>', '2017-09-01', '2017-10-06', '2017-10-06', 'Portrait', 1, 0, 'Vous êtes apprenti photographe, un client vous demande de lui faire un portrait créatif, mais qui reflète à sa personnalité.', 1, 'jpg', 1, 0),
(79, 8, 1, 2, '2017-2018', '<p>Lors de cette &eacute;preuve, tu devras etre capable de:</p>\r\n<ul>\r\n<li>faire le point</li>\r\n<li>r&eacute;gler l\'exposition &agrave; l\'aide des z&eacute;bras</li>\r\n<li>r&eacute;gler l\'exposition &agrave; l\'aide de la forme d\'onde</li>\r\n<li>choisir la meilleure r&eacute;solution par rapport &agrave; la situation</li>\r\n<li>r&eacute;gler le moniteur pour changer le rapport H/L</li>\r\n<li>r&eacute;gler la balance des blancs personnalis&eacute;e</li>\r\n</ul>', '2017-09-01', '2017-09-25', '2017-09-25', 'Utilisation de la XF100', 1, 0, 'Mets à l\'épreuve ta pratique de la caméra et remporte le titre d\'opérateur caméra!', 1, '', 1, 0),
(80, 7, 1, 1, '2017-2018', '<p>R&eacute;alise deux micro-s&eacute;quences:</p>\r\n<ul>\r\n<li>Un plan travelling d\'accompagnement (direction et angle au choix) avec un monologue<br />\r\n<ul>\r\n<li>La prise son ET le traveling sur rail seront &eacute;valu&eacute;s</li>\r\n</ul>\r\n</li>\r\n<li>Un champ contre-champ (avec deux cam&eacute;ras)\r\n<ul>\r\n<li>Seule la prise son sera &eacute;valu&eacute;e</li>\r\n</ul>\r\n</li>\r\n</ul>\r\n<p>Pour le champ contre-champ, tu devras r&eacute;aliser une prise d\'ambiance &agrave; incorporer &agrave; ton montage.</p>\r\n<p>Chacun d\'entre vous devra &ecirc;tre au poste de <strong>cadreur</strong> et de <strong>perchman.</strong></p>', '2017-09-01', '2017-10-26', '2017-10-26', 'Prise son avec machinerie', 1, 0, 'Utilise ce que tu as appris au derniers cours (mouvements de caméras) et ajoutes-y un zeste de perche!', 1, 'mp4', 1, 0),
(81, 1, 1, 2, '2017-2018', '<p>-</p>', '2017-09-01', '2017-09-27', '2017-09-27', 'Consignes de sécurité', 1, 0, 'Passe ton badge d\'électricien plateau', 1, '', 1, 0),
(82, 6, 1, 1, '2017-2018', '', '2017-09-01', '2017-10-27', '2017-10-27', 'Ambiances lumineuses 1/3', 1, 0, 'Pour votre prochain long métrage, vous avez besoin de créer des ambiances lumineuses très différentes.', 1, 'jpg', 1, 0),
(83, 8, 1, 1, '2017-2018', '<ol>\r\n<li>Avec l\'aide de ton professeur, mets en place un &eacute;clairage pour fond vert et pour ton mod&egrave;le (attention raccords de lumi&egrave;re avec le fond &agrave; incruster!)</li>\r\n<li>Capte l\'image de la mani&egrave;re la plus pr&eacute;cise (mise au point, exposition, gain)</li>\r\n<li>A l\'aide du Logiciel Premiere, r&eacute;alise le ChromaKey (Effets: UltraKey + Correcteur Chromatique Rapide)</li>\r\n<li>Prends soin d\'obtenir l\'image la plus raccord possible (balance des blancs, direction de la lumi&egrave;re, contrastes, exposition, etc.)</li>\r\n<li>Exporte ta production</li>\r\n</ol>', '2017-09-01', '2017-10-17', '2017-10-17', 'Défi 1: ChromaKey', 1, 0, 'Tu disposes des locaux pour expérimenter le ChromaKey', 1, 'mp4', 1, 0),
(86, 1, 1, 1, '2017-2018', '<p>Scannez votre dessin et remettez-le sur Mediagrade.<br />Format: JPG 150 DPI</p>\r\n<p>&nbsp;</p>', '2017-10-15', '2018-02-22', '2018-02-22', 'Action dessinée', 1, 0, 'Votre premier pas vers le storyboard: Représenter une action.', 3, 'jpg', 1, 0),
(87, 7, 1, 2, '2017-2018', '<p>Lors de cette &eacute;preuve, tu devras etre capable de:</p>\r\n<ul>\r\n<li>faire le point</li>\r\n<li>r&eacute;gler l\'exposition &agrave; l\'aide des z&eacute;bras</li>\r\n<li>r&eacute;gler l\'exposition &agrave; l\'aide de la forme d\'onde</li>\r\n<li>choisir la meilleure r&eacute;solution par rapport &agrave; la situation</li>\r\n<li>r&eacute;gler la balance des blancs personnalis&eacute;e</li>\r\n</ul>', '2017-09-01', '2017-10-19', '2017-10-19', 'Utilisation des caméras amateur', 0, 0, 'Mets à l\'épreuve ta pratique de la caméra et remporte le titre d\'opérateur caméra!', 1, '', 1, 0),
(88, 1, 1, 1, '2017-2018', '<p>Remets ta meilleure proposition de design pour le nouveau t-shirt de l\'Option.</p>\r\n<h3>Cahier des charges</h3>\r\n<ul>\r\n<li>UNE seule couleur est permise.</li>\r\n<li>Une seule proposition par &eacute;l&egrave;ve</li>\r\n<li>Pr&eacute;sence de la face et dos</li>\r\n<li>Pour un t-shirt <strong>ou</strong> un pull &agrave; capuche</li>\r\n</ul>', '2017-09-01', '2018-03-01', '2018-03-01', 'T-Shirt AV', 1, 0, 'L\'Option Audiovisuel lance un appel à projet pour ses nouveaux T-Shirts', 3, 'jpg', 1, 0),
(89, 1, 1, 1, '2017-2018', '<p>Remets une photographie dans laquelle tu exploites les temps de pose tr&egrave;s courts (1/200 - 1/1000 s).</p>', '2017-09-01', '2017-10-26', '2017-10-26', 'Lévitations', 1, 0, 'Tu découvres les temps de pose très courts, exploite-les afin de produire une photographie créative!', 1, 'jpg', 1, 0),
(90, 6, 1, 1, '2017-2018', '', '2017-09-01', '2017-10-06', '2017-10-06', 'Ambiances lumineuses 2/3', 1, 0, 'Pour votre prochain long métrage, vous avez besoin de créer des ambiances lumineuses très différentes.', 1, 'jpg', 2, 0),
(91, 6, 1, 1, '2017-2018', '', '2017-09-01', '2017-10-27', '2017-10-27', 'Ambiances lumineuses 3/3 1/2', 1, 0, 'Pour votre prochain long métrage, vous avez besoin de créer des ambiances lumineuses très différentes.', 1, 'jpg', 2, 0),
(92, 7, 1, 1, '2017-2018', '<p>R&eacute;alise deux micro-s&eacute;quences:</p>\r\n<ul>\r\n<li>Un contre-jour (avec une fen&ecirc;tre)</li>\r\n<li>La fen&ecirc;tre n\'est plus dans le cadre mais reste dans le champ en contre-jour</li>\r\n</ul>\r\n<p>La temp&eacute;rature de lumi&egrave;re doit &ecirc;tre corrig&eacute;e.</p>', '2017-09-01', '2017-10-27', '2017-10-27', 'Compensation lumière du jour', 1, 0, 'Un plan avec une fenêtre? Comment l\'éclairer?', 1, 'mp4', 1, 0);
INSERT INTO `project` (`id`, `course_id`, `teacher_id`, `assessment_type_id`, `school_year`, `instructions`, `start_date`, `hard_deadline`, `soft_deadline`, `name`, `activated`, `external`, `context`, `term_id`, `file_extension`, `number_of_files`, `teacher_submitted`) VALUES
(93, 8, 1, 1, '2017-2018', '<p>R&eacute;alisez la sc&egrave;ne d&eacute;crite en un plan et de mani&egrave;re r&eacute;aliste (donc avec lumi&egrave;re et bruitages).</p>\r\n<p>La qualit&eacute; de l\'image sera tr&egrave;s grande.</p>\r\n<p>L\'auto-&eacute;valuation est c&ocirc;t&eacute;e (5 points).</p>\r\n<p>Avant de commencer, posez-vous les questions suivantes:</p>\r\n<ol>\r\n<li>O&ugrave; tourner la sc&egrave;ne?</li>\r\n<li>Quelle sont les sources de lumi&egrave;re hypoth&eacute;tiques dans la sc&egrave;ne? (orientation, qualit&eacute;)</li>\r\n<li>De quelle couleur sera l\'ambiance? Les &eacute;clairs? (g&eacute;latines)</li>\r\n<li>Comment r&eacute;aliser les &eacute;clairs et les rendre r&eacute;alistes? (bruitage, dur&eacute;e)</li>\r\n</ol>\r\n<p>&nbsp;</p>\r\n<p>Exemples de sc&egrave;nes:</p>\r\n<ul>\r\n<li><iframe src=\"//www.youtube.com/embed/XfV7i4R71A4\" width=\"560\" height=\"314\" allowfullscreen=\"allowfullscreen\"></iframe></li>\r\n<li><iframe src=\"//www.youtube.com/embed/58KXLPE7M_s\" width=\"560\" height=\"314\" allowfullscreen=\"allowfullscreen\"></iframe></li>\r\n</ul>', '2017-09-01', '2017-10-24', '2017-10-24', 'Défi 2: Lumière / Thunderstorm', 1, 0, 'Votre personnage est dans son bureau la nuit, la ville n\'a plus de courant, un orage éclate... ', 1, 'mp4', 1, 0),
(94, 1, 1, 1, '2017-2018', '', '2017-09-01', '2017-10-26', '2017-10-26', 'Sens Dessus-Dessous', 1, 0, '', 3, 'jpg', 1, 0),
(95, 6, 1, 1, '2017-2018', '', '2017-09-01', '2017-10-27', '2017-10-27', 'Ambiances lumineuses 3/3 2/2', 1, 0, 'Pour votre prochain long métrage, vous avez besoin de créer des ambiances lumineuses très différentes.', 1, 'jpg', 1, 0),
(102, 8, 1, 2, '2017-2018', '<h4>Cahier de charges</h4>\r\n<h5>Contenu</h5>\r\n<p>Choisissez 3 planches d\'une B.D.&nbsp; disponible sur le site <a href=\"http://www.bdgest.com/previews\">http://www.bdgest.com/previews</a></p>\r\n<p>L\'auteur, le nom de la BD ainsi que le nom des intervenants doivent &ecirc;tre cit&eacute; dans le g&eacute;n&eacute;rique</p>\r\n<p>L\'auditeur doit &ecirc;tre immerg&eacute; autant que possible dans l\'histoire et ce, &agrave; l\'aide de bruitages sonores pour soutenir l\'action, d\'ambiances et de musique.</p>\r\n<h5>Pistes obligatoires</h5>\r\n<ul style=\"list-style-type: circle;\">\r\n<li>Une piste par personnage</li>\r\n<li>Une piste bruitage (minimum)</li>\r\n<li>Une piste musique</li>\r\n<li>Une piste ambiance</li>\r\n</ul>\r\n<h4>Plannification</h4>\r\n<ul style=\"list-style-type: circle;\">\r\n<li>Semaine 1: Analyse d\'une nouvelle radio</li>\r\n<li>Semaine 2: Ecriture d\'une nouvelle radio (sc&eacute;nario)</li>\r\n<li>Semaine 3: Enregistrement des voix, bruitages, ambiances.</li>\r\n<li>Semaine 4: Mixage et premi&egrave;re remise</li>\r\n<li>Semaine 5: Auto-&eacute;valuation de groupe, correction et remise MASTER.</li>\r\n</ul>\r\n<h4>Exemple de r&eacute;sultat demand&eacute;</h4>\r\n<p><a href=\"http://www.franceculture.fr/emissions/fictions-le-feuilleton/les-cigares-du-pharaon-15-les-aventures-de-tintin\">Tintin: Les cigares du Pharaon, France Culture</a></p>\r\n<h4>Fichier demand&eacute;</h4>\r\n<p>Fichier MP3 st&eacute;r&eacute;o, compression &agrave; 256Kb/s</p>\r\n<p>&nbsp;</p>', '2018-11-14', '2017-12-12', '2017-12-12', 'Nouvelle radiophonique', 1, 0, 'Tu es engagé par France Culture afin de transposer sur format radiophonique une bande dessinée.', 2, 'mp3', 1, 0),
(103, 6, 1, 1, '2017-2018', '', '2017-09-01', '2018-02-27', '2018-02-27', 'Produit en majesté', 1, 0, 'Produit en majesté', 3, 'jpg', 1, 0),
(104, 6, 1, 1, '2017-2018', '<h3>Pistes techniques</h3>\r\n<p><strong>Les questions &agrave; se poser pendant la prise de vue:</strong></p>\r\n<ul>\r\n<li>De combien de photographies ai-je besoin?</li>\r\n<li>Comment aider la superposition de mes images?</li>\r\n<li>Comment me faciliter le d&eacute;tourage?</li>\r\n<li>Ai-je la place pour mettre mes clones?</li>\r\n<li>Comment faire en sorte que mes images aient une luminosit&eacute; identique?</li>\r\n<li>Les ombres sont-elles un probl&egrave;me?</li>\r\n</ul>\r\n<h3>Produit attendu</h3>\r\n<ul>\r\n<li>Une photographie vous repr&eacute;sentant avec au moins 2 clones.</li>\r\n<li>Mise au point pr&eacute;cise.</li>\r\n<li>Exposition parfaite.</li>\r\n<li>Traitement infographique soign&eacute;.</li>\r\n<li>R&eacute;sultat r&eacute;aliste.</li>\r\n<li>Id&eacute;e cr&eacute;ative</li>\r\n</ul>', '2017-09-01', '2018-02-27', '2018-02-27', 'Moi et mes clones', 1, 0, 'Vous devez réaliser des clones. Comment ferez-vous?', 3, 'jpg', 1, 0),
(105, 7, 1, 2, '2017-2018', '<h3>Objectif de l\'examen</h3>\r\n<p>Certifier que tu as acquis assez de pratique audiovisuelle pour comprendre les besoins en espace et la logistique des activit&eacute;s audiovisuelles.</p>\r\n<h3>Consignes</h3>\r\n<p>Remets un dossier de proposition de travaux pour les locaux Audiovisuels.</p>\r\n<p>Imagine que tu lance ta bo&icirc;te d\'Audiovisuel. Tu g&egrave;res jusqu\'&agrave; deux &eacute;quipes en simultan&eacute; et tu as la chance de r&eacute;cup&eacute;rer des locaux de l\'ITP. Certains sont d&eacute;j&agrave; op&eacute;rationnels, d\'autres, moins, et d\'autres encore, pas du tout. Des travaux s\'imposent donc. Tu vas devoir travailler avec un entrepreneur pour r&eacute;aliser les travaux n&eacute;cessaires. Pour cela tu lui donnera un plan et des instructions &agrave; suivre.</p>\r\n<h3>Contenu du dossier</h3>\r\n<h4>1. Une description de votre projet</h4>\r\n<ul>\r\n<li>Explique ce que tu compte faire de chaque local [5 lignes min. par local].</li>\r\n<li>Justifie tes choix (pourquoi avoir choisi ce lieu pour telle destination, pourquoi pas, ...) [7 lignes min. par local].</li>\r\n<li>Eventuellement, ajoute des remarques sur l\'organisation g&eacute;n&eacute;rale.</li>\r\n</ul>\r\n<h4>2. Un plan 2D des locaux</h4>\r\n<h4>3. Des vues 3D illustrant le projet</h4>\r\n<h4>4. Une proposition de num&eacute;rotation des nouveau locaux</h4>\r\n<h4>5. La sitographie</h4>\r\n<p>Liste au moins 4 liens (page web, Youtube, Instructables.com, etc.) qui vous ont permi de r&eacute;fl&eacute;chir &agrave; votre projet.</p>\r\n<h3>Astuces</h3>\r\n<h4>1. Approche</h4>\r\n<p>Pour chaque local, tu as le choix entre deux approches:</p>\r\n<ul>\r\n<li>un lieu, une fonction (statique),</li>\r\n<li>un lieu, plusieurs fonctions (modulaire).</li>\r\n</ul>\r\n<p>Normalement tu devrais utiliser les deux. Par exemple pour un local d\'infographie, il sera difficile de d&eacute;placer les ordinateurs entre deux cours. Il faut aussi penser que vous travaillez en plusieurs groupes de 3 &agrave; 6 personnes)</p>\r\n<h4>2. Les locaux &agrave; prendre en compte sont:</h4>\r\n<ul>\r\n<li>le 69 (tableau int&eacute;ractif),</li>\r\n<li>le 69b (infographie),</li>\r\n<li>le 69s (studio son),</li>\r\n<li>le 58 (salle entrep&ocirc;t, ancien PMS),</li>\r\n<li>la conciergerie (rez-de-chauss&eacute;e),</li>\r\n<li>les chambres conciergerie (dans l\'ordre: 1, 2 et 3 pour la plus grande chambre)&nbsp;</li>\r\n</ul>\r\n<h4>3. Les activit&eacute;s habituellement organis&eacute;es sont:</h4>\r\n<ul>\r\n<li>la photographie (shooting, infographie),</li>\r\n<li>le cin&eacute;ma (pr&eacute;-production, production, post-production),</li>\r\n<li>le son (enregistrement, &eacute;coute, mixage),</li>\r\n<li>les cours th&eacute;oriques (tableau blanc, TBI),</li>\r\n<li>la projection des travaux en grand en fin d\'ann&eacute;e.</li>\r\n</ul>\r\n<h4>4. Les choses &agrave; ne pas oublier</h4>\r\n<ul>\r\n<li>Tu as 16 stations de travail (PC).</li>\r\n<li>Tu as 2 projecteurs HD et un TBI &agrave; disposition.</li>\r\n<li>Tu as 1 tableau blanc.</li>\r\n<li>Il faut ranger le mat&eacute;riel (cam&eacute;ras, projecteurs, c&acirc;bles, accessoires, costumes, meubles, etc.).</li>\r\n<li>Les &eacute;quipes sont compos&eacute;es de 5 &agrave; 13 personnes.</li>\r\n<li>Comment communiquer entre les locaux?</li>\r\n<li>La couleur des murs et plafonds.</li>\r\n<li>Les cloisons entre les pi&egrave;ces peuvent &ecirc;tre cass&eacute;es ou cr&eacute;&eacute;es.</li>\r\n</ul>\r\n<h4>5. Mots cl&eacute;s pour les recherches sur le Net</h4>\r\n<p>DIY, How to buid, building + Cyclorama, photography studio, recording studio, video studio, movie studio</p>\r\n<h4>6. Pour ins&eacute;rer les vues 2D</h4>\r\n<ul>\r\n<li>Dans Sweethome3D, Faire un clic droit sur la vue plan, puis choisir Exporter en SVG</li>\r\n<li>puis, dans LibreOffice, Aller dans le menu Insertion et cliquer sur Image (ou glissez-d&eacute;posez le fichier)</li>\r\n</ul>\r\n<p>7. Pour ins&eacute;rer les vues 3D</p>\r\n<ul>\r\n<li>Dans Sweethome3D, Faire un clic droit sur la vue 3D, puis choisir Cr&eacute;er une photo...</li>\r\n<li>puis, dans LibreOffice, Aller dans le menu Insertion et cliquer sur Image (ou glissez-d&eacute;posez le fichier) 8. Pour sauver au format PDF</li>\r\n<li>Dans LibreOffice: Menu Fichier &gt;&gt; Exporter en PDF Liens essentiels</li>\r\n<li>Le plan de la conciergerie: <a href=\"http://goo.gl/7QvCVE\">http://goo.gl/7QvCVE </a></li>\r\n<li>Le logiciel opensource Sweethome3D: <a href=\"http://www.sweethome3d.com/download.jsp\">http://www.sweethome3d.com/download.jsp </a></li>\r\n<li>Les objets 3D (t&eacute;l&eacute;charger les fichiers Collada): <a href=\"https://3dwarehouse.sketchup.com\">https://3dwarehouse.sketchup.com </a></li>\r\n</ul>\r\n<h3>Remise</h3>\r\n<p>Fichier PDF uniquement:</p>\r\n<ul>\r\n<li>Soit sur la plateforme MediaGrade jusqu\'au jour de l\'examen.</li>\r\n<li>Soit via courriel: audiovisuel.itp@gmail.com (bien sp&eacute;cifier ton nom et pr&eacute;nom) jusqu\'au jour de l\'examen.</li>\r\n</ul>', '2017-11-30', '2017-12-18', '2017-12-18', 'Les nouveaux locaux AV', 1, 0, 'Un nouveau local AV, une infinité de possibilités!', 2, 'pdf', 1, 0),
(106, 1, 1, 1, '2017-2018', '<p data-canvas-width=\"342.1371572178286\">Afin de vous entra&icirc;ner &agrave; ma&icirc;triser l&rsquo;appareil photo, recr&eacute;ez artificiellement les 5 types de flou vus au cours. Aidez-vous des dispositions &agrave; prendre pour &eacute;viter ces flous pour les recr&eacute;er.</p>\r\n<p data-canvas-width=\"342.1371572178286\">Liste des flous:</p>\r\n<ol>\r\n<li data-canvas-width=\"342.1371572178286\">Flou de mise au point</li>\r\n<li data-canvas-width=\"342.1371572178286\">Flou cin&eacute;tique</li>\r\n<li data-canvas-width=\"342.1371572178286\">Flou de boug&eacute;</li>\r\n<li data-canvas-width=\"342.1371572178286\">Flou de mise au point</li>\r\n<li data-canvas-width=\"342.1371572178286\">Flou de bokeh (profondeur de champ)</li>\r\n</ol>', '2017-11-01', '2017-12-07', '2017-12-07', 'Les flous', 0, 0, 'Vous souhaitez travailler votre maîtrise technique et artistique de l\'appareil photo.', 3, 'jpg', 5, 0),
(107, 6, 1, 2, '2017-2018', '<p>Monter en 5 minutes maximum un de ces 4 &eacute;clairages, tir&eacute; au sort:</p>\r\n<ol>\r\n<li>Butterfly,</li>\r\n<li>Rembrandt,</li>\r\n<li>Loop,</li>\r\n<li>Split.</li>\r\n</ol>\r\n<p>Rangez ensuite le mat&eacute;riel dans le temps imparti.</p>\r\n<ul>\r\n<li>Les tr&eacute;pieds seront install&eacute;s correctement, bien point&eacute;s.</li>\r\n<li>Les projecteurs et rallonges seront ensuite rang&eacute;s et enroul&eacute;s</li>\r\n</ul>\r\n<p>Les consignes de s&eacute;curit&eacute; doivent imp&eacute;rativement &ecirc;tre respect&eacute;es.</p>', '2017-12-11', '2017-12-11', '2017-12-11', 'Examen', 1, 0, 'Démontre ta maîtrise du portrait de studio!', 2, 'jpg', 1, 0),
(108, 8, 1, 2, '2017-2018', '<p>Voir PDF</p>', '2017-11-20', '2017-12-12', '2017-12-12', 'Analyse de film', 1, 0, 'Tu participes au jury du prix des lycéens', 2, 'pdf', 1, 0),
(109, 1, 1, 2, '2017-2018', '<ul>\r\n<li>Une grande profonderu de champ</li>\r\n<li>Une petite profondeur de champ</li>\r\n</ul>', '2017-09-01', '2017-12-15', '2017-12-15', 'Examen de laboratoire', 1, 0, 'Montre que tu es devenu un pro du mode manuel!', 2, 'jpg', 2, 0),
(110, 7, 1, 2, '2017-2018', '<p>Voir document papier</p>', '2017-12-18', '2017-12-18', '2017-12-18', 'Examen: Utilisation de la caméra', 1, 0, 'Montre ta maîtrise des caméras de l\'option', 2, 'mp4', 1, 0),
(111, 1, 1, 1, '2017-2018', '<p>Donnez l&rsquo;impression d&rsquo;avoir le super pouvoir de votre choix en vous mettant en sc&egrave;ne dans un GIF anim&eacute;.</p>\r\n<p>Utilisez les diverses techniques vues au cours (l&eacute;vitation, profondeur de champ, lightpainting, etc.) pour mettre en<br />sc&egrave;ne ce pouvoir tout en le rendant cr&eacute;dible.</p>\r\n<p>Photoshop n\'est pas permis, sauf pour l\'animation.</p>\r\n<h5>Pistes</h5>\r\n<p>Boules de feu: lightpainting.<br />Force surhumaine, voler dans les airs, t&eacute;l&eacute;kin&eacute;sie: temps de pose tr&egrave;s court.</p>', '2017-09-01', '2018-01-26', '2018-01-26', 'Super-Héro! / GIF animé', 1, 0, 'Vous voulez épater vos amis à l\'aide d\'un GIF animé spectaculaire.', 3, 'gif', 1, 0),
(112, 6, 1, 1, '2017-2018', '<p>Imaginez et tournez une petite sc&egrave;ne de maximum 20 secondes dans laquelle vous faite intervenir un<br />personnage rendu anonyme en post-production (voix transform&eacute;e et visage flout&eacute;).</p>', '2017-09-01', '2018-02-27', '2018-02-27', 'Témoignage anomyme', 1, 0, 'Vous interviewez un témoin dont, pour des raisons évidentes, l\'identité doit être masquée ', 3, 'mp4', 1, 0),
(113, 1, 1, 1, '2017-2018', '<p>Remettez ici le scan du storyboard effectu&eacute; pour le projet \"Super H&eacute;ro\"</p>', '2017-09-01', '2018-02-22', '2018-02-22', 'Super-Héro! / Storyboard', 1, 0, 'Vous voulez épater vos amis à l\'aide d\'un GIF animé spectaculaire.', 3, 'jpg', 1, 0),
(114, 7, 1, 1, '2017-2018', '<p>Afin de d&eacute;montrer vos talents en cin&eacute;matographie (&eacute;criture, photographie, tournage, montage), la production vous demande de r&eacute;aliser un tr&egrave;s court m&eacute;trage dans le style d&rsquo;un film noir.</p>\r\n<h4>Contraintes</h4>\r\n<ul>\r\n<li>Une petite sc&egrave;ne (max. 10 sec), dans l&rsquo;ambiance d&rsquo;un film noir.</li>\r\n<li>Une petite intrigue doit &ecirc;tre pr&eacute;sente.</li>\r\n<li>Image noir et blanc (version pro: avec grain et travail des contrastes).</li>\r\n<li>Sc&eacute;nographie soign&eacute;e.</li>\r\n<li>&Eacute;clairage, cadrage et ratio dans le style typique d\'un &laquo;Film noir&raquo;.</li>\r\n</ul>\r\n<p><strong>&nbsp;Le mixage son sera fait &agrave; la p&eacute;riode 3</strong></p>', '2017-09-01', '2018-02-23', '2018-02-23', 'Éclairages à la manière d\'un film noir', 1, 0, 'Vous réalisez un film à la manière d\'un film noir', 3, 'mp4', 1, 0),
(115, 1, 1, 1, '2017-2018', '<div data-canvas-width=\"123.4340490797546\">Vous allez constituer des groupes de deux &eacute;l&egrave;ves (une photo diff&eacute;rente par &eacute;l&egrave;ve) qui choisiront 1 des 9 d&eacute;fis &agrave; r&eacute;aliser en 2 heures.</div>\r\n<div data-canvas-width=\"123.4340490797546\">&nbsp;</div>\r\n<div data-canvas-width=\"35.676380368098165\">Etapes:</div>\r\n<div data-canvas-width=\"139.58021472392642\">&nbsp;</div>\r\n<ol>\r\n<li data-canvas-width=\"139.58021472392642\">Effectuer les prises de vue</li>\r\n<li data-canvas-width=\"139.58021472392642\">Seulement si demand&eacute; par les consignes,, les travailler sur Photoshop</li>\r\n<li data-canvas-width=\"139.58021472392642\">Copier les photos dans le dossier MASTER correspondant.</li>\r\n</ol>\r\n<div data-canvas-width=\"430.36901840490805\">Une grande attention sera port&eacute;e sur la technique et l&rsquo;aspect artistique de votre travail (50/50).</div>', '2018-02-01', '2018-02-23', '2018-02-23', 'Défis techniques 1', 1, 0, 'Démontrez vos compétences audiovisuelles en réalisant des photographies épatantes', 3, 'jpg', 1, 0),
(116, 1, 1, 1, '2017-2018', '<div data-canvas-width=\"123.4340490797546\">Vous allez constituer des groupes de deux &eacute;l&egrave;ves (une photo diff&eacute;rente par &eacute;l&egrave;ve) qui choisiront 1 des 9 d&eacute;fis &agrave; r&eacute;aliser en 2 heures.</div>\r\n<div data-canvas-width=\"123.4340490797546\">&nbsp;</div>\r\n<div data-canvas-width=\"35.676380368098165\">Etapes:</div>\r\n<div data-canvas-width=\"139.58021472392642\">&nbsp;</div>\r\n<ol>\r\n<li data-canvas-width=\"139.58021472392642\">Effectuer les prises de vue</li>\r\n<li data-canvas-width=\"139.58021472392642\">Seulement si demand&eacute; par les consignes,, les travailler sur Photoshop</li>\r\n<li data-canvas-width=\"139.58021472392642\">Copier les photos dans le dossier MASTER correspondant.</li>\r\n</ol>\r\n<div data-canvas-width=\"430.36901840490805\">Une grande attention sera port&eacute;e sur la technique et l&rsquo;aspect artistique de votre travail (50/50).</div>', '2018-02-01', '2018-02-23', '2018-02-23', 'Défis techniques 2', 1, 0, 'Démontrez vos compétences audiovisuelles en réalisant des photographies épatantes', 3, 'jpg', 1, 0),
(117, 7, 1, 1, '2017-2018', '<p>Pour chaque grande r&egrave;gle de composition, recherche 2 images trouv&eacute;es dans des films reconnus:</p>\r\n<ol>\r\n<li>De l\'air devant le regard</li>\r\n<li>La r&eacute;gle des tiers</li>\r\n<li>Le centrage</li>\r\n<li>La sym&eacute;trie</li>\r\n<li>Les lignes de force</li>\r\n<li>Le surcadrage</li>\r\n</ol>\r\n<p>Remets le tout dans un PDF (via libreoffice), en renseignant le nom du film, le r&eacute;alisateur et l\'ann&eacute;e de production.</p>\r\n<p>&nbsp;</p>', '2018-02-08', '2018-02-23', '2018-02-23', 'Recherches de compositions', 1, 0, 'Les grandes règles de composition sont-t\'elles respectées par les réalisateurs?', 3, 'pdf', 1, 0),
(118, 8, 1, 1, '2017-2018', '<h3>Remise</h3>\r\n<p>H.264, .mp4, 720p 25i/s</p>', '2018-02-13', '2018-03-04', '2018-03-04', 'ALMD Antoine Cuypers', 1, 0, 'Si tu étais Antoine Cuypers, mais sans budget, que réaliserais-tu?', 3, 'mp4', 1, 0),
(119, 8, 1, 1, '2017-2018', '<p>Pour chaque grande r&egrave;gle de composition, recherche 2 images trouv&eacute;es dans des films reconnus:</p>\r\n<ol>\r\n<li>De l\'air devant le regard</li>\r\n<li>La r&eacute;gle des tiers</li>\r\n<li>Le centrage</li>\r\n<li>La sym&eacute;trie</li>\r\n<li>Les lignes de force</li>\r\n<li>Le surcadrage</li>\r\n</ol>\r\n<p>Remets le tout dans un PDF (via libreoffice), en renseignant le nom du film, le r&eacute;alisateur et l\'ann&eacute;e de production.</p>\r\n<p>&nbsp;</p>', '2018-02-08', '2018-03-06', '2018-03-06', 'Recherches de compositions', 1, 0, 'Les grandes règles de composition sont-t\'elles respectées par les réalisateurs?', 3, 'pdf', 1, 0),
(120, 1, 1, 1, '2017-2018', '<div data-canvas-width=\"123.4340490797546\">Vous allez constituer des groupes de deux &eacute;l&egrave;ves (une photo diff&eacute;rente par &eacute;l&egrave;ve) qui choisiront 1 des 9 d&eacute;fis &agrave; r&eacute;aliser en 2 heures.</div>\r\n<div data-canvas-width=\"123.4340490797546\">&nbsp;</div>\r\n<div data-canvas-width=\"35.676380368098165\">Etapes:</div>\r\n<div data-canvas-width=\"139.58021472392642\">&nbsp;</div>\r\n<ol>\r\n<li data-canvas-width=\"139.58021472392642\">Effectuer les prises de vue</li>\r\n<li data-canvas-width=\"139.58021472392642\">Seulement si demand&eacute; par les consignes,, les travailler sur Photoshop</li>\r\n<li data-canvas-width=\"139.58021472392642\">Copier les photos dans le dossier MASTER correspondant.</li>\r\n</ol>\r\n<div data-canvas-width=\"430.36901840490805\">Une grande attention sera port&eacute;e sur la technique et l&rsquo;aspect artistique de votre travail (50/50).</div>', '2018-02-08', '2018-06-07', '2018-06-07', 'Défis techniques 3', 1, 0, 'Démontrez vos compétences audiovisuelles en réalisant des photographies épatantes', 4, 'jpg', 1, 0),
(121, 6, 1, 1, '2017-2018', '<p>Remettez sous forme d\'un fichier PDF:</p>\r\n<p>-- Une maquette de votre roman photo</p>\r\n<p>-- Le titre, l\'auteur et le lien de la vid&eacute;o &agrave; sonoriser.&nbsp;</p>', '2018-03-13', '2018-03-20', '2018-03-20', 'Préparation P3', 1, 0, 'Vous préparez les projets de la P3', 4, 'jpg', 1, 0),
(122, 1, 1, 1, '2017-2018', '<div data-canvas-width=\"123.4340490797546\">Vous allez constituer des groupes de deux &eacute;l&egrave;ves (une photo diff&eacute;rente par &eacute;l&egrave;ve) qui choisiront 1 des 9 d&eacute;fis &agrave; r&eacute;aliser en 2 heures.</div>\r\n<div data-canvas-width=\"123.4340490797546\">&nbsp;</div>\r\n<div data-canvas-width=\"35.676380368098165\">Etapes:</div>\r\n<div data-canvas-width=\"139.58021472392642\">&nbsp;</div>\r\n<ol>\r\n<li data-canvas-width=\"139.58021472392642\">Effectuer les prises de vue</li>\r\n<li data-canvas-width=\"139.58021472392642\">Seulement si demand&eacute; par les consignes,, les travailler sur Photoshop</li>\r\n<li data-canvas-width=\"139.58021472392642\">Copier les photos dans le dossier MASTER correspondant.</li>\r\n</ol>\r\n<div data-canvas-width=\"430.36901840490805\">Une grande attention sera port&eacute;e sur la technique et l&rsquo;aspect artistique de votre travail (50/50).</div>', '2018-02-15', '2018-03-15', '2018-03-15', 'Défis techniques 4', 1, 0, 'Démontrez vos compétences audiovisuelles en réalisant des photographies épatantes', 4, 'jpg', 1, 0),
(123, 1, 1, 1, '2017-2018', '', '2018-03-08', '2018-06-07', '2018-06-07', 'Colorisation', 1, 0, 'Une vielle photo en noir et blanc à coloriser? Défi accepté!', 4, 'jpg', 1, 0),
(124, 1, 1, 1, '2017-2018', '<p>Remettez 3 photographies:</p>\r\n<ul>\r\n<li>1 d\'un &eacute;clairage &agrave; 3 points classique</li>\r\n<li>2 de variations personnelles de ce setup</li>\r\n</ul>\r\n<p>Les photographies doivent &ecirc;tre, au plus large en plan poitrine.<br />Vous travaillerez en noir et blanc.&nbsp;</p>', '2018-03-22', '2018-06-07', '2018-06-07', 'L\'éclairage à 3 points', 0, 0, 'Vous découvrez l\'éclairage à 3 points, qu\'en ferez-vous?', 4, 'jpg', 3, 0),
(125, 6, 1, 1, '2017-2018', '<h2>Contraintes</h2>\r\n<ul>\r\n<li>Une seule page&nbsp;</li>\r\n<li>Format A4, portrait</li>\r\n<li>Couleur ou noir et blanc</li>\r\n<li>Pr&eacute;sence de phylact&egrave;res</li>\r\n</ul>', '2018-03-16', '2018-06-08', '2018-06-08', 'Roman photo', 1, 0, 'Tu réalises un roman-photo pour un magazine dédié aux jeunes.', 4, 'jpg', 1, 0),
(126, 6, 1, 1, '2017-2018', '', '2018-03-16', '2018-06-08', '2018-06-08', 'Musicless Video', 1, 0, '', 4, 'mp4', 1, 0),
(127, 8, 1, 1, '2017-2018', '<ol>\r\n<li>Avec l\'aide de ton professeur, mets en place un &eacute;clairage pour fond vert et pour ton mod&egrave;le (attention raccords de lumi&egrave;re avec le fond &agrave; incruster!)</li>\r\n<li>Capte l\'image de la mani&egrave;re la plus pr&eacute;cise (mise au point, exposition, gain)</li>\r\n<li>A l\'aide du Logiciel Premiere, r&eacute;alise le ChromaKey (Effets: UltraKey + Correcteur Chromatique Rapide)</li>\r\n<li>Prends soin d\'obtenir l\'image la plus raccord possible (balance des blancs, direction de la lumi&egrave;re, contrastes, exposition, etc.)</li>\r\n<li>Exporte ta production</li>\r\n</ol>', '2017-09-01', '2018-06-30', '2018-06-30', 'ChromaKey & Colorisation', 1, 0, 'Tu disposes des locaux pour expérimenter le ChromaKey', 4, 'mp4', 1, 0),
(128, 6, 1, 1, '2017-2018', '<p>Mettez vous dans la peau d&rsquo;un photographe de studio et faites le portrait d&rsquo;un de votre camarade de<br />classe. Vous dirigerez votre mod&egrave;le et dirigerez de A &agrave; Z votre shooting.</p>\r\n<p>Mettez en avant un trait de caract&egrave;re et exprimez-le au travers de votre photo. Le cadrage et la lumi&egrave;re<br />devront refl&eacute;ter votre vision de la personnalit&eacute; de votre mod&egrave;le. La pose sera &eacute;galement primordiale.</p>\r\n<p>Vous pouvez utiliser costumes et accessoires mais la prise de vue se fera uniquement en studio.</p>\r\n<p><strong>Pistes de recherche</strong></p>\r\n<p>S&eacute;lection &laquo;Portrait&raquo; des exemples photo dans le r&eacute;pertoire CONSIGNES. Studio Harcourt.</p>\r\n<p><strong>Pistes plastiques</strong></p>\r\n<ul>\r\n<li>Noir et blanc, contraste, grain, format carr&eacute;, effet vintage, etc.</li>\r\n<li>Ombre douces, dures, 3 points, motifs lumineux, contre-jours, model&eacute; du visage, etc.</li>\r\n<li>Cadrage serr&eacute; (intimit&eacute;) ou large, profondeur de champ.</li>\r\n<li>R&eacute;alisme, exag&eacute;ration d&rsquo;un trait de caract&egrave;re, d&rsquo;une situation.</li>\r\n</ul>', '2017-09-01', '2018-06-08', '2018-06-08', 'Tirage Harcourt', 1, 0, 'Un ami vous demande de lui tirer le portrait pour son profil de réseau social', 4, 'jpg', 1, 0),
(129, 1, 1, 1, '2017-2018', '', '2018-05-24', '2018-05-31', '2018-05-31', '[TECHNO] Silhouettes', 1, 0, '', 4, 'jpg', 3, 0),
(130, 7, 1, 1, '2017-2018', '<p>A l\'aide d\'au moins 3 cam&eacute;ra essaye d\'effectuer un montage en multicam &agrave; l\'aide de Premiere.</p>\r\n<h4>Remises</h4>\r\n<ul>\r\n<li>Un export du travail termin&eacute;</li>\r\n<li>Le projet .pproj dans le dossier MASTER de la cin&eacute;mat&egrave;que</li>\r\n</ul>', '2018-05-17', '2018-06-15', '2018-06-15', '[TECHNO] Multicam', 1, 0, 'Expérimente la technique du MultiCam et tires-en les leçons!', 4, 'mp4', 1, 0),
(131, 1, 1, 1, '2017-2018', '<p>Remets:</p>\r\n<ul>\r\n<li>une photo d\'identit&eacute; (effectu&eacute;e en studio), comme demand&eacute;e pour la carte d\'identit&eacute;.</li>\r\n<li>un portrait cr&eacute;atif du m&eacute;me mod&egrave;le, technique libre.</li>\r\n</ul>\r\n<p>&nbsp;</p>\r\n<p>&nbsp;</p>', '2018-05-17', '2018-06-07', '2018-06-07', 'Photo d\'identité VS Portrait', 1, 0, 'Montre le différence entre une photo de photomaton et celle d\'un portraitiste', 4, 'jpg', 2, 0),
(132, 6, 1, 1, '2017-2018', '<p>Utilise les &eacute;tapes de mixage vues au cours pour t\'aider</p>', '2018-05-25', '2018-06-08', '2018-06-08', 'Mixage musical', 1, 0, 'Un ami musicien te demande de mixer le cd démo de son groupe', 4, 'wav', 1, 0),
(133, 6, 1, 1, '2017-2018', '<p>Cr&eacute;&eacute; ton clip musical &agrave;&nbsp;la mani&egrave;re de la vid&eacute;o \"The Reverse Clip\"</p>', '2018-05-25', '2018-06-08', '2018-06-08', 'Reverse Video', 1, 0, 'Après avoir vu un clip musical inversé, tu souhaites essayer de faire de même', 4, 'mp4', 1, 0),
(134, 7, 1, 1, '2017-2018', '<p>- Utilisation d\'un cadre cin&eacute;ma (cinemascope, etc)</p>\r\n<p>- Respect des r&ecirc;gles de composition</p>\r\n<p>- Balance des blancs correcte</p>\r\n<p>- Bonne exposition</p>\r\n<p>- Travail de la lumi&egrave;re</p>\r\n<p>- Colorim&eacute;trie</p>\r\n<p>&nbsp;</p>\r\n<h3>&nbsp;Remises</h3>\r\n<p>La s&eacute;quence amateur</p>\r\n<p>La s&eacute;quence \"Audiovisuel\"</p>', '2018-05-17', '2018-06-28', '2018-06-28', 'Amateur VS Audiovisuel', 1, 0, 'Montre la différence entre une séquence tournée par un amateur et celle par un Audiovisuel', 4, 'mp4', 2, 0),
(135, 7, 1, 1, '2017-2018', '<p>Corrige la colorim&eacute;trie de ton projet personnel</p>', '2018-05-10', '2018-06-28', '2018-06-28', 'Colorimétrie PP', 1, 0, 'Montre ta maîtrise de la colorimétrie', 4, 'mp4', 1, 0),
(136, 1, 1, 2, '2017-2018', '<p>Voir pdf.</p>', '2018-06-15', '2018-06-15', '2018-06-15', 'Examen Juin', 1, 0, '', 5, 'jpg', 2, 0),
(137, 6, 1, 2, '2017-2018', '', '2018-06-20', '2018-06-20', '2018-06-20', 'Exam Juin', 1, 0, 'Examen de Juin', 5, 'wav', 2, 0),
(138, 6, 1, 1, '2018-2019', '<p>Mettez vous dans la peau d&rsquo;un photographe de studio et faites le portrait d&rsquo;un de votre camarade de classe. Vous dirigerez votre mod&egrave;le et dirigerez de A &agrave; Z votre shooting.</p>\r\n<p>Mettez en avant un trait de caract&egrave;re et exprimez-le au travers de votre photo. Le cadrage et la lumi&egrave;re<br />devront refl&eacute;ter votre vision de la personnalit&eacute; de votre mod&egrave;le. La pose sera &eacute;galement primordiale.</p>\r\n<h4>Pistes de recherche</h4>\r\n<p>S&eacute;lection &laquo;Portrait&raquo; des exemples photo dans le r&eacute;pertoire CONSIGNES. Studio Harcourt.</p>\r\n<h4>Pistes plastiques</h4>\r\n<p>Noir et blanc, contraste, grain, format carr&eacute;, effet vintage, etc.<br />Ombre douces, dures, 3 points, motifs lumineux, contre-jours, model&eacute; du visage, etc.<br />Cadrage serr&eacute; (intimit&eacute;) ou large, profondeur de champ.<br />R&eacute;alisme, exag&eacute;ration d&rsquo;un trait de caract&egrave;re, d&rsquo;une situation.</p>', '2018-09-11', '2018-10-23', '2018-10-23', 'Portraits', 1, 0, 'Vous êtes apprenti photographe, un client vous demande de lui faire un portrait créatif, mais qui reflète à sa personnalité.', 1, 'jpg', 1, 0),
(139, 6, 1, 1, '2018-2019', '', '2018-09-11', '2018-10-02', '2018-10-02', 'L abcdaire', 0, 0, '', 3, 'jpg', 1, 0),
(140, 1, 1, 1, '2018-2019', '<p>A l\'aide des r&eacute;glages suivants, r&eacute;alise plusieurs photographies en lightpainting:</p>\r\n<p>- Les ISO r&eacute;gl&eacute;s sur 800<br />- Le temps de pose sur Bulb<br />- Le diaphragme sera utilis&eacute; pour l\'exposition</p>\r\n<p>Contrainte: Ta photographie devra contenir au moins: 1 coup de flash et une intervention de lightpainting.</p>\r\n<p>Remet ensuite <strong>la meilleure photographie</strong>&nbsp; que tu as r&eacute;alis&eacute;.</p>\r\n<p><strong>Soit cr&eacute;atif et n\'aie pas peur d\'explorer les techniques!</strong></p>\r\n<h3>Pour aller plus loin</h3>\r\n<p>Plus d\'informations sur la technique: <a href=\"https://fr.wikipedia.org/wiki/Light_painting\">https://fr.wikipedia.org/wiki/Light_painting</a></p>\r\n<p><iframe src=\"//player.vimeo.com/video/142250486?title=0&amp;byline=0\" width=\"425\" height=\"350\"></iframe></p>', '2018-09-27', '2018-10-24', '2018-10-24', 'Lightpainting - Création', 1, 0, 'Tu viens de découvrir des photographies en lightpainting, à ton tour maintenant d\'utiliser la technique!', 1, 'jpg', 1, 0),
(141, 1, 1, 1, '2018-2019', '<p>A l\'aide des r&eacute;glages suivants, r&eacute;alise plusieurs photographies en lightpainting:</p>\r\n<p>- Les ISO r&eacute;gl&eacute;s sur 800<br />- Le temps de pose sur Bulb<br />- Le diaphragme sera utilis&eacute; pour l\'exposition</p>\r\n<p>Contrainte: Ta photographie devra reproduire aussi fid&egrave;lement que possible la photographie en exemple.</p>\r\n<p>&nbsp;</p>\r\n<p>&nbsp;</p>', '2018-09-20', '2018-10-24', '2018-10-24', 'Lightpainting - Boule de feu', 1, 0, 'Allons un peu plus loin dans le lightpainting!', 1, 'jpg', 1, 0),
(142, 1, 1, 1, '2018-2019', '<p>A l\'aide des r&eacute;glages suivants, r&eacute;alise plusieurs photographies en lightpainting:</p>\r\n<p>- Les ISO r&eacute;gl&eacute;s sur 800<br />- Le temps de pose sur Bulb<br />- Le diaphragme sera utilis&eacute; pour l\'exposition</p>\r\n<p>&nbsp;</p>\r\n<p>Ta photographie devra ressembler &agrave; ceci (couleur, fond, taille), mais avec ton pr&eacute;nom:</p>\r\n<p><img src=\"https://s14-eu5.startpage.com/cgi-bin/serveimage?url=https%3A%2F%2Fi.ytimg.com%2Fvi%2FlSYkNiBrhYI%2Fmaxresdefault.jpg&amp;sp=95f980798e4d8309ee275e7e33253a02\" alt=\"\" width=\"359\" height=\"202\" /></p>\r\n<p>&nbsp;</p>', '2018-09-13', '2018-10-04', '2018-10-04', 'Lightpainting - Ecriture', 1, 0, 'Allons un peu plus loin dans le lightpainting!', 1, 'jpg', 1, 0),
(143, 7, 1, 1, '2018-2019', '<p>Afin de d&eacute;montrer vos talents en cin&eacute;matographie (&eacute;criture, photographie, tournage, montage), la production vous demande de r&eacute;aliser un tr&egrave;s court m&eacute;trage dans le style d&rsquo;un film noir.</p>\r\n<h4>Contraintes</h4>\r\n<ul>\r\n<li>Une petite sc&egrave;ne (max. 10 sec), dans l&rsquo;ambiance d&rsquo;un film noir.</li>\r\n<li>Une petite intrigue doit &ecirc;tre pr&eacute;sente.</li>\r\n<li>Image noir et blanc (version pro: avec grain et travail des contrastes).</li>\r\n<li>Sc&eacute;nographie soign&eacute;e.</li>\r\n<li>&Eacute;clairage, cadrage et ratio dans le style typique d\'un &laquo;Film noir&raquo;.</li>\r\n</ul>\r\n<p><strong>&nbsp;Le mixage son sera fait &agrave; la p&eacute;riode 3</strong></p>', '2018-09-14', '2018-09-14', '2018-09-14', 'ALMD / Film noir / Cave', 1, 0, 'Vous réalisez un film à la manière d\'un film noir', 1, 'mp4', 1, 0),
(144, 8, 1, 1, '2018-2019', '<p>R&eacute;alisez un plan-s&eacute;quence d\'au moins 60 secondes avec pour th&egrave;me la rentr&eacute;e scolaire</p>', '2018-09-11', '2018-09-25', '2018-09-25', 'Plan Séquence', 1, 0, 'Retrouvons le contact avec la caméra', 1, 'mp4', 1, 0),
(145, 9, 1, 1, '2018-2019', '<p>Remettre:&nbsp;</p>\r\n<p>- 2 photographies dans lesquelles le sujet est fig&eacute; (effet l&eacute;vitation, super h&eacute;ro, etc..)</p>\r\n<p>-1 photographie <strong>SPECTACULAIRE : soit</strong>&nbsp;utilisant la technique du fil&eacute;, <strong>soit</strong> utilisant le traveling compens&eacute;</p>', '2018-09-25', '2018-10-23', '2018-10-23', 'Temps de poses', 1, 0, 'Échauffons-nous, revoyons les bases!', 1, 'jpg', 3, 0),
(146, 9, 1, 1, '2018-2019', '<p>Remettre:&nbsp;</p>\r\n<p>- 2 photographies dans lesquelles la profondeur de champ est <strong>tr&egrave;s</strong> grande</p>\r\n<p>- 2 photographies dans lesquelles la profondeur de champ est <strong>tr&egrave;s&nbsp;</strong>petite</p>\r\n<p>-1 portrait avec une <strong>petite</strong> profondeur de champ</p>', '2018-09-25', '2018-10-23', '2018-10-23', 'La profondeur de champ', 1, 0, 'Échauffons-nous, revoyons les bases!', 1, 'jpg', 5, 0),
(147, 9, 1, 1, '2018-2019', '', '2018-09-11', '2018-09-11', '2018-09-11', 'Sensibilité ISO', 1, 1, 'As-tu bien compris comment utiliser les ISO?', 1, '', 0, 1),
(148, 2, 1, 2, '2018-2019', '<p>-</p>', '2018-10-25', '2018-10-25', '2018-10-25', 'Consignes de sécurité (écrit)', 1, 1, 'Passe ton badge d\'électricien plateau', 1, '', 0, 1),
(149, 1, 1, 1, '2018-2019', '<p>Remets une photographie dans laquelle tu exploites les temps de pose tr&egrave;s courts (1/200 - 1/1000 s).</p>', '0000-11-30', '2018-10-25', '2018-10-25', 'Lévitations', 1, 0, 'Tu découvres les temps de pose très courts, exploite-les afin de produire une photographie créative!', 1, 'jpg', 1, 0),
(150, 9, 1, 1, '2018-2019', '', '2018-10-16', '2018-10-16', '2018-10-16', 'Lumière!', 1, 1, 'Montre tes compétences en éclairage photo', 1, '', 0, 1),
(151, 6, 1, 2, '2018-2019', '', '2018-10-23', '2018-10-24', '2018-10-24', 'Badge de photographe', 1, 0, 'Montre que tu es devenu un pro du mode manuel!', 1, 'jpg', 1, 0),
(152, 1, 1, 2, '2018-2019', '<p>-</p>', '2018-10-25', '2018-10-25', '2018-10-25', 'Consignes de sécurité (pratique)', 1, 0, 'Passe ton badge d\'électricien plateau', 1, '', 1, 0),
(153, 1, 1, 3, '2018-2019', '', '2018-10-25', '2018-11-15', '2018-11-15', 'GORE', 0, 0, 'Un spécial Halloween?', 3, 'jpg', 1, 0),
(154, 2, 1, 1, '2018-2019', '', '2018-10-11', '2018-10-11', '2018-10-11', 'Évaluation de parcours', 1, 1, 'Après 1 mois en Audiovisuel, où en es-tu?', 1, '', 0, 1),
(155, 2, 1, 1, '2018-2019', '', '2018-09-13', '2018-09-13', '2018-09-13', 'Lightpainting - Fiche d\'activité', 1, 1, 'Explique à un débutant comment faire du lightpainting', 1, '', 0, 1),
(156, 10, 1, 1, '2018-2019', '', '2018-10-05', '2018-10-05', '2018-10-05', 'Signal numérique / Analogique', 1, 1, 'As-tu compris ce qu\'un signal numérique?', 1, '', 0, 1),
(157, 11, 1, 1, '2018-2019', '', '2018-10-10', '2018-10-10', '2018-10-10', 'Plans de feux', 1, 1, 'Réalise les plans de feux des exercices pratiques', 1, '', 0, 1),
(158, 10, 1, 1, '2018-2019', '', '2018-10-02', '2018-10-02', '2018-10-02', 'Mouvements de caméra (écrit)', 1, 1, 'Effectue le compte-rendu de l\'exercice pratique \"Mouvements de caméra\"', 1, '', 0, 1),
(159, 9, 1, 1, '2018-2019', '', '2018-10-10', '2018-10-02', '2018-10-02', 'ISO, PdC et TdP', 1, 1, 'Effectue le travail à l\'aide de l\'appareil photo', 1, '', 0, 1),
(160, 11, 1, 1, '2018-2019', '', '2018-10-17', '2018-10-25', '2018-10-25', 'Recherche / composition', 1, 1, 'Illustre le cours avec 3 exemples par composition vue au cours.', 1, '', 0, 1),
(161, 9, 1, 1, '2018-2019', '<p>R&eacute;sltat demand&eacute;:</p>\r\n<p>4 photographies en noir et blanc, bien expos&eacute;es, mises au net et &eacute;quilibr&eacute;es:&nbsp;</p>\r\n<ul>\r\n<li>Loop,</li>\r\n<li>Butterfly (Batman),</li>\r\n<li>Rembrandt,</li>\r\n<li>Split</li>\r\n</ul>', '2018-11-08', '2018-11-29', '2018-11-29', 'Eclairages à 1 point', 1, 0, 'Exerce-toi à mettre en place des éclairages à 1 point', 3, 'jpg', 4, 0),
(162, 1, 1, 1, '2018-2019', '', '2018-11-15', '2019-01-31', '2019-01-31', 'Perspective', 1, 0, 'Comment dessiner un décor de manière réaliste?', 3, 'jpg', 1, 0),
(163, 1, 1, 1, '2018-2019', '', '2018-11-15', '2019-01-31', '2019-01-31', 'Abc-daire', 1, 0, 'Les lettres de l\'alphabet sans l\'alphabet?', 3, 'jpg', 1, 0),
(164, 6, 1, 1, '2018-2019', '', '2018-10-18', '2018-12-06', '2018-12-06', 'Sonorisation', 1, 0, 'Sonorise ton stopmotion!', 3, 'mp4', 1, 0),
(165, 1, 1, 2, '2018-2019', '<ul>\r\n<li>Une grande profonderu de champ</li>\r\n<li>Une petite profondeur de champ</li>\r\n</ul>', '2018-12-11', '2018-12-11', '2018-12-11', 'Examen de laboratoire', 1, 0, 'Montre que tu es devenu un pro du mode manuel!', 2, 'jpg', 2, 0),
(166, 7, 1, 2, '2018-2019', '<p>Voir document papier</p>', '2018-12-12', '2018-12-12', '2018-12-12', 'Examen: Utilisation de la caméra', 1, 0, 'Montre ta maîtrise des caméras de l\'option', 2, 'mp4', 1, 0),
(167, 6, 1, 2, '2018-2019', '<p>Monter en 5 minutes maximum deux de ces 4 &eacute;clairages, tir&eacute; au sort:</p>\r\n<ol>\r\n<li>Butterfly,</li>\r\n<li>Rembrandt,</li>\r\n<li>Loop,</li>\r\n<li>Split.</li>\r\n</ol>\r\n<p>Rangez ensuite le mat&eacute;riel dans le temps imparti.</p>\r\n<ul>\r\n<li>Les tr&eacute;pieds seront install&eacute;s correctement, bien point&eacute;s.</li>\r\n<li>Les projecteurs et rallonges seront ensuite rang&eacute;s et enroul&eacute;s</li>\r\n</ul>\r\n<p>Les consignes de s&eacute;curit&eacute; doivent imp&eacute;rativement &ecirc;tre respect&eacute;es.</p>', '2018-12-18', '2018-12-18', '2018-12-18', 'Examen', 1, 0, 'Démontre ta maîtrise du portrait de studio!', 2, 'jpg', 2, 0),
(168, 1, 1, 1, '2018-2019', '', '2019-01-22', '2019-02-14', '2019-02-14', 'Colorisation', 1, 0, 'Une vielle photo en noir et blanc à coloriser? Défi accepté!', 3, 'jpg', 1, 0),
(169, 1, 1, 1, '2018-2019', '<h3>Pistes techniques</h3>\r\n<p><strong>Les questions &agrave; se poser pendant la prise de vue:</strong></p>\r\n<ul>\r\n<li>De combien de photographies ai-je besoin?</li>\r\n<li>Comment aider la superposition de mes images?</li>\r\n<li>Comment me faciliter le d&eacute;tourage?</li>\r\n<li>Ai-je la place pour mettre mes clones?</li>\r\n<li>Comment faire en sorte que mes images aient une luminosit&eacute; identique?</li>\r\n<li>Les ombres sont-elles un probl&egrave;me?</li>\r\n</ul>\r\n<h3>Produit attendu</h3>\r\n<ul>\r\n<li>Une photographie vous repr&eacute;sentant avec au moins 2 clones.</li>\r\n<li>Mise au point pr&eacute;cise.</li>\r\n<li>Exposition parfaite.</li>\r\n<li>Traitement infographique soign&eacute;.</li>\r\n<li>R&eacute;sultat r&eacute;aliste.</li>\r\n<li>Id&eacute;e cr&eacute;ative</li>\r\n</ul>', '2019-01-10', '2019-01-31', '2019-01-31', 'Moi et mes clones', 1, 0, 'Vous devez réaliser des clones. Comment ferez-vous?', 3, 'jpg', 1, 0),
(170, 1, 1, 1, '2018-2019', '<p>Remets un portrait contenant au minimum des parties de visage de 2 personnes.&nbsp;</p>\r\n<p>Le travail sera soign&eacute; et pr&eacute;&ccedil;is. Les meilleurs portraits seront imprim&eacute;s.</p>', '2019-01-22', '2019-01-31', '2019-01-31', 'Les élèves de l\'étrange', 1, 0, 'Manipulations génétiques, croisements improbable? Non, juste Photoshop!', 3, 'jpg', 1, 0),
(171, 8, 1, 1, '2018-2019', '', '2019-01-08', '2019-02-19', '2019-02-19', 'Colorimétrie PP', 1, 0, '', 3, 'mp4', 1, 0),
(172, 1, 1, 1, '2018-2019', '<h3>&nbsp;</h3>\r\n<p>&nbsp;</p>', '2019-01-24', '2019-02-07', '2019-02-07', 'Double Exposition', 1, 0, 'Vous devez réaliser des clones. Comment ferez-vous?', 3, 'jpg', 1, 0),
(173, 1, 1, 2, '2018-2019', '<ul>\r\n<li>Une grande profonderu de champ</li>\r\n<li>Une petite profondeur de champ</li>\r\n</ul>', '2019-02-07', '2019-02-21', '2019-02-21', 'Badge photographe', 1, 0, 'Montre que tu es devenu un pro du mode manuel!', 3, 'jpg', 2, 0),
(174, 1, 1, 2, '2018-2019', '<p>-</p>', '2019-02-07', '2019-02-07', '2019-02-07', 'Consignes de sécurité (pratique)', 1, 0, 'Passe ton badge d\'électricien plateau', 3, '', 1, 0),
(175, 6, 1, 1, '2018-2019', '<p>Sonorisez un bout de vid&eacute;o, r&eacute;alis&eacute; par vous ou non.&nbsp;</p>\r\n<p>La bande son doit comporter au minimum:</p>\r\n<ul>\r\n<li>1 ambiance</li>\r\n<li>3 bruitages enregistr&eacute;s par vos soins</li>\r\n<li>3 bruitages externes&nbsp;</li>\r\n</ul>\r\n<p>ournez des petits plans</p>', '2019-01-29', '2019-06-04', '2019-06-04', 'Sonorisation II, le Retour', 1, 0, 'Un musicless ou un détournement sonore? En serez-vous capables?', 4, 'mp4', 1, 0),
(176, 1, 1, 1, '2018-2019', '<div data-canvas-width=\"123.4340490797546\">Vous allez constituer des groupes de deux &eacute;l&egrave;ves (une photo diff&eacute;rente par &eacute;l&egrave;ve) qui choisiront 1 des 9 d&eacute;fis &agrave; r&eacute;aliser en 2 heures.</div>\r\n<div data-canvas-width=\"123.4340490797546\">&nbsp;</div>\r\n<div data-canvas-width=\"35.676380368098165\">Etapes:</div>\r\n<div data-canvas-width=\"139.58021472392642\">&nbsp;</div>\r\n<ol>\r\n<li data-canvas-width=\"139.58021472392642\">Effectuer les prises de vue</li>\r\n<li data-canvas-width=\"139.58021472392642\">Seulement si demand&eacute; par les consignes, les travailler sur Photoshop</li>\r\n<li data-canvas-width=\"139.58021472392642\">Copier les photos dans le dossier MASTER correspondant.</li>\r\n</ol>\r\n<div data-canvas-width=\"430.36901840490805\">Une grande attention sera port&eacute;e sur la technique et l&rsquo;aspect artistique de votre travail (50/50).</div>\r\n<div data-canvas-width=\"430.36901840490805\">&nbsp;</div>\r\n<h3 data-canvas-width=\"430.36901840490805\">D&eacute;fis</h3>\r\n<div class=\"page\" data-page-number=\"2\" data-loaded=\"true\">\r\n<div class=\"textLayer\">\r\n<h4>a. Cr&eacute;er une foule d&rsquo;ombre, &agrave; la fa&ccedil;on d&rsquo;Alexey Titarenko (****)</h4>\r\n<div>Avec l&rsquo;aide de 3 ou 4 figurants, vous allez donner l&rsquo;impression qu&rsquo;un lieu est</div>\r\n<div>noir de monde.</div>\r\n<div>Cherchez un lieu dans lequel sont susceptible de passer beaucoup de personnes, tels que des rampes,</div>\r\n<div>un escalier, un couloir...</div>\r\n<div>Photoshop ne DOIT PAS &ecirc;tre utilis&eacute;. La photo sera en noir et blanc.</div>\r\n<div>Indices techniques: Temps de pose tr&egrave;s long, jouez sur des arr&ecirc;ts, des mouvements particuliers.</div>\r\n<h4>b. R&eacute;aliser un panorama de&nbsp;180 ou&nbsp;360&deg;&nbsp;(**)</h4>\r\n<div>Le principe est de &laquo;recoller&raquo; c&ocirc;te &agrave; c&ocirc;te sur Photoshop des photos prises d&rsquo;un m&ecirc;me axe mais sous des</div>\r\n<div>angles diff&eacute;rents pour reconstituer un panorama.</div>\r\n<div>Indices techniques: Utiliser un pied, bloquez les r&eacute;glages en manuel, faites une photo par tranche de</div>\r\n<div>10-30&deg; selon la focale, faites attention aux d&eacute;formations dues au grand angle.</div>\r\n<div>Conseils: Les r&eacute;sultats sont meilleurs dans un grand espace et &agrave; une longueur focale d&rsquo;environ 45 mm.</div>\r\n<h4>c. Cr&eacute;er un high-key en lumi&egrave;re naturelle (*)</h4>\r\n<div>Indices techniques: Surexposition, utilisation de zones tr&egrave;s &eacute;clair&eacute;es, d&rsquo;habits clairs, ...</div>\r\n<div>Photoshop ne DOIT PAS &ecirc;tre utilis&eacute;.</div>\r\n<h4>d. Raconter une mini-histoire en cinq photos (*)</h4>\r\n<div>R&eacute;alisez une suite de 5 images racontant une petite histoire que vous assemblerez &ndash; dans Photoshop &ndash;</div>\r\n<div>&agrave; la fa&ccedil;on de photos prises dans un photomaton.</div>\r\n<h4>e. Cr&eacute;er des clones (*)</h4>\r\n<div>Le principe est de prendre en photo un mod&egrave;le &agrave; diff&eacute;rents endroits d&rsquo;une sc&egrave;ne</div>\r\n<div>sans changer de place,&nbsp;d&rsquo;angle ou de focale, le mod&egrave;le &agrave; cloner sera ensuite copi&eacute;-coll&eacute; dans Photoshop.</div>\r\n<div>Indices techniques: Utilisation d&rsquo;un pied et bloquer l&rsquo;appareil en mode manuel.</div>\r\n<h4>f. Faire une fausse photo d&rsquo;ovni (**)</h4>\r\n<div>Cr&eacute;ez une fausse preuve de l&rsquo;existence des soucoupes volantes,</div>\r\n<div>un &laquo;t&eacute;moin&raquo; qui montre&nbsp;le ph&eacute;nom&egrave;ne&nbsp;doit&nbsp;&ecirc;tre pr&eacute;sent sur la photo.</div>\r\n<div>Photoshop ne DOIT PAS &ecirc;tre utilis&eacute;.</div>\r\n<div>Indices techniques: Photo prise sur le vif, utilisation de la canne &agrave; p&ecirc;che et d&rsquo;un objet rond, jeux de</div>\r\n<div>reflets, utilisation du flou de boug&eacute;, etc.</div>\r\n<h4>g. Faire une fausse photo de fant&ocirc;me (***)</h4>\r\n<div>Indices techniques: Jeux de reflets, d&rsquo;ombre, d&rsquo;utilisation du flou de boug&eacute;, etc.</div>\r\n<div>Mise en sc&egrave;ne dramatique, en noir et blanc, etc.</div>\r\n<div>Un &laquo;t&eacute;moin&raquo; qui montre le ph&eacute;nom&egrave;ne doit &ecirc;tre pr&eacute;sent sur la photo.</div>\r\n<div>Photoshop ne DOIT PAS &ecirc;tre utilis&eacute;.</div>\r\n<h4>h. Incruster un mod&egrave;le derri&egrave;re une diapositive(***)</h4>\r\n<div>Utilisez le projecteur dia ou vid&eacute;o afin de faire croire que votre mod&egrave;le est dans un lieu o&ugrave; il n&rsquo;est pas.</div>\r\n<div>Lumi&egrave;re, couleurs, profondeur de champ, perspective devront &ecirc;tre &laquo;raccord&raquo;.</div>\r\n<div>Photoshop ne DOIT PAS &ecirc;tre utilis&eacute;.</div>\r\n<div>Indices techniques: Utilisation des g&eacute;latines ou mode noir et blanc, utilisation des projecteurs, des volets,</div>\r\n<div>du snoot, de caches, des parapluies, des r&eacute;flecteurs, etc.</div>\r\n<div class=\"endOfContent\">&nbsp;</div>\r\n</div>\r\n</div>\r\n<div class=\"page\" data-page-number=\"3\" data-loaded=\"true\">\r\n<div class=\"canvasWrapper\">&nbsp;</div>\r\n<div class=\"textLayer\">&nbsp;</div>\r\n</div>', '2019-02-14', '2019-02-14', '2019-02-14', 'Défis techniques 1', 1, 0, 'Démontrez vos compétences audiovisuelles en réalisant des photographies épatantes', 4, 'jpg', 1, 0),
(177, 2, 1, 1, '2018-2019', '<p>Remets 5 photographies bien expos&eacute;es et mises au point.</p>\r\n<ol>\r\n<li>Int&eacute;rieur avec balance des blancs int&eacute;rieur</li>\r\n<li>Int&eacute;rieur avec balance des blancs&nbsp;soleil</li>\r\n<li>Ext&eacute;rieur avec balance des blancs int&eacute;rieur</li>\r\n<li>Ext&eacute;rieur avec balance des blancs&nbsp;ext&eacute;rieur (soleil)</li>\r\n<li>Balance des blancs personnalis&eacute;e avec g&eacute;latine violet</li>\r\n</ol>', '2019-02-21', '2019-02-21', '2019-02-21', 'Balance tes blancs', 1, 0, 'Mets en pratique le cours théorique!', 3, 'jpg', 5, 0);
INSERT INTO `project` (`id`, `course_id`, `teacher_id`, `assessment_type_id`, `school_year`, `instructions`, `start_date`, `hard_deadline`, `soft_deadline`, `name`, `activated`, `external`, `context`, `term_id`, `file_extension`, `number_of_files`, `teacher_submitted`) VALUES
(178, 1, 1, 1, '2018-2019', '<div data-canvas-width=\"123.4340490797546\">Vous allez constituer des groupes de deux &eacute;l&egrave;ves (une photo diff&eacute;rente par &eacute;l&egrave;ve) qui choisiront 1 des 9 d&eacute;fis &agrave; r&eacute;aliser en 2 heures.</div>\r\n<div data-canvas-width=\"123.4340490797546\">&nbsp;</div>\r\n<div data-canvas-width=\"35.676380368098165\">Etapes:</div>\r\n<div data-canvas-width=\"139.58021472392642\">&nbsp;</div>\r\n<ol>\r\n<li data-canvas-width=\"139.58021472392642\">Effectuer les prises de vue</li>\r\n<li data-canvas-width=\"139.58021472392642\">Seulement si demand&eacute; par les consignes, les travailler sur Photoshop</li>\r\n<li data-canvas-width=\"139.58021472392642\">Copier les photos dans le dossier MASTER correspondant.</li>\r\n</ol>\r\n<div data-canvas-width=\"430.36901840490805\">Une grande attention sera port&eacute;e sur la technique et l&rsquo;aspect artistique de votre travail (50/50).</div>\r\n<div data-canvas-width=\"430.36901840490805\">&nbsp;</div>\r\n<h3 data-canvas-width=\"430.36901840490805\">D&eacute;fis</h3>\r\n<div class=\"page\" data-page-number=\"2\" data-loaded=\"true\">\r\n<div class=\"textLayer\">\r\n<h4>a. Cr&eacute;er une foule d&rsquo;ombre, &agrave; la fa&ccedil;on d&rsquo;Alexey Titarenko (****)</h4>\r\n<div>Avec l&rsquo;aide de 3 ou 4 figurants, vous allez donner l&rsquo;impression qu&rsquo;un lieu est</div>\r\n<div>noir de monde.</div>\r\n<div>Cherchez un lieu dans lequel sont susceptible de passer beaucoup de personnes, tels que des rampes,</div>\r\n<div>un escalier, un couloir...</div>\r\n<div>Photoshop ne DOIT PAS &ecirc;tre utilis&eacute;. La photo sera en noir et blanc.</div>\r\n<div>Indices techniques: Temps de pose tr&egrave;s long, jouez sur des arr&ecirc;ts, des mouvements particuliers.</div>\r\n<h4>b. R&eacute;aliser un panorama de&nbsp;180 ou&nbsp;360&deg;&nbsp;(**)</h4>\r\n<div>Le principe est de &laquo;recoller&raquo; c&ocirc;te &agrave; c&ocirc;te sur Photoshop des photos prises d&rsquo;un m&ecirc;me axe mais sous des</div>\r\n<div>angles diff&eacute;rents pour reconstituer un panorama.</div>\r\n<div>Indices techniques: Utiliser un pied, bloquez les r&eacute;glages en manuel, faites une photo par tranche de</div>\r\n<div>10-30&deg; selon la focale, faites attention aux d&eacute;formations dues au grand angle.</div>\r\n<div>Conseils: Les r&eacute;sultats sont meilleurs dans un grand espace et &agrave; une longueur focale d&rsquo;environ 45 mm.</div>\r\n<h4>c. Cr&eacute;er un high-key en lumi&egrave;re naturelle (*)</h4>\r\n<div>Indices techniques: Surexposition, utilisation de zones tr&egrave;s &eacute;clair&eacute;es, d&rsquo;habits clairs, ...</div>\r\n<div>Photoshop ne DOIT PAS &ecirc;tre utilis&eacute;.</div>\r\n<h4>d. Raconter une mini-histoire en cinq photos (*)</h4>\r\n<div>R&eacute;alisez une suite de 5 images racontant une petite histoire que vous assemblerez &ndash; dans Photoshop &ndash;</div>\r\n<div>&agrave; la fa&ccedil;on de photos prises dans un photomaton.</div>\r\n<h4>e. Cr&eacute;er des clones (*)</h4>\r\n<div>Le principe est de prendre en photo un mod&egrave;le &agrave; diff&eacute;rents endroits d&rsquo;une sc&egrave;ne</div>\r\n<div>sans changer de place,&nbsp;d&rsquo;angle ou de focale, le mod&egrave;le &agrave; cloner sera ensuite copi&eacute;-coll&eacute; dans Photoshop.</div>\r\n<div>Indices techniques: Utilisation d&rsquo;un pied et bloquer l&rsquo;appareil en mode manuel.</div>\r\n<h4>f. Faire une fausse photo d&rsquo;ovni (**)</h4>\r\n<div>Cr&eacute;ez une fausse preuve de l&rsquo;existence des soucoupes volantes,</div>\r\n<div>un &laquo;t&eacute;moin&raquo; qui montre&nbsp;le ph&eacute;nom&egrave;ne&nbsp;doit&nbsp;&ecirc;tre pr&eacute;sent sur la photo.</div>\r\n<div>Photoshop ne DOIT PAS &ecirc;tre utilis&eacute;.</div>\r\n<div>Indices techniques: Photo prise sur le vif, utilisation de la canne &agrave; p&ecirc;che et d&rsquo;un objet rond, jeux de</div>\r\n<div>reflets, utilisation du flou de boug&eacute;, etc.</div>\r\n<h4>g. Faire une fausse photo de fant&ocirc;me (***)</h4>\r\n<div>Indices techniques: Jeux de reflets, d&rsquo;ombre, d&rsquo;utilisation du flou de boug&eacute;, etc.</div>\r\n<div>Mise en sc&egrave;ne dramatique, en noir et blanc, etc.</div>\r\n<div>Un &laquo;t&eacute;moin&raquo; qui montre le ph&eacute;nom&egrave;ne doit &ecirc;tre pr&eacute;sent sur la photo.</div>\r\n<div>Photoshop ne DOIT PAS &ecirc;tre utilis&eacute;.</div>\r\n<h4>h. Incruster un mod&egrave;le derri&egrave;re une diapositive(***)</h4>\r\n<div>Utilisez le projecteur dia ou vid&eacute;o afin de faire croire que votre mod&egrave;le est dans un lieu o&ugrave; il n&rsquo;est pas.</div>\r\n<div>Lumi&egrave;re, couleurs, profondeur de champ, perspective devront &ecirc;tre &laquo;raccord&raquo;.</div>\r\n<div>Photoshop ne DOIT PAS &ecirc;tre utilis&eacute;.</div>\r\n<div>Indices techniques: Utilisation des g&eacute;latines ou mode noir et blanc, utilisation des projecteurs, des volets,</div>\r\n<div>du snoot, de caches, des parapluies, des r&eacute;flecteurs, etc.</div>\r\n<div class=\"endOfContent\">&nbsp;</div>\r\n</div>\r\n</div>\r\n<div class=\"page\" data-page-number=\"3\" data-loaded=\"true\">\r\n<div class=\"canvasWrapper\">&nbsp;</div>\r\n<div class=\"textLayer\">&nbsp;</div>\r\n</div>', '2019-02-21', '2019-02-21', '2019-02-21', 'Défis techniques 2', 1, 0, 'Démontrez vos compétences audiovisuelles en réalisant des photographies épatantes', 4, 'jpg', 1, 0),
(179, 7, 1, 1, '2018-2019', '<p>Remise d\'un reportage pr&egrave;s &agrave; &ecirc;tre diffus&eacute;.</p>', '2018-11-08', '2019-02-22', '2019-02-22', 'Montage Viva For Life', 1, 0, 'L\'ITP te demande de couvrir l’événement Viva For Life qu\'elle organise.', 3, 'mp4', 1, 0),
(180, 1, 1, 1, '2018-2019', '<div data-canvas-width=\"123.4340490797546\">Vous allez constituer des groupes de deux &eacute;l&egrave;ves (une photo diff&eacute;rente par &eacute;l&egrave;ve) qui choisiront 1 des 9 d&eacute;fis &agrave; r&eacute;aliser en 2 heures.</div>\r\n<div data-canvas-width=\"123.4340490797546\">&nbsp;</div>\r\n<div data-canvas-width=\"35.676380368098165\">Etapes:</div>\r\n<div data-canvas-width=\"139.58021472392642\">&nbsp;</div>\r\n<ol>\r\n<li data-canvas-width=\"139.58021472392642\">Effectuer les prises de vue</li>\r\n<li data-canvas-width=\"139.58021472392642\">Seulement si demand&eacute; par les consignes, les travailler sur Photoshop</li>\r\n<li data-canvas-width=\"139.58021472392642\">Copier les photos dans le dossier MASTER correspondant.</li>\r\n</ol>\r\n<div data-canvas-width=\"430.36901840490805\">Une grande attention sera port&eacute;e sur la technique et l&rsquo;aspect artistique de votre travail (50/50).</div>\r\n<div data-canvas-width=\"430.36901840490805\">&nbsp;</div>\r\n<h3 data-canvas-width=\"430.36901840490805\">D&eacute;fis</h3>\r\n<div class=\"page\" data-page-number=\"2\" data-loaded=\"true\">\r\n<div class=\"textLayer\">\r\n<h4>a. Cr&eacute;er une foule d&rsquo;ombre, &agrave; la fa&ccedil;on d&rsquo;Alexey Titarenko (****)</h4>\r\n<div>Avec l&rsquo;aide de 3 ou 4 figurants, vous allez donner l&rsquo;impression qu&rsquo;un lieu est</div>\r\n<div>noir de monde.</div>\r\n<div>Cherchez un lieu dans lequel sont susceptible de passer beaucoup de personnes, tels que des rampes,</div>\r\n<div>un escalier, un couloir...</div>\r\n<div>Photoshop ne DOIT PAS &ecirc;tre utilis&eacute;. La photo sera en noir et blanc.</div>\r\n<div>Indices techniques: Temps de pose tr&egrave;s long, jouez sur des arr&ecirc;ts, des mouvements particuliers.</div>\r\n<h4>b. R&eacute;aliser un panorama de&nbsp;180 ou&nbsp;360&deg;&nbsp;(**)</h4>\r\n<div>Le principe est de &laquo;recoller&raquo; c&ocirc;te &agrave; c&ocirc;te sur Photoshop des photos prises d&rsquo;un m&ecirc;me axe mais sous des</div>\r\n<div>angles diff&eacute;rents pour reconstituer un panorama.</div>\r\n<div>Indices techniques: Utiliser un pied, bloquez les r&eacute;glages en manuel, faites une photo par tranche de</div>\r\n<div>10-30&deg; selon la focale, faites attention aux d&eacute;formations dues au grand angle.</div>\r\n<div>Conseils: Les r&eacute;sultats sont meilleurs dans un grand espace et &agrave; une longueur focale d&rsquo;environ 45 mm.</div>\r\n<h4>c. Cr&eacute;er un high-key en lumi&egrave;re naturelle (*)</h4>\r\n<div>Indices techniques: Surexposition, utilisation de zones tr&egrave;s &eacute;clair&eacute;es, d&rsquo;habits clairs, ...</div>\r\n<div>Photoshop ne DOIT PAS &ecirc;tre utilis&eacute;.</div>\r\n<h4>d. Raconter une mini-histoire en cinq photos (*)</h4>\r\n<div>R&eacute;alisez une suite de 5 images racontant une petite histoire que vous assemblerez &ndash; dans Photoshop &ndash;</div>\r\n<div>&agrave; la fa&ccedil;on de photos prises dans un photomaton.</div>\r\n<h4>e. Cr&eacute;er des clones (*)</h4>\r\n<div>Le principe est de prendre en photo un mod&egrave;le &agrave; diff&eacute;rents endroits d&rsquo;une sc&egrave;ne</div>\r\n<div>sans changer de place,&nbsp;d&rsquo;angle ou de focale, le mod&egrave;le &agrave; cloner sera ensuite copi&eacute;-coll&eacute; dans Photoshop.</div>\r\n<div>Indices techniques: Utilisation d&rsquo;un pied et bloquer l&rsquo;appareil en mode manuel.</div>\r\n<h4>f. Faire une fausse photo d&rsquo;ovni (**)</h4>\r\n<div>Cr&eacute;ez une fausse preuve de l&rsquo;existence des soucoupes volantes,</div>\r\n<div>un &laquo;t&eacute;moin&raquo; qui montre&nbsp;le ph&eacute;nom&egrave;ne&nbsp;doit&nbsp;&ecirc;tre pr&eacute;sent sur la photo.</div>\r\n<div>Photoshop ne DOIT PAS &ecirc;tre utilis&eacute;.</div>\r\n<div>Indices techniques: Photo prise sur le vif, utilisation de la canne &agrave; p&ecirc;che et d&rsquo;un objet rond, jeux de</div>\r\n<div>reflets, utilisation du flou de boug&eacute;, etc.</div>\r\n<h4>g. Faire une fausse photo de fant&ocirc;me (***)</h4>\r\n<div>Indices techniques: Jeux de reflets, d&rsquo;ombre, d&rsquo;utilisation du flou de boug&eacute;, etc.</div>\r\n<div>Mise en sc&egrave;ne dramatique, en noir et blanc, etc.</div>\r\n<div>Un &laquo;t&eacute;moin&raquo; qui montre le ph&eacute;nom&egrave;ne doit &ecirc;tre pr&eacute;sent sur la photo.</div>\r\n<div>Photoshop ne DOIT PAS &ecirc;tre utilis&eacute;.</div>\r\n<h4>h. Incruster un mod&egrave;le derri&egrave;re une diapositive(***)</h4>\r\n<div>Utilisez le projecteur dia ou vid&eacute;o afin de faire croire que votre mod&egrave;le est dans un lieu o&ugrave; il n&rsquo;est pas.</div>\r\n<div>Lumi&egrave;re, couleurs, profondeur de champ, perspective devront &ecirc;tre &laquo;raccord&raquo;.</div>\r\n<div>Photoshop ne DOIT PAS &ecirc;tre utilis&eacute;.</div>\r\n<div>Indices techniques: Utilisation des g&eacute;latines ou mode noir et blanc, utilisation des projecteurs, des volets,</div>\r\n<div>du snoot, de caches, des parapluies, des r&eacute;flecteurs, etc.</div>\r\n<div class=\"endOfContent\">&nbsp;</div>\r\n</div>\r\n</div>\r\n<div class=\"page\" data-page-number=\"3\" data-loaded=\"true\">\r\n<div class=\"canvasWrapper\">&nbsp;</div>\r\n<div class=\"textLayer\">&nbsp;</div>\r\n</div>', '2019-02-28', '2019-02-28', '2019-02-28', 'Défis techniques 3', 1, 0, 'Démontrez vos compétences audiovisuelles en réalisant des photographies épatantes', 4, 'jpg', 1, 0),
(181, 6, 1, 1, '2018-2019', '<h3>Marche &agrave; suivre recommand&eacute;e</h3>\r\n<ol>\r\n<li>R&eacute;partissez-vous en groupes de travail de 2 ou 3 personnes, avec au minimum 1 &eacute;l&egrave;ve de HA</li>\r\n<li>Etablissez une ligne temporelle des effets sonores demand&eacute;s (en papier)</li>\r\n<li>Inventez une histoire &agrave; raconter avec le mat&eacute;riel rassembl&eacute;</li>\r\n<li>Recherchez ou enregistrez les bruitages/musicques/ambiances demand&eacute;es</li>\r\n<li>Montez la maquette &agrave; l\'aide d\'un logiciel de montage sonore</li>\r\n<li>Ecoutez le r&eacute;sultat et &eacute;valuez-le ensemble (tous en commun)</li>\r\n<li>Corrigez selon les remarques des autres</li>\r\n<li>Remettez le projet</li>\r\n</ol>\r\n<h3>Format demand&eacute;</h3>\r\n<p>WAV, 24 Bits, 48kHz</p>\r\n<p>&nbsp;</p>\r\n<p>&nbsp;</p>', '2019-03-05', '2019-06-06', '2019-06-06', 'The Wall / Is anybody out there?', 1, 0, 'Le HA vous demandent de réaliser une bande son pour leur prochain spectacle', 4, 'wav', 1, 0),
(182, 2, 1, 1, '2018-2019', '<p>Remets un fichier PDF r&eacute;pondant &agrave; toutes les questions suivantes:</p>\r\n<ol>\r\n<li>Explique quel a &eacute;t&eacute; ton r&ocirc;le dans l\'&eacute;laboration du court-m&eacute;trage, ce que tu as fait.</li>\r\n<li>Quelles sont les choses que tu as d&eacute;couvertes ?</li>\r\n<li>Raconte une situation dans laquelle tu as rencontr&eacute; un probl&egrave;me, et comment tu l\'as r&eacute;solu.</li>\r\n<li>Qu\'as-tu le plus aim&eacute;? Pourquoi?</li>\r\n<li>Qu\'as-tu le moins aim&eacute;? Pourquoi?</li>\r\n<li>Penses-tu continuer l\'Audiovisuel? Explique.</li>\r\n<li>Comment &eacute;value-tu ta contribution au court-m&eacute;trage? Soit objectif.</li>\r\n<li>As-tu un commentaire &agrave; faire sur ton exp&eacute;rience?</li>\r\n</ol>\r\n<p>Utilise LibreOffice Text pour &eacute;crire ton compte-rendu, puis \"Fichier\" -&gt; \"Exporter en PDF\"</p>', '2019-02-27', '2019-05-08', '2019-05-08', 'On tourne! / Compte-rendu ', 1, 0, 'Une super idée de scénario vient de jaillir, réalisons le film!', 4, 'pdf', 1, 0),
(183, 6, 1, 1, '2018-2019', '<h3>d&eacute;roulement</h3>\r\n<p>Encadr&eacute; par les animateurs invisibles de \'Gaf\' &agrave; la route\', r&eacute;alisez en 4 heures chrono un spot de pr&eacute;vention routi&egrave;re.</p>\r\n<p>Attention, seuls 10 &eacute;l&egrave;ves dans la classe peuvent participer!</p>\r\n<h3>Produit final</h3>\r\n<p>Une vid&eacute;o de courte dur&eacute;e (max. 30 secondes), diffusable (son normalis&eacute;, vid&eacute;o de bonne qualit&eacute;).</p>\r\n<h3>Format demand&eacute;</h3>\r\n<p>MP4, H.268, 1080p</p>\r\n<p>&nbsp;</p>\r\n<p>&nbsp;</p>', '2019-03-05', '2019-06-06', '2019-06-06', 'Gaf\' Au projet!', 1, 0, 'Un projet imposé? Des animateurs qui ont disparus? Un thème \"sécurité routière\"? Que faire?', 4, 'mp4', 1, 0),
(184, 2, 1, 1, '2018-2019', '', '2019-04-25', '2019-04-25', '2019-04-25', '3 points technique', 1, 0, 'Exerce-toi à effectuer un éclairage 3 points précis', 4, 'jpg', 1, 0),
(185, 2, 1, 1, '2018-2019', '', '2019-04-25', '2019-05-02', '2019-05-02', '3 points créatif', 1, 0, 'Maintenant que la technique est acquise, l\'heure de la créativité a sonné', 4, 'jpg', 1, 0),
(186, 2, 1, 1, '2018-2019', '<p>Remets 3 photographies diff&eacute;rentes jouant avec les&nbsp;tiers;</p>\r\n<p>- Un objet</p>\r\n<p>- Un paysage</p>\r\n<p>- Un portrait</p>\r\n<p>&nbsp;</p>', '2019-05-16', '2019-05-23', '2019-05-23', 'Tiers', 1, 0, 'Entraîne-toi à jouer avec la règle des tiers', 4, 'jpg', 3, 0),
(187, 6, 1, 1, '2018-2019', '<p>Cr&eacute;&eacute; ton clip musical &agrave;&nbsp;la mani&egrave;re de la vid&eacute;o \"The Reverse Clip\"</p>\r\n<p>&nbsp;</p>\r\n<p>5 actions sont requises</p>', '2019-05-14', '2019-06-04', '2019-06-04', 'Reverse Video', 1, 0, 'Après avoir vu un clip musical inversé, tu souhaites essayer de faire de même', 4, 'mp4', 1, 0),
(188, 6, 1, 1, '2018-2019', '', '2019-05-21', '2019-06-04', '2019-06-04', 'Photo publicitaire', 1, 0, 'Produit en majesté', 4, 'jpg', 1, 0),
(189, 2, 1, 1, '2018-2019', '<p>Remets 3 photographies diff&eacute;rentes jouant avec les sym&eacute;tries (orthogonale ou centrale)&nbsp;</p>\r\n<p>&nbsp;</p>', '2019-05-16', '2019-05-23', '2019-05-23', 'Symétries', 1, 0, 'Entraîne-toi à jouer avec les symétries', 4, 'jpg', 3, 0),
(190, 6, 1, 2, '2018-2019', '', '2019-06-12', '2019-06-12', '2019-06-12', 'Exam Juin', 1, 0, 'Examen de Juin', 5, 'wav', 2, 0),
(191, 1, 1, 2, '2018-2019', '<p>Voir pdf.</p>', '2019-06-18', '2019-06-18', '2019-06-18', 'Examen Juin', 1, 0, '', 5, 'jpg', 1, 0),
(192, 1, 1, 2, '2018-2019', '<p>Voir pdf.</p>', '2019-09-02', '2019-09-02', '2019-09-02', 'Examen Septembre', 1, 0, '', 5, 'jpg', 1, 0),
(193, 1, 1, 1, '2019-2020', '<p>A l\'aide des r&eacute;glages suivants, r&eacute;alise plusieurs photographies en lightpainting:</p>\r\n<p>- Les ISO r&eacute;gl&eacute;s sur 800<br />- Le temps de pose sur Bulb<br />- Le diaphragme sera utilis&eacute; pour l\'exposition</p>\r\n<p>Contrainte: Ta photographie devra comporter un objet ou personne nette et un effet de lightpainting.</p>\r\n<p>&nbsp;</p>\r\n<p>&nbsp;</p>', '2019-09-15', '2019-10-24', '2019-10-24', 'Lightpainting', 1, 0, 'Allons un peu plus loin dans le lightpainting!', 1, 'jpg', 1, 0),
(194, 1, 1, 1, '2019-2020', '<p>R&eacute;alise le portrait d\'un de tes camarades.</p>\r\n<p>La photo sera au format carr&eacute;e, travaill&eacute;e au format RAW dans Lightroom</p>\r\n<p>La technique est libre mais la composition doit repecter la r&eacute;gle des tiers.</p>', '2019-09-15', '2019-10-24', '2019-10-24', 'Portrait', 1, 0, 'Un ami te demande de lui faire un beau portrait pour Instagram', 1, 'jpg', 1, 0),
(195, 6, 1, 1, '2019-2020', '<p>En 2 groupe et en studio, sans autre d&eacute;cor que les fonds, mettez en lumi&egrave;re une des ambiances suivantes :<br /><br />&nbsp;&nbsp; &nbsp;1 &ndash; Un bureau de nuit, &eacute;clair&eacute; par les n&eacute;ons de la rue et dont la lumi&egrave;re traverse les stores.<br />&nbsp;&nbsp; &nbsp;2 &ndash; R&eacute;veil au petit matin, le soleil vient &agrave; peine de se lever, les rideaux sont mal ferm&eacute;s.<br />&nbsp;&nbsp; &nbsp;&shy;3 &ndash; Il est midi, vous &ecirc;tes dehors au mois d&rsquo;ao&ucirc;t et la chaleur est insoutenable.<br />&nbsp;&nbsp; &nbsp;4 &ndash; Vous &ecirc;tes au Paradis, tout est blanc sans aucune ombre.<br />&nbsp;&nbsp; &nbsp;5 &ndash; Vous &ecirc;tes en enfer, l&rsquo;&eacute;clairage est inqui&eacute;tant en plus d&rsquo;&ecirc;tre tr&egrave;s chaud.<br />&nbsp;&nbsp; &nbsp;6 &ndash; En pleine nuit, vous &ecirc;tes accroupi &agrave; contempler l&rsquo;int&eacute;rieur de votre frigo.<br />&nbsp;&nbsp; &nbsp;<br />J&rsquo;attends de vous des photographies extr&ecirc;mement soign&eacute;es et professionnelles, c&rsquo;est-&agrave;-dire:<br />&nbsp;&nbsp; &nbsp;&ndash; mise en sc&egrave;ne efficace,<br />&nbsp;&nbsp; &nbsp;&shy;&ndash; exposition correcte,<br />&nbsp;&nbsp; &nbsp;&ndash; &eacute;clairage propre et pr&eacute;cis,<br />&nbsp;&nbsp; &nbsp;&ndash; nettet&eacute; irr&eacute;prochable,<br />&nbsp;&nbsp; &nbsp;&ndash; grain en ad&eacute;quation avec le sujet,<br />&nbsp;&nbsp; &nbsp;&ndash; cadrage parfait (mains coup&eacute;es, &eacute;l&eacute;ments ind&eacute;sirables dans le cadre, composition).</p>\r\n<h3>R&eacute;sultat attendu</h3>\r\n<p>Une photographie mettant en sc&egrave;ne une&nbsp; ambiance parmi la liste propos&eacute;e. Le rendu doit &ecirc;tre r&eacute;aliste.</p>\r\n<p>&nbsp;</p>', '2019-09-15', '2019-10-18', '2019-10-18', 'Ambiances lumineuses 1/3', 1, 0, 'Pour votre prochain long métrage, vous avez besoin de créer des ambiances lumineuses très différentes.', 1, 'jpg', 1, 0),
(196, 7, 1, 1, '2019-2020', '<p>L&rsquo;&eacute;clairage et la pose joueront un r&ocirc;le essentiel dans la compr&eacute;hension du portrait.</p>\r\n<h3>Contraintes</h3>\r\n<p>La vid&eacute;o doit &ecirc;tre correctement cadr&eacute;e, nette, l&rsquo;&eacute;clairage tr&egrave;s soign&eacute; et l&rsquo;image de bonne qualit&eacute;.</p>\r\n<p>&ndash; Dur&eacute;e totale impos&eacute;e: exactement 7 sec.<br />&ndash; Un seul plan<br />&ndash; Pas de mouvement de cam&eacute;ra<br />&ndash; Fondu au noir au d&eacute;but et &agrave; la fin de 1 sec.<br />&ndash; Format 16/9.<br />&ndash; Couleur ou noir et blanc.<br />&ndash; Image sera correctement expos&eacute;e (utiliser les z&eacute;bras).<br />&ndash; Un bruitage ou une musique&nbsp; libre de droit ins&eacute;r&eacute; en post-prod viendra soutenir l&rsquo;atmosph&egrave;re de la vid&eacute;o.</p>\r\n<h3>Production attendue</h3>\r\n<p>Une vid&eacute;o de 7 secondes comportant une bande son libre de droits</p>\r\n<p>&nbsp;</p>', '2019-09-15', '2019-10-24', '2019-10-24', 'Portraits Figés', 1, 0, 'Réalisez un portrait filmé figé', 1, 'mp4', 1, 0),
(197, 6, 1, 1, '2019-2020', '<p>En 2 groupe et en studio, sans autre d&eacute;cor que les fonds, mettez en lumi&egrave;re une des ambiances suivantes :<br /><br />&nbsp;&nbsp; &nbsp;1 &ndash; Un bureau de nuit, &eacute;clair&eacute; par les n&eacute;ons de la rue et dont la lumi&egrave;re traverse les stores.<br />&nbsp;&nbsp; &nbsp;2 &ndash; R&eacute;veil au petit matin, le soleil vient &agrave; peine de se lever, les rideaux sont mal ferm&eacute;s.<br />&nbsp;&nbsp; &nbsp;&shy;3 &ndash; Il est midi, vous &ecirc;tes dehors au mois d&rsquo;ao&ucirc;t et la chaleur est insoutenable.<br />&nbsp;&nbsp; &nbsp;4 &ndash; Vous &ecirc;tes au Paradis, tout est blanc sans aucune ombre.<br />&nbsp;&nbsp; &nbsp;5 &ndash; Vous &ecirc;tes en enfer, l&rsquo;&eacute;clairage est inqui&eacute;tant en plus d&rsquo;&ecirc;tre tr&egrave;s chaud.<br />&nbsp;&nbsp; &nbsp;6 &ndash; En pleine nuit, vous &ecirc;tes accroupi &agrave; contempler l&rsquo;int&eacute;rieur de votre frigo.<br />&nbsp;&nbsp; &nbsp;<br />J&rsquo;attends de vous des photographies extr&ecirc;mement soign&eacute;es et professionnelles, c&rsquo;est-&agrave;-dire:<br />&nbsp;&nbsp; &nbsp;&ndash; mise en sc&egrave;ne efficace,<br />&nbsp;&nbsp; &nbsp;&shy;&ndash; exposition correcte,<br />&nbsp;&nbsp; &nbsp;&ndash; &eacute;clairage propre et pr&eacute;cis,<br />&nbsp;&nbsp; &nbsp;&ndash; nettet&eacute; irr&eacute;prochable,<br />&nbsp;&nbsp; &nbsp;&ndash; grain en ad&eacute;quation avec le sujet,<br />&nbsp;&nbsp; &nbsp;&ndash; cadrage parfait (mains coup&eacute;es, &eacute;l&eacute;ments ind&eacute;sirables dans le cadre, composition).</p>\r\n<h3>R&eacute;sultat attendu</h3>\r\n<p>Une photographie mettant en sc&egrave;ne une&nbsp; ambiance parmi la liste propos&eacute;e. Le rendu doit &ecirc;tre r&eacute;aliste.</p>\r\n<p>&nbsp;</p>', '2019-09-17', '2019-10-18', '2019-10-18', 'Ambiances lumineuses 2/3', 1, 0, 'Pour votre prochain long métrage, vous avez besoin de créer des ambiances lumineuses très différentes.', 1, 'jpg', 1, 0),
(198, 1, 1, 1, '2019-2020', '', '2019-10-10', '2019-10-24', '2019-10-24', 'Compo: Lignes', 1, 0, 'Exerce ton regard en exploitant les lignes', 1, 'jpg', 3, 0),
(199, 6, 1, 1, '2019-2020', '<p>En 2 groupe et en studio, sans autre d&eacute;cor que les fonds, mettez en lumi&egrave;re une des ambiances suivantes :<br /><br />&nbsp;&nbsp; &nbsp;1 &ndash; Un bureau de nuit, &eacute;clair&eacute; par les n&eacute;ons de la rue et dont la lumi&egrave;re traverse les stores.<br />&nbsp;&nbsp; &nbsp;2 &ndash; R&eacute;veil au petit matin, le soleil vient &agrave; peine de se lever, les rideaux sont mal ferm&eacute;s.<br />&nbsp;&nbsp; &nbsp;&shy;3 &ndash; Il est midi, vous &ecirc;tes dehors au mois d&rsquo;ao&ucirc;t et la chaleur est insoutenable.<br />&nbsp;&nbsp; &nbsp;4 &ndash; Vous &ecirc;tes au Paradis, tout est blanc sans aucune ombre.<br />&nbsp;&nbsp; &nbsp;5 &ndash; Vous &ecirc;tes en enfer, l&rsquo;&eacute;clairage est inqui&eacute;tant en plus d&rsquo;&ecirc;tre tr&egrave;s chaud.<br />&nbsp;&nbsp; &nbsp;6 &ndash; En pleine nuit, vous &ecirc;tes accroupi &agrave; contempler l&rsquo;int&eacute;rieur de votre frigo.<br />&nbsp;&nbsp; &nbsp;<br />J&rsquo;attends de vous des photographies extr&ecirc;mement soign&eacute;es et professionnelles, c&rsquo;est-&agrave;-dire:<br />&nbsp;&nbsp; &nbsp;&ndash; mise en sc&egrave;ne efficace,<br />&nbsp;&nbsp; &nbsp;&shy;&ndash; exposition correcte,<br />&nbsp;&nbsp; &nbsp;&ndash; &eacute;clairage propre et pr&eacute;cis,<br />&nbsp;&nbsp; &nbsp;&ndash; nettet&eacute; irr&eacute;prochable,<br />&nbsp;&nbsp; &nbsp;&ndash; grain en ad&eacute;quation avec le sujet,<br />&nbsp;&nbsp; &nbsp;&ndash; cadrage parfait (mains coup&eacute;es, &eacute;l&eacute;ments ind&eacute;sirables dans le cadre, composition).</p>\r\n<h3>R&eacute;sultat attendu</h3>\r\n<p>Une photographie mettant en sc&egrave;ne une&nbsp; ambiance parmi la liste propos&eacute;e. Le rendu doit &ecirc;tre r&eacute;aliste.</p>\r\n<p>&nbsp;</p>', '2019-09-17', '2019-10-18', '2019-10-18', 'Ambiances lumineuses 3/3', 1, 0, 'Pour votre prochain long métrage, vous avez besoin de créer des ambiances lumineuses très différentes.', 1, 'jpg', 1, 0),
(200, 1, 1, 1, '2019-2020', '', '2019-10-01', '2019-10-24', '2019-10-24', 'Journée Maintenance', 1, 0, 'Prenons soin de notre option!', 1, '', 0, 0),
(201, 1, 1, 1, '2019-2020', '', '2019-10-10', '2019-12-05', '2019-12-05', 'Compo: Symétries', 1, 0, 'Exerce ton regard en exploitant les lignes', 3, 'jpg', 3, 0),
(202, 1, 1, 1, '2019-2020', '<p>Remets une photographie dans laquelle tu exploites les temps de pose très courts (1/200 - 1/1000 s).</p>', '2019-11-07', '2019-11-14', '2019-11-14', 'Lévitations', 1, 0, 'Tu découvres les temps de pose très courts, exploite-les afin de produire une photographie créative!', 3, 'jpg', 1, 0),
(204, 6, 1, 2, '2019-2020', '<p>Monter en 5 minutes maximum deux de ces 4 &eacute;clairages, tir&eacute; au sort:</p>\r\n<ol>\r\n<li>Butterfly,</li>\r\n<li>Rembrandt,</li>\r\n<li>Loop,</li>\r\n<li>Split.</li>\r\n</ol>\r\n<p>Rangez ensuite le mat&eacute;riel dans le temps imparti.</p>\r\n<ul>\r\n<li>Les tr&eacute;pieds seront install&eacute;s correctement, bien point&eacute;s.</li>\r\n<li>Les projecteurs et rallonges seront ensuite rang&eacute;s et enroul&eacute;s</li>\r\n</ul>\r\n<p>Les consignes de s&eacute;curit&eacute; doivent imp&eacute;rativement &ecirc;tre respect&eacute;es.</p>', '2019-12-11', '2019-12-11', '2019-12-11', 'Examen', 1, 0, 'Démontre ta maîtrise du portrait de studio!', 2, 'jpg', 2, 0),
(205, 1, 1, 2, '2019-2020', '<ul>\r\n<li>Une grande profonderu de champ</li>\r\n<li>Une petite profondeur de champ</li>\r\n</ul>', '2019-12-12', '2019-12-12', '2019-12-12', 'Examen de laboratoire', 1, 0, 'Montre que tu es devenu un pro du mode manuel!', 2, 'jpg', 2, 0),
(206, 7, 1, 2, '2019-2020', '<p>Voir document papier</p>', '2019-12-17', '2019-12-17', '2019-12-17', 'Examen: Utilisation de la caméra', 1, 0, 'Montre ta maîtrise des caméras de l\'option', 2, 'mp4', 1, 0),
(207, 8, 1, 2, '2019-2020', '<p>Voir document papier</p>', '2019-12-16', '2019-12-16', '2019-12-16', 'Examen: Utilisation de la caméra', 1, 0, 'Montre ta maîtrise des caméras de l\'option', 2, 'mp4', 1, 0),
(208, 1, 1, 1, '2019-2020', '', '2020-01-16', '2020-01-30', '2020-01-30', 'Sens Dessus-Dessous', 1, 0, 'La gravité n\'est plus tout à fait la même...', 3, 'jpg', 1, 0),
(209, 1, 1, 1, '2019-2020', '<p>R&eacute;sultat demand&eacute;:</p>\r\n<p>Deux photographies noir et blanc&nbsp; dans lesquelles la lumi&egrave;re rend particuli&egrave;rement effrayante le sujet.</p>', '2020-01-16', '2020-01-30', '2020-01-30', 'Eclairage inquiétant', 1, 0, 'À l\'aide d\'un projecteur, effectue un portrait terrifiant!', 3, 'jpg', 2, 0),
(210, 8, 1, 1, '2019-2020', '<p>Réalisez la scène décrite en un plan et de manière réaliste (donc avec lumière et bruitages).</p>\r\n<p>La qualité de l\'image sera très grande.</p>\r\n<p>L\'auto-évaluation est côtée (5 points).</p>\r\n<p>Avant de commencer, posez-vous les questions suivantes:</p>\r\n<ol>\r\n<li>Où tourner la scène?</li>\r\n<li>Quelle sont les sources de lumière hypothétiques dans la scène? (orientation, qualité)</li>\r\n<li>Quel fond utiliser?</li>\r\n<li>Comment réaliser l\'effet demandé</li>\r\n<li>Comment réaliser tout cela en en 2x 50 minutes?</li>\r\n</ol>', '2020-01-07', '2020-03-06', '2020-03-06', 'Défi 1: Earthquake', 1, 0, 'Comment utiliser le fond vert?', 3, 'mp4', 1, 0),
(211, 8, 1, 1, '2019-2020', '<p>R&eacute;alisez la sc&egrave;ne d&eacute;crite en un plan et de mani&egrave;re r&eacute;aliste (donc avec lumi&egrave;re et bruitages).</p>\r\n<p>La qualit&eacute; de l\'image sera tr&egrave;s grande.</p>\r\n<p>L\'auto-&eacute;valuation est c&ocirc;t&eacute;e (5 points).</p>\r\n<p>Avant de commencer, posez-vous les questions suivantes:</p>\r\n<ol>\r\n<li>O&ugrave; tourner la sc&egrave;ne?</li>\r\n<li>Quelle sont les sources de lumi&egrave;re hypoth&eacute;tiques dans la sc&egrave;ne? (orientation, qualit&eacute;)</li>\r\n<li>Quel fond utiliser?</li>\r\n</ol>', '2020-01-14', '2020-03-03', '2020-03-03', 'Défi 2: Greenkey', 1, 0, 'Comment utiliser le fond vert?', 3, 'mp4', 1, 0),
(212, 8, 1, 1, '2019-2020', '<p>R&eacute;alisez la sc&egrave;ne d&eacute;crite en un plan et de mani&egrave;re r&eacute;aliste (donc avec lumi&egrave;re et bruitages).</p>\r\n<p>La qualit&eacute; de l\'image sera tr&egrave;s grande.</p>\r\n<p>L\'auto-&eacute;valuation est c&ocirc;t&eacute;e (5 points).</p>\r\n<p>Avant de commencer, posez-vous les questions suivantes:</p>\r\n<ol>\r\n<li>O&ugrave; tourner la sc&egrave;ne?</li>\r\n<li>Quelle sont les sources de lumi&egrave;re hypoth&eacute;tiques dans la sc&egrave;ne? (orientation, qualit&eacute;)</li>\r\n<li>Quel fond utiliser?</li>\r\n</ol>', '2020-01-07', '2020-03-03', '2020-03-03', 'Défi 4: Thunderstorm', 1, 0, 'Un orage éclate, en studio!', 3, 'mp4', 1, 0),
(213, 8, 1, 1, '2019-2020', '<p>R&eacute;alisez la sc&egrave;ne d&eacute;crite en un plan et de mani&egrave;re r&eacute;aliste (donc avec lumi&egrave;re et bruitages).</p>\r\n<p>La qualit&eacute; de l\'image sera tr&egrave;s grande.</p>\r\n<p>La prise son se fera &agrave; la perche + micro cravate.</p>\r\n<p>Une plong&eacute;e totale et une vue subjective du patient sont demand&eacute;es.</p>\r\n<p>L\'auto-&eacute;valuation est c&ocirc;t&eacute;e (5 points).</p>\r\n<p>Avant de commencer, posez-vous les questions suivantes:</p>\r\n<ol>\r\n<li>O&ugrave; tourner la sc&egrave;ne?</li>\r\n<li>Quelle sont les sources de lumi&egrave;re hypoth&eacute;tiques dans la sc&egrave;ne? (orientation, qualit&eacute;)</li>\r\n<li>Quel fond utiliser?</li>\r\n</ol>', '2020-01-07', '2020-03-05', '2020-03-05', 'Défi 3: Urgence!', 1, 0, 'Un orage éclate, en studio!', 3, 'mp4', 1, 0),
(214, 1, 1, 1, '2019-2020', '', '2020-01-23', '2020-01-30', '2020-01-30', 'Membres manquants', 1, 0, 'Vous avez perdu la tête? Un bras, une jambe?', 3, 'jpg', 1, 0),
(215, 1, 1, 1, '2019-2020', '<div data-canvas-width=\"123.4340490797546\">Vous allez constituer des groupes de deux &eacute;l&egrave;ves (une photo diff&eacute;rente par &eacute;l&egrave;ve) qui choisiront 1 des 9 d&eacute;fis &agrave; r&eacute;aliser en 2 heures.</div>\r\n<div data-canvas-width=\"123.4340490797546\">&nbsp;</div>\r\n<div data-canvas-width=\"35.676380368098165\">Etapes:</div>\r\n<div data-canvas-width=\"139.58021472392642\">&nbsp;</div>\r\n<ol>\r\n<li data-canvas-width=\"139.58021472392642\">Effectuer les prises de vue</li>\r\n<li data-canvas-width=\"139.58021472392642\">Seulement si demand&eacute; par les consignes, les travailler sur Photoshop</li>\r\n<li data-canvas-width=\"139.58021472392642\">Copier les photos dans le dossier MASTER correspondant.</li>\r\n</ol>\r\n<div data-canvas-width=\"430.36901840490805\">Une grande attention sera port&eacute;e sur la technique et l&rsquo;aspect artistique de votre travail (50/50).</div>\r\n<div data-canvas-width=\"430.36901840490805\">&nbsp;</div>\r\n<h3 data-canvas-width=\"430.36901840490805\">D&eacute;fis</h3>\r\n<div class=\"page\" data-page-number=\"2\" data-loaded=\"true\">\r\n<div class=\"textLayer\">\r\n<h4>a. Cr&eacute;er une foule d&rsquo;ombre, &agrave; la fa&ccedil;on d&rsquo;Alexey Titarenko (****)</h4>\r\n<div>Avec l&rsquo;aide de 3 ou 4 figurants, vous allez donner l&rsquo;impression qu&rsquo;un lieu est</div>\r\n<div>noir de monde.</div>\r\n<div>Cherchez un lieu dans lequel sont susceptible de passer beaucoup de personnes, tels que des rampes,</div>\r\n<div>un escalier, un couloir...</div>\r\n<div>Photoshop ne DOIT PAS &ecirc;tre utilis&eacute;. La photo sera en noir et blanc.</div>\r\n<div>Indices techniques: Temps de pose tr&egrave;s long, jouez sur des arr&ecirc;ts, des mouvements particuliers.</div>\r\n<h4>b. R&eacute;aliser un panorama de&nbsp;180 ou&nbsp;360&deg;&nbsp;(**)</h4>\r\n<div>Le principe est de &laquo;recoller&raquo; c&ocirc;te &agrave; c&ocirc;te sur Photoshop des photos prises d&rsquo;un m&ecirc;me axe mais sous des</div>\r\n<div>angles diff&eacute;rents pour reconstituer un panorama.</div>\r\n<div>Indices techniques: Utiliser un pied, bloquez les r&eacute;glages en manuel, faites une photo par tranche de</div>\r\n<div>10-30&deg; selon la focale, faites attention aux d&eacute;formations dues au grand angle.</div>\r\n<div>Conseils: Les r&eacute;sultats sont meilleurs dans un grand espace et &agrave; une longueur focale d&rsquo;environ 45 mm.</div>\r\n<h4>c. Cr&eacute;er un high-key en lumi&egrave;re naturelle (*)</h4>\r\n<div>Indices techniques: Surexposition, utilisation de zones tr&egrave;s &eacute;clair&eacute;es, d&rsquo;habits clairs, ...</div>\r\n<div>Photoshop ne DOIT PAS &ecirc;tre utilis&eacute;.</div>\r\n<h4>d. Raconter une mini-histoire en cinq photos (*)</h4>\r\n<div>R&eacute;alisez une suite de 5 images racontant une petite histoire que vous assemblerez &ndash; dans Photoshop &ndash;</div>\r\n<div>&agrave; la fa&ccedil;on de photos prises dans un photomaton.</div>\r\n<h4>e. Cr&eacute;er des clones (*)</h4>\r\n<div>Le principe est de prendre en photo un mod&egrave;le &agrave; diff&eacute;rents endroits d&rsquo;une sc&egrave;ne</div>\r\n<div>sans changer de place,&nbsp;d&rsquo;angle ou de focale, le mod&egrave;le &agrave; cloner sera ensuite copi&eacute;-coll&eacute; dans Photoshop.</div>\r\n<div>Indices techniques: Utilisation d&rsquo;un pied et bloquer l&rsquo;appareil en mode manuel.</div>\r\n<h4>f. Faire une fausse photo d&rsquo;ovni (**)</h4>\r\n<div>Cr&eacute;ez une fausse preuve de l&rsquo;existence des soucoupes volantes,</div>\r\n<div>un &laquo;t&eacute;moin&raquo; qui montre&nbsp;le ph&eacute;nom&egrave;ne&nbsp;doit&nbsp;&ecirc;tre pr&eacute;sent sur la photo.</div>\r\n<div>Photoshop ne DOIT PAS &ecirc;tre utilis&eacute;.</div>\r\n<div>Indices techniques: Photo prise sur le vif, utilisation de la canne &agrave; p&ecirc;che et d&rsquo;un objet rond, jeux de</div>\r\n<div>reflets, utilisation du flou de boug&eacute;, etc.</div>\r\n<h4>g. Faire une fausse photo de fant&ocirc;me (***)</h4>\r\n<div>Indices techniques: Jeux de reflets, d&rsquo;ombre, d&rsquo;utilisation du flou de boug&eacute;, etc.</div>\r\n<div>Mise en sc&egrave;ne dramatique, en noir et blanc, etc.</div>\r\n<div>Un &laquo;t&eacute;moin&raquo; qui montre le ph&eacute;nom&egrave;ne doit &ecirc;tre pr&eacute;sent sur la photo.</div>\r\n<div>Photoshop ne DOIT PAS &ecirc;tre utilis&eacute;.</div>\r\n<h4>h. Incruster un mod&egrave;le derri&egrave;re une diapositive(***)</h4>\r\n<div>Utilisez le projecteur dia ou vid&eacute;o afin de faire croire que votre mod&egrave;le est dans un lieu o&ugrave; il n&rsquo;est pas.</div>\r\n<div>Lumi&egrave;re, couleurs, profondeur de champ, perspective devront &ecirc;tre &laquo;raccord&raquo;.</div>\r\n<div>Photoshop ne DOIT PAS &ecirc;tre utilis&eacute;.</div>\r\n<div>Indices techniques: Utilisation des g&eacute;latines ou mode noir et blanc, utilisation des projecteurs, des volets,</div>\r\n<div>du snoot, de caches, des parapluies, des r&eacute;flecteurs, etc.</div>\r\n<div class=\"endOfContent\">&nbsp;</div>\r\n</div>\r\n</div>\r\n<div class=\"page\" data-page-number=\"3\" data-loaded=\"true\">\r\n<div class=\"canvasWrapper\">&nbsp;</div>\r\n<div class=\"textLayer\">&nbsp;</div>\r\n</div>', '2020-01-30', '2020-02-06', '2020-02-06', 'Défis techniques 1', 1, 0, 'Démontrez vos compétences audiovisuelles en réalisant des photographies épatantes', 4, 'jpg', 1, 0),
(216, 1, 1, 1, '2019-2020', '<div data-canvas-width=\"123.4340490797546\">Vous allez constituer des groupes de deux &eacute;l&egrave;ves (une photo diff&eacute;rente par &eacute;l&egrave;ve) qui choisiront 1 des 9 d&eacute;fis &agrave; r&eacute;aliser en 2 heures.</div>\r\n<div data-canvas-width=\"123.4340490797546\">&nbsp;</div>\r\n<div data-canvas-width=\"35.676380368098165\">Etapes:</div>\r\n<div data-canvas-width=\"139.58021472392642\">&nbsp;</div>\r\n<ol>\r\n<li data-canvas-width=\"139.58021472392642\">Effectuer les prises de vue</li>\r\n<li data-canvas-width=\"139.58021472392642\">Seulement si demand&eacute; par les consignes, les travailler sur Photoshop</li>\r\n<li data-canvas-width=\"139.58021472392642\">Copier les photos dans le dossier MASTER correspondant.</li>\r\n</ol>\r\n<div data-canvas-width=\"430.36901840490805\">Une grande attention sera port&eacute;e sur la technique et l&rsquo;aspect artistique de votre travail (50/50).</div>\r\n<div data-canvas-width=\"430.36901840490805\">&nbsp;</div>\r\n<h3 data-canvas-width=\"430.36901840490805\">D&eacute;fis</h3>\r\n<div class=\"page\" data-page-number=\"2\" data-loaded=\"true\">\r\n<div class=\"textLayer\">\r\n<h4>a. Cr&eacute;er une foule d&rsquo;ombre, &agrave; la fa&ccedil;on d&rsquo;Alexey Titarenko (****)</h4>\r\n<div>Avec l&rsquo;aide de 3 ou 4 figurants, vous allez donner l&rsquo;impression qu&rsquo;un lieu est</div>\r\n<div>noir de monde.</div>\r\n<div>Cherchez un lieu dans lequel sont susceptible de passer beaucoup de personnes, tels que des rampes,</div>\r\n<div>un escalier, un couloir...</div>\r\n<div>Photoshop ne DOIT PAS &ecirc;tre utilis&eacute;. La photo sera en noir et blanc.</div>\r\n<div>Indices techniques: Temps de pose tr&egrave;s long, jouez sur des arr&ecirc;ts, des mouvements particuliers.</div>\r\n<h4>b. R&eacute;aliser un panorama de&nbsp;180 ou&nbsp;360&deg;&nbsp;(**)</h4>\r\n<div>Le principe est de &laquo;recoller&raquo; c&ocirc;te &agrave; c&ocirc;te sur Photoshop des photos prises d&rsquo;un m&ecirc;me axe mais sous des</div>\r\n<div>angles diff&eacute;rents pour reconstituer un panorama.</div>\r\n<div>Indices techniques: Utiliser un pied, bloquez les r&eacute;glages en manuel, faites une photo par tranche de</div>\r\n<div>10-30&deg; selon la focale, faites attention aux d&eacute;formations dues au grand angle.</div>\r\n<div>Conseils: Les r&eacute;sultats sont meilleurs dans un grand espace et &agrave; une longueur focale d&rsquo;environ 45 mm.</div>\r\n<h4>c. Cr&eacute;er un high-key en lumi&egrave;re naturelle (*)</h4>\r\n<div>Indices techniques: Surexposition, utilisation de zones tr&egrave;s &eacute;clair&eacute;es, d&rsquo;habits clairs, ...</div>\r\n<div>Photoshop ne DOIT PAS &ecirc;tre utilis&eacute;.</div>\r\n<h4>d. Raconter une mini-histoire en cinq photos (*)</h4>\r\n<div>R&eacute;alisez une suite de 5 images racontant une petite histoire que vous assemblerez &ndash; dans Photoshop &ndash;</div>\r\n<div>&agrave; la fa&ccedil;on de photos prises dans un photomaton.</div>\r\n<h4>e. Cr&eacute;er des clones (*)</h4>\r\n<div>Le principe est de prendre en photo un mod&egrave;le &agrave; diff&eacute;rents endroits d&rsquo;une sc&egrave;ne</div>\r\n<div>sans changer de place,&nbsp;d&rsquo;angle ou de focale, le mod&egrave;le &agrave; cloner sera ensuite copi&eacute;-coll&eacute; dans Photoshop.</div>\r\n<div>Indices techniques: Utilisation d&rsquo;un pied et bloquer l&rsquo;appareil en mode manuel.</div>\r\n<h4>f. Faire une fausse photo d&rsquo;ovni (**)</h4>\r\n<div>Cr&eacute;ez une fausse preuve de l&rsquo;existence des soucoupes volantes,</div>\r\n<div>un &laquo;t&eacute;moin&raquo; qui montre&nbsp;le ph&eacute;nom&egrave;ne&nbsp;doit&nbsp;&ecirc;tre pr&eacute;sent sur la photo.</div>\r\n<div>Photoshop ne DOIT PAS &ecirc;tre utilis&eacute;.</div>\r\n<div>Indices techniques: Photo prise sur le vif, utilisation de la canne &agrave; p&ecirc;che et d&rsquo;un objet rond, jeux de</div>\r\n<div>reflets, utilisation du flou de boug&eacute;, etc.</div>\r\n<h4>g. Faire une fausse photo de fant&ocirc;me (***)</h4>\r\n<div>Indices techniques: Jeux de reflets, d&rsquo;ombre, d&rsquo;utilisation du flou de boug&eacute;, etc.</div>\r\n<div>Mise en sc&egrave;ne dramatique, en noir et blanc, etc.</div>\r\n<div>Un &laquo;t&eacute;moin&raquo; qui montre le ph&eacute;nom&egrave;ne doit &ecirc;tre pr&eacute;sent sur la photo.</div>\r\n<div>Photoshop ne DOIT PAS &ecirc;tre utilis&eacute;.</div>\r\n<h4>h. Incruster un mod&egrave;le derri&egrave;re une diapositive(***)</h4>\r\n<div>Utilisez le projecteur dia ou vid&eacute;o afin de faire croire que votre mod&egrave;le est dans un lieu o&ugrave; il n&rsquo;est pas.</div>\r\n<div>Lumi&egrave;re, couleurs, profondeur de champ, perspective devront &ecirc;tre &laquo;raccord&raquo;.</div>\r\n<div>Photoshop ne DOIT PAS &ecirc;tre utilis&eacute;.</div>\r\n<div>Indices techniques: Utilisation des g&eacute;latines ou mode noir et blanc, utilisation des projecteurs, des volets,</div>\r\n<div>du snoot, de caches, des parapluies, des r&eacute;flecteurs, etc.</div>\r\n<div class=\"endOfContent\">&nbsp;</div>\r\n</div>\r\n</div>\r\n<div class=\"page\" data-page-number=\"3\" data-loaded=\"true\">\r\n<div class=\"canvasWrapper\">&nbsp;</div>\r\n<div class=\"textLayer\">&nbsp;</div>\r\n</div>', '2020-02-06', '2020-02-06', '2020-02-06', 'Défis techniques 2', 1, 0, 'Démontrez vos compétences audiovisuelles en réalisant des photographies épatantes', 4, 'jpg', 1, 0),
(217, 1, 1, 1, '2019-2020', '<div data-canvas-width=\"123.4340490797546\">Vous allez constituer des groupes de deux &eacute;l&egrave;ves (une photo diff&eacute;rente par &eacute;l&egrave;ve) qui choisiront 1 des 9 d&eacute;fis &agrave; r&eacute;aliser en 2 heures.</div>\r\n<div data-canvas-width=\"123.4340490797546\">&nbsp;</div>\r\n<div data-canvas-width=\"35.676380368098165\">Etapes:</div>\r\n<div data-canvas-width=\"139.58021472392642\">&nbsp;</div>\r\n<ol>\r\n<li data-canvas-width=\"139.58021472392642\">Effectuer les prises de vue</li>\r\n<li data-canvas-width=\"139.58021472392642\">Seulement si demand&eacute; par les consignes, les travailler sur Photoshop</li>\r\n<li data-canvas-width=\"139.58021472392642\">Copier les photos dans le dossier MASTER correspondant.</li>\r\n</ol>\r\n<div data-canvas-width=\"430.36901840490805\">Une grande attention sera port&eacute;e sur la technique et l&rsquo;aspect artistique de votre travail (50/50).</div>\r\n<div data-canvas-width=\"430.36901840490805\">&nbsp;</div>\r\n<h3 data-canvas-width=\"430.36901840490805\">D&eacute;fis</h3>\r\n<div class=\"page\" data-page-number=\"2\" data-loaded=\"true\">\r\n<div class=\"textLayer\">\r\n<h4>a. Cr&eacute;er une foule d&rsquo;ombre, &agrave; la fa&ccedil;on d&rsquo;Alexey Titarenko (****)</h4>\r\n<div>Avec l&rsquo;aide de 3 ou 4 figurants, vous allez donner l&rsquo;impression qu&rsquo;un lieu est</div>\r\n<div>noir de monde.</div>\r\n<div>Cherchez un lieu dans lequel sont susceptible de passer beaucoup de personnes, tels que des rampes,</div>\r\n<div>un escalier, un couloir...</div>\r\n<div>Photoshop ne DOIT PAS &ecirc;tre utilis&eacute;. La photo sera en noir et blanc.</div>\r\n<div>Indices techniques: Temps de pose tr&egrave;s long, jouez sur des arr&ecirc;ts, des mouvements particuliers.</div>\r\n<h4>b. R&eacute;aliser un panorama de&nbsp;180 ou&nbsp;360&deg;&nbsp;(**)</h4>\r\n<div>Le principe est de &laquo;recoller&raquo; c&ocirc;te &agrave; c&ocirc;te sur Photoshop des photos prises d&rsquo;un m&ecirc;me axe mais sous des</div>\r\n<div>angles diff&eacute;rents pour reconstituer un panorama.</div>\r\n<div>Indices techniques: Utiliser un pied, bloquez les r&eacute;glages en manuel, faites une photo par tranche de</div>\r\n<div>10-30&deg; selon la focale, faites attention aux d&eacute;formations dues au grand angle.</div>\r\n<div>Conseils: Les r&eacute;sultats sont meilleurs dans un grand espace et &agrave; une longueur focale d&rsquo;environ 45 mm.</div>\r\n<h4>c. Cr&eacute;er un high-key en lumi&egrave;re naturelle (*)</h4>\r\n<div>Indices techniques: Surexposition, utilisation de zones tr&egrave;s &eacute;clair&eacute;es, d&rsquo;habits clairs, ...</div>\r\n<div>Photoshop ne DOIT PAS &ecirc;tre utilis&eacute;.</div>\r\n<h4>d. Raconter une mini-histoire en cinq photos (*)</h4>\r\n<div>R&eacute;alisez une suite de 5 images racontant une petite histoire que vous assemblerez &ndash; dans Photoshop &ndash;</div>\r\n<div>&agrave; la fa&ccedil;on de photos prises dans un photomaton.</div>\r\n<h4>e. Cr&eacute;er des clones (*)</h4>\r\n<div>Le principe est de prendre en photo un mod&egrave;le &agrave; diff&eacute;rents endroits d&rsquo;une sc&egrave;ne</div>\r\n<div>sans changer de place,&nbsp;d&rsquo;angle ou de focale, le mod&egrave;le &agrave; cloner sera ensuite copi&eacute;-coll&eacute; dans Photoshop.</div>\r\n<div>Indices techniques: Utilisation d&rsquo;un pied et bloquer l&rsquo;appareil en mode manuel.</div>\r\n<h4>f. Faire une fausse photo d&rsquo;ovni (**)</h4>\r\n<div>Cr&eacute;ez une fausse preuve de l&rsquo;existence des soucoupes volantes,</div>\r\n<div>un &laquo;t&eacute;moin&raquo; qui montre&nbsp;le ph&eacute;nom&egrave;ne&nbsp;doit&nbsp;&ecirc;tre pr&eacute;sent sur la photo.</div>\r\n<div>Photoshop ne DOIT PAS &ecirc;tre utilis&eacute;.</div>\r\n<div>Indices techniques: Photo prise sur le vif, utilisation de la canne &agrave; p&ecirc;che et d&rsquo;un objet rond, jeux de</div>\r\n<div>reflets, utilisation du flou de boug&eacute;, etc.</div>\r\n<h4>g. Faire une fausse photo de fant&ocirc;me (***)</h4>\r\n<div>Indices techniques: Jeux de reflets, d&rsquo;ombre, d&rsquo;utilisation du flou de boug&eacute;, etc.</div>\r\n<div>Mise en sc&egrave;ne dramatique, en noir et blanc, etc.</div>\r\n<div>Un &laquo;t&eacute;moin&raquo; qui montre le ph&eacute;nom&egrave;ne doit &ecirc;tre pr&eacute;sent sur la photo.</div>\r\n<div>Photoshop ne DOIT PAS &ecirc;tre utilis&eacute;.</div>\r\n<h4>h. Incruster un mod&egrave;le derri&egrave;re une diapositive(***)</h4>\r\n<div>Utilisez le projecteur dia ou vid&eacute;o afin de faire croire que votre mod&egrave;le est dans un lieu o&ugrave; il n&rsquo;est pas.</div>\r\n<div>Lumi&egrave;re, couleurs, profondeur de champ, perspective devront &ecirc;tre &laquo;raccord&raquo;.</div>\r\n<div>Photoshop ne DOIT PAS &ecirc;tre utilis&eacute;.</div>\r\n<div>Indices techniques: Utilisation des g&eacute;latines ou mode noir et blanc, utilisation des projecteurs, des volets,</div>\r\n<div>du snoot, de caches, des parapluies, des r&eacute;flecteurs, etc.</div>\r\n<div class=\"endOfContent\">&nbsp;</div>\r\n</div>\r\n</div>\r\n<div class=\"page\" data-page-number=\"3\" data-loaded=\"true\">\r\n<div class=\"canvasWrapper\">&nbsp;</div>\r\n<div class=\"textLayer\">&nbsp;</div>\r\n</div>', '2020-02-13', '2020-02-20', '2020-02-20', 'Défis techniques 3', 1, 0, 'Démontrez vos compétences audiovisuelles en réalisant des photographies épatantes', 4, 'jpg', 1, 0);
INSERT INTO `project` (`id`, `course_id`, `teacher_id`, `assessment_type_id`, `school_year`, `instructions`, `start_date`, `hard_deadline`, `soft_deadline`, `name`, `activated`, `external`, `context`, `term_id`, `file_extension`, `number_of_files`, `teacher_submitted`) VALUES
(218, 1, 1, 1, '2019-2020', '<div data-canvas-width=\"123.4340490797546\">Vous allez constituer des groupes de deux &eacute;l&egrave;ves (une photo diff&eacute;rente par &eacute;l&egrave;ve) qui choisiront 1 des 9 d&eacute;fis &agrave; r&eacute;aliser en 2 heures.</div>\r\n<div data-canvas-width=\"123.4340490797546\">&nbsp;</div>\r\n<div data-canvas-width=\"35.676380368098165\">Etapes:</div>\r\n<div data-canvas-width=\"139.58021472392642\">&nbsp;</div>\r\n<ol>\r\n<li data-canvas-width=\"139.58021472392642\">Effectuer les prises de vue</li>\r\n<li data-canvas-width=\"139.58021472392642\">Seulement si demand&eacute; par les consignes, les travailler sur Photoshop</li>\r\n<li data-canvas-width=\"139.58021472392642\">Copier les photos dans le dossier MASTER correspondant.</li>\r\n</ol>\r\n<div data-canvas-width=\"430.36901840490805\">Une grande attention sera port&eacute;e sur la technique et l&rsquo;aspect artistique de votre travail (50/50).</div>\r\n<div data-canvas-width=\"430.36901840490805\">&nbsp;</div>\r\n<h3 data-canvas-width=\"430.36901840490805\">D&eacute;fis</h3>\r\n<div class=\"page\" data-page-number=\"2\" data-loaded=\"true\">\r\n<div class=\"textLayer\">\r\n<h4>a. Cr&eacute;er une foule d&rsquo;ombre, &agrave; la fa&ccedil;on d&rsquo;Alexey Titarenko (****)</h4>\r\n<div>Avec l&rsquo;aide de 3 ou 4 figurants, vous allez donner l&rsquo;impression qu&rsquo;un lieu est</div>\r\n<div>noir de monde.</div>\r\n<div>Cherchez un lieu dans lequel sont susceptible de passer beaucoup de personnes, tels que des rampes,</div>\r\n<div>un escalier, un couloir...</div>\r\n<div>Photoshop ne DOIT PAS &ecirc;tre utilis&eacute;. La photo sera en noir et blanc.</div>\r\n<div>Indices techniques: Temps de pose tr&egrave;s long, jouez sur des arr&ecirc;ts, des mouvements particuliers.</div>\r\n<h4>b. R&eacute;aliser un panorama de&nbsp;180 ou&nbsp;360&deg;&nbsp;(**)</h4>\r\n<div>Le principe est de &laquo;recoller&raquo; c&ocirc;te &agrave; c&ocirc;te sur Photoshop des photos prises d&rsquo;un m&ecirc;me axe mais sous des</div>\r\n<div>angles diff&eacute;rents pour reconstituer un panorama.</div>\r\n<div>Indices techniques: Utiliser un pied, bloquez les r&eacute;glages en manuel, faites une photo par tranche de</div>\r\n<div>10-30&deg; selon la focale, faites attention aux d&eacute;formations dues au grand angle.</div>\r\n<div>Conseils: Les r&eacute;sultats sont meilleurs dans un grand espace et &agrave; une longueur focale d&rsquo;environ 45 mm.</div>\r\n<h4>c. Cr&eacute;er un high-key en lumi&egrave;re naturelle (*)</h4>\r\n<div>Indices techniques: Surexposition, utilisation de zones tr&egrave;s &eacute;clair&eacute;es, d&rsquo;habits clairs, ...</div>\r\n<div>Photoshop ne DOIT PAS &ecirc;tre utilis&eacute;.</div>\r\n<h4>d. Raconter une mini-histoire en cinq photos (*)</h4>\r\n<div>R&eacute;alisez une suite de 5 images racontant une petite histoire que vous assemblerez &ndash; dans Photoshop &ndash;</div>\r\n<div>&agrave; la fa&ccedil;on de photos prises dans un photomaton.</div>\r\n<h4>e. Cr&eacute;er des clones (*)</h4>\r\n<div>Le principe est de prendre en photo un mod&egrave;le &agrave; diff&eacute;rents endroits d&rsquo;une sc&egrave;ne</div>\r\n<div>sans changer de place,&nbsp;d&rsquo;angle ou de focale, le mod&egrave;le &agrave; cloner sera ensuite copi&eacute;-coll&eacute; dans Photoshop.</div>\r\n<div>Indices techniques: Utilisation d&rsquo;un pied et bloquer l&rsquo;appareil en mode manuel.</div>\r\n<h4>f. Faire une fausse photo d&rsquo;ovni (**)</h4>\r\n<div>Cr&eacute;ez une fausse preuve de l&rsquo;existence des soucoupes volantes,</div>\r\n<div>un &laquo;t&eacute;moin&raquo; qui montre&nbsp;le ph&eacute;nom&egrave;ne&nbsp;doit&nbsp;&ecirc;tre pr&eacute;sent sur la photo.</div>\r\n<div>Photoshop ne DOIT PAS &ecirc;tre utilis&eacute;.</div>\r\n<div>Indices techniques: Photo prise sur le vif, utilisation de la canne &agrave; p&ecirc;che et d&rsquo;un objet rond, jeux de</div>\r\n<div>reflets, utilisation du flou de boug&eacute;, etc.</div>\r\n<h4>g. Faire une fausse photo de fant&ocirc;me (***)</h4>\r\n<div>Indices techniques: Jeux de reflets, d&rsquo;ombre, d&rsquo;utilisation du flou de boug&eacute;, etc.</div>\r\n<div>Mise en sc&egrave;ne dramatique, en noir et blanc, etc.</div>\r\n<div>Un &laquo;t&eacute;moin&raquo; qui montre le ph&eacute;nom&egrave;ne doit &ecirc;tre pr&eacute;sent sur la photo.</div>\r\n<div>Photoshop ne DOIT PAS &ecirc;tre utilis&eacute;.</div>\r\n<h4>h. Incruster un mod&egrave;le derri&egrave;re une diapositive(***)</h4>\r\n<div>Utilisez le projecteur dia ou vid&eacute;o afin de faire croire que votre mod&egrave;le est dans un lieu o&ugrave; il n&rsquo;est pas.</div>\r\n<div>Lumi&egrave;re, couleurs, profondeur de champ, perspective devront &ecirc;tre &laquo;raccord&raquo;.</div>\r\n<div>Photoshop ne DOIT PAS &ecirc;tre utilis&eacute;.</div>\r\n<div>Indices techniques: Utilisation des g&eacute;latines ou mode noir et blanc, utilisation des projecteurs, des volets,</div>\r\n<div>du snoot, de caches, des parapluies, des r&eacute;flecteurs, etc.</div>\r\n<div class=\"endOfContent\">&nbsp;</div>\r\n</div>\r\n</div>\r\n<div class=\"page\" data-page-number=\"3\" data-loaded=\"true\">\r\n<div class=\"canvasWrapper\">&nbsp;</div>\r\n<div class=\"textLayer\">&nbsp;</div>\r\n</div>', '2020-02-20', '2020-02-20', '2020-02-20', 'Défis techniques 4', 1, 0, 'Démontrez vos compétences audiovisuelles en réalisant des photographies épatantes', 4, 'jpg', 1, 0),
(219, 6, 1, 1, '2019-2020', '', '2020-02-07', '2020-03-04', '2020-03-04', 'Sonorisation', 1, 0, 'Sonorise ton stopmotion!', 3, 'mp4', 1, 0),
(220, 6, 1, 1, '2019-2020', '<h4>Organisation</h4>\r\n<p>R&eacute;partissez-vous en deux groupes &eacute;quivalents en nombre et en comp&eacute;tences.&nbsp; Un groupe travaillera sur la pixilation tandis que l\'autre sur le projet \"L&eacute;vitation\".</p>\r\n<ul>\r\n<li>Deux heures seront d&eacute;di&eacute;es &agrave; la prise de vue.</li>\r\n<li>Deux autres heures seront pr&eacute;vues pour le montage/correction de votre travail.</li>\r\n</ul>\r\n<h4>Contraintes</h4>\r\n<p>Remettez une pixilation conforme aux exigences suivantes:</p>\r\n<p><strong>1. Contraintes techniques</strong></p>\r\n<ul>\r\n<li>non sonoris&eacute;e</li>\r\n<li>entre 10 et 15 secondes</li>\r\n<li>12 images par secondes</li>\r\n<li>format .mp4 en H.264, 720p</li>\r\n</ul>\r\n<p><strong>2. Contraintes pixilation</strong></p>\r\n<ul>\r\n<li>Pr&eacute;sence d\'une l&eacute;vitation ou d\'un d&eacute;placement improbable d\'un humain</li>\r\n<li>Pr&eacute;sence d\'une disparition ou d\'une transformation</li>\r\n</ul>', '2020-02-06', '2020-03-06', '2020-03-06', 'Pixiliation', 1, 0, 'Vous avez découvert le travail de Norman McLaren et vous désirez vous essayer à sa technique de pixilation.', 3, 'mp4', 1, 0),
(221, 7, 1, 1, '2019-2020', '', '2020-02-06', '2020-03-05', '2020-03-05', 'Pré-production d\'un court métrage', 1, 0, 'Ecrivons un court-métrage ensemble!', 3, 'pdf', 1, 0),
(223, 1, 1, 1, '2019-2020', '<p>Remets un portrait contenant au minimum des parties de visage de 2 personnes.&nbsp;</p>\r\n<p>Le travail sera soign&eacute; et pr&eacute;&ccedil;is. Les meilleurs portraits seront imprim&eacute;s.</p>', '2020-03-05', '2020-03-19', '2020-03-19', 'Les élèves de l\'étrange', 1, 0, 'Manipulations génétiques, croisements improbable? Non, juste Photoshop!', 4, 'jpg', 1, 0),
(224, 7, 1, 1, '2019-2020', '<table>\r\n<tbody>\r\n<tr style=\"height: 83px;\">\r\n<td style=\"text-align: center; height: 83px;\"><strong>Seq. / N&deg; plan</strong></td>\r\n<td style=\"text-align: center; height: 83px;\"><strong>Dur&eacute;e (sec)</strong></td>\r\n<td style=\"text-align: center; height: 83px;\"><strong>Lieu et moment</strong></td>\r\n<td style=\"text-align: center; height: 83px;\"><strong>Echelle du plan</strong></td>\r\n<td style=\"text-align: center; height: 83px;\"><strong>Action</strong></td>\r\n<td style=\"text-align: center; height: 83px;\"><strong>Son</strong></td>\r\n<td style=\"text-align: center; height: 83px;\"><strong>Raccord</strong></td>\r\n</tr>\r\n<tr style=\"height: 102px;\">\r\n<td style=\"height: 102px;\">1/01</td>\r\n<td style=\"height: 102px;\">5</td>\r\n<td style=\"height: 102px;\">Local informatique 69 int/nuit</td>\r\n<td style=\"height: 102px;\">ensemble</td>\r\n<td style=\"height: 102px;\">L\'ordinateur de Mme Hubot s\'allume tout seul</td>\r\n<td style=\"height: 102px;\">\r\n<p>Ambiance int&eacute;rieure + l\'ordinateur qui s\'allume</p>\r\n</td>\r\n<td style=\"height: 102px;\">cut</td>\r\n</tr>\r\n<tr style=\"height: 83px;\">\r\n<td style=\"height: 83px;\">1/02</td>\r\n<td style=\"height: 83px;\">2</td>\r\n<td style=\"height: 83px;\">Local informatique 69 int/nuit</td>\r\n<td style=\"height: 83px;\">rapproch&eacute;</td>\r\n<td style=\"height: 83px;\">L\'ordinateur dit \"La base virale doit &ecirc;tre mise &agrave; jour\"</td>\r\n<td style=\"height: 83px;\">Ambiance int&eacute;rieure + l\'ordinateur qui s\'allume</td>\r\n<td style=\"height: 83px;\">cut</td>\r\n</tr>\r\n</tbody>\r\n</table>\r\n<p>Remise au format PDF.</p>', '2020-03-05', '2020-03-12', '2020-03-12', 'Découpage technique', 1, 0, 'Réalise le découpage technique de ton projet préféré', 4, 'pdf', 1, 0),
(227, 2, 1, 1, '2020-2021', NULL, '2020-10-01', '2020-10-01', '2020-10-01', 'Les types d\'appareils photo', 1, 1, 'Évaluation écrite', 1, NULL, 0, 0),
(228, 9, 1, 1, '2020-2021', NULL, '2020-10-09', '2020-10-09', '2020-10-09', 'Réglages de l\'appareil photo', 1, 1, 'Évaluation écrite', 1, NULL, 0, 0),
(229, 2, 1, 1, '2020-2021', NULL, '2020-10-08', '2020-10-08', '2020-10-08', 'Fonctionnement de l\'APN', 1, 1, 'Évaluation écrite', 1, NULL, 0, 0),
(230, 1, 1, 1, '2020-2021', '<p>A l\'aide des r&eacute;glages suivants, r&eacute;alise plusieurs photographies en lightpainting:</p><p>- Les ISO r&eacute;gl&eacute;s sur 800<br />- Le temps de pose sur Bulb<br />- Le diaphragme sera utilis&eacute; pour l\'exposition</p><p>&nbsp;</p><p>Ta photographie devra ressembler &agrave; ceci (couleur, fond, taille), mais avec ton pr&eacute;nom:</p><p><img src=\"https://s14-eu5.startpage.com/cgi-bin/serveimage?url=https%3A%2F%2Fi.ytimg.com%2Fvi%2FlSYkNiBrhYI%2Fmaxresdefault.jpg&amp;sp=95f980798e4d8309ee275e7e33253a02\" alt=\"\" width=\"359\" height=\"202\" /></p><p>&nbsp;</p>', '2020-09-13', '2020-10-30', '2020-10-09', 'Lightpainting - Ecriture', 1, 0, 'Allons un peu plus loin dans le lightpainting!', 1, 'jpg', 1, 1),
(231, 1, 1, 1, '2020-2021', '<p>A l\'aide des r&eacute;glages suivants, r&eacute;alise plusieurs photographies en lightpainting:</p><p>- Les ISO r&eacute;gl&eacute;s sur 800<br />- Le temps de pose sur Bulb<br />- Le diaphragme sera utilis&eacute; pour l\'exposition</p><p>Contrainte: Ta photographie devra reproduire aussi fid&egrave;lement que possible la photographie en exemple.</p><p>&nbsp;</p><p>&nbsp;</p>', '2020-09-20', '2020-10-30', '2020-10-09', 'Lightpainting - Boule de feu', 1, 0, 'Allons un peu plus loin dans le lightpainting!', 1, 'jpg', 1, 1),
(232, 1, 1, 1, '2020-2021', '<p>A l\'aide des r&eacute;glages suivants, r&eacute;alise plusieurs photographies en lightpainting:</p><p>- Les ISO r&eacute;gl&eacute;s sur 800<br />- Le temps de pose sur Bulb<br />- Le diaphragme sera utilis&eacute; pour l\'exposition</p><p>Contrainte: Ta photographie devra contenir au moins: 1 coup de flash et une intervention de lightpainting.</p><p>Remet ensuite <strong>la meilleure photographie</strong>&nbsp; que tu as r&eacute;alis&eacute;.</p><p><strong>Soit cr&eacute;atif et n\'aie pas peur d\'explorer les techniques!</strong></p><h3>Pour aller plus loin</h3><p>Plus d\'informations sur la technique: <a href=\"https://fr.wikipedia.org/wiki/Light_painting\">https://fr.wikipedia.org/wiki/Light_painting</a></p><p><iframe src=\"//player.vimeo.com/video/142250486?title=0&amp;byline=0\" width=\"425\" height=\"350\"></iframe></p>', '2020-09-27', '2020-10-30', '2020-10-09', 'Lightpainting - Création', 1, 0, 'Tu viens de découvrir des photographies en lightpainting, à ton tour maintenant d\'utiliser la technique!', 1, 'jpg', 1, 1),
(233, 1, 1, 1, '2020-2021', '<p>Remets 5 photographies dans lequelles tu exploites les lignes.</p>', '2020-10-15', '2020-10-30', '2020-02-15', 'Compo: Lignes', 1, 0, 'Exerce ton regard en exploitant les lignes', 1, 'jpg', 5, 1),
(234, 11, 1, 1, '2020-2021', NULL, '2020-10-22', '2020-10-22', '2020-10-22', 'Utilisation de la caméra', 1, 1, 'Évaluation écrite', 1, NULL, 0, 0),
(235, 2, 1, 1, '2020-2021', NULL, '2020-10-22', '2020-10-22', '2020-10-22', 'Fonctionnement de l\'APN / Repêche', 1, 1, 'Évaluation écrite', 1, NULL, 0, 0),
(236, 9, 1, 1, '2020-2021', NULL, '2020-10-22', '2020-10-22', '2020-10-22', 'Réglages de l\'appareil photo / Repêche', 1, 0, 'Évaluation écrite', 1, NULL, 0, 0);

-- --------------------------------------------------------

--
-- Structure de la table `project_self_assessment_question`
--

DROP TABLE IF EXISTS `project_self_assessment_question`;
CREATE TABLE IF NOT EXISTS `project_self_assessment_question` (
  `project_id` int(11) NOT NULL,
  `self_assessment_question_id` int(11) NOT NULL,
  PRIMARY KEY (`project_id`,`self_assessment_question_id`),
  KEY `IDX_DFCAB2A3166D1F9C` (`project_id`),
  KEY `IDX_DFCAB2A3C91D5A2B` (`self_assessment_question_id`)
) ENGINE=InnoDB DEFAULT CHARSET=utf8mb4 COLLATE=utf8mb4_unicode_ci;

--
-- Déchargement des données de la table `project_self_assessment_question`
--

INSERT INTO `project_self_assessment_question` (`project_id`, `self_assessment_question_id`) VALUES
(1, 1),
(1, 2),
(2, 1),
(2, 2),
(3, 1),
(3, 2),
(4, 1),
(4, 2),
(5, 1),
(5, 2),
(6, 1),
(6, 2),
(9, 2),
(10, 1),
(10, 2),
(10, 3),
(11, 4),
(11, 5),
(11, 6),
(15, 1),
(15, 2),
(15, 5),
(16, 1),
(16, 2),
(16, 4),
(17, 1),
(17, 4),
(17, 5),
(19, 5),
(19, 6),
(19, 8),
(19, 9),
(24, 2),
(24, 5),
(24, 10),
(24, 11),
(24, 12),
(24, 13),
(26, 5),
(26, 8),
(26, 9),
(27, 5),
(27, 8),
(27, 9),
(28, 14),
(30, 5),
(31, 5),
(32, 5),
(33, 5),
(33, 14),
(34, 1),
(34, 2),
(35, 1),
(35, 2),
(37, 2),
(38, 5),
(38, 15),
(39, 5),
(40, 2),
(41, 1),
(42, 5),
(45, 1),
(45, 5),
(46, 16),
(47, 5),
(48, 5),
(49, 5),
(49, 9),
(51, 9),
(52, 5),
(52, 6),
(52, 8),
(52, 9),
(53, 4),
(53, 5),
(54, 5),
(54, 6),
(54, 8),
(55, 5),
(56, 5),
(56, 6),
(56, 8),
(57, 2),
(57, 5),
(58, 5),
(59, 1),
(59, 2),
(59, 6),
(59, 16),
(61, 1),
(61, 2),
(61, 19),
(62, 3),
(62, 16),
(62, 18),
(69, 8),
(70, 16),
(71, 16),
(72, 16),
(73, 20),
(74, 21),
(76, 1),
(76, 21),
(77, 16),
(78, 5),
(78, 14),
(80, 1),
(80, 2),
(82, 5),
(82, 22),
(83, 2),
(83, 16),
(89, 2),
(90, 5),
(90, 22),
(91, 5),
(91, 22),
(92, 1),
(92, 2),
(93, 4),
(93, 5),
(94, 5),
(95, 5),
(95, 22),
(102, 1),
(102, 2),
(103, 1),
(103, 5),
(105, 16),
(106, 16),
(107, 16),
(109, 16),
(110, 16),
(111, 5),
(111, 9),
(112, 1),
(112, 2),
(112, 19),
(113, 5),
(113, 9),
(114, 5),
(115, 5),
(115, 6),
(115, 8),
(115, 9),
(116, 5),
(116, 6),
(116, 8),
(116, 9),
(118, 16),
(120, 5),
(120, 6),
(120, 8),
(120, 9),
(121, 23),
(122, 5),
(122, 6),
(122, 8),
(122, 9),
(125, 16),
(126, 1),
(126, 2),
(126, 5),
(127, 2),
(128, 3),
(128, 16),
(128, 18),
(130, 24),
(130, 25),
(131, 18),
(132, 2),
(133, 5),
(136, 16),
(138, 5),
(139, 5),
(140, 16),
(141, 16),
(142, 1),
(143, 5),
(144, 1),
(145, 1),
(146, 1),
(149, 2),
(151, 16),
(153, 16),
(161, 1),
(162, 2),
(163, 1),
(164, 1),
(164, 2),
(165, 16),
(166, 16),
(167, 16),
(168, 2),
(169, 2),
(170, 16),
(171, 16),
(172, 2),
(173, 16),
(175, 16),
(176, 5),
(176, 6),
(176, 8),
(176, 9),
(177, 2),
(178, 5),
(178, 6),
(178, 8),
(178, 9),
(179, 16),
(180, 5),
(180, 6),
(180, 8),
(180, 9),
(181, 6),
(181, 26),
(181, 27),
(182, 16),
(183, 6),
(183, 26),
(183, 27),
(184, 5),
(185, 5),
(186, 16),
(187, 5),
(188, 1),
(188, 5),
(189, 16),
(190, 16),
(191, 16),
(192, 16),
(193, 16),
(194, 2),
(195, 5),
(195, 22),
(196, 28),
(197, 5),
(197, 22),
(198, 16),
(199, 5),
(199, 22),
(200, 4),
(201, 16),
(202, 2),
(204, 22),
(205, 16),
(206, 16),
(207, 16),
(208, 5),
(209, 1),
(210, 4),
(210, 5),
(211, 4),
(211, 5),
(212, 4),
(212, 5),
(213, 4),
(213, 5),
(214, 5),
(215, 5),
(215, 6),
(215, 8),
(215, 9),
(216, 5),
(216, 6),
(216, 8),
(216, 9),
(217, 5),
(217, 6),
(217, 8),
(217, 9),
(218, 5),
(218, 6),
(218, 8),
(218, 9),
(219, 1),
(219, 29),
(220, 5),
(220, 29),
(221, 4),
(223, 16),
(224, 2),
(230, 1),
(231, 16),
(232, 16),
(233, 16);

-- --------------------------------------------------------

--
-- Structure de la table `project_skill`
--

DROP TABLE IF EXISTS `project_skill`;
CREATE TABLE IF NOT EXISTS `project_skill` (
  `project_id` int(11) NOT NULL,
  `skill_id` int(11) NOT NULL,
  PRIMARY KEY (`project_id`,`skill_id`),
  KEY `IDX_4D68EDE9166D1F9C` (`project_id`),
  KEY `IDX_4D68EDE95585C142` (`skill_id`)
) ENGINE=InnoDB DEFAULT CHARSET=utf8mb4 COLLATE=utf8mb4_unicode_ci;

--
-- Déchargement des données de la table `project_skill`
--

INSERT INTO `project_skill` (`project_id`, `skill_id`) VALUES
(1, 28),
(1, 29),
(1, 30),
(1, 31),
(1, 32),
(1, 33),
(1, 34),
(1, 35),
(1, 36),
(1, 37),
(1, 38),
(2, 28),
(2, 29),
(2, 30),
(2, 31),
(2, 32),
(2, 33),
(2, 34),
(2, 35),
(2, 36),
(2, 37),
(2, 38),
(3, 28),
(3, 29),
(3, 30),
(3, 31),
(3, 32),
(3, 33),
(3, 34),
(3, 35),
(3, 36),
(3, 37),
(3, 38),
(4, 28),
(4, 29),
(4, 30),
(4, 31),
(4, 32),
(4, 33),
(4, 34),
(4, 35),
(4, 36),
(4, 37),
(4, 38),
(5, 28),
(5, 29),
(5, 30),
(5, 31),
(5, 32),
(5, 33),
(5, 34),
(5, 35),
(5, 36),
(5, 37),
(5, 38),
(6, 28),
(6, 29),
(6, 30),
(6, 31),
(6, 32),
(6, 33),
(6, 34),
(6, 35),
(6, 36),
(6, 37),
(6, 38),
(7, 20),
(7, 23),
(7, 25),
(7, 32),
(7, 34),
(7, 36),
(7, 37),
(7, 38),
(8, 23),
(8, 35),
(8, 36),
(8, 37),
(8, 38),
(9, 31),
(9, 32),
(9, 34),
(9, 36),
(9, 37),
(9, 38),
(10, 31),
(10, 32),
(10, 33),
(10, 34),
(10, 36),
(10, 38),
(10, 40),
(11, 1),
(11, 3),
(11, 20),
(11, 21),
(11, 22),
(11, 25),
(11, 26),
(11, 29),
(11, 31),
(11, 32),
(11, 33),
(11, 34),
(11, 35),
(11, 36),
(11, 37),
(11, 38),
(11, 41),
(15, 23),
(15, 26),
(15, 27),
(15, 29),
(15, 31),
(15, 34),
(15, 35),
(15, 36),
(15, 38),
(16, 9),
(16, 11),
(16, 15),
(16, 17),
(16, 20),
(16, 23),
(16, 25),
(16, 29),
(16, 31),
(16, 32),
(16, 33),
(16, 34),
(16, 35),
(16, 36),
(16, 37),
(16, 38),
(16, 39),
(16, 40),
(17, 1),
(17, 3),
(17, 11),
(17, 17),
(17, 22),
(17, 29),
(17, 31),
(17, 32),
(17, 33),
(17, 34),
(17, 35),
(17, 36),
(17, 37),
(17, 38),
(17, 39),
(17, 40),
(17, 41),
(19, 11),
(19, 17),
(19, 31),
(19, 32),
(19, 34),
(19, 36),
(19, 37),
(19, 38),
(19, 39),
(24, 1),
(24, 4),
(24, 6),
(24, 7),
(24, 15),
(24, 17),
(24, 20),
(24, 21),
(24, 22),
(24, 31),
(24, 32),
(24, 33),
(24, 35),
(24, 37),
(24, 38),
(25, 11),
(25, 15),
(25, 23),
(25, 31),
(25, 32),
(25, 36),
(25, 37),
(25, 40),
(26, 1),
(26, 2),
(27, 3),
(28, 21),
(28, 23),
(28, 25),
(28, 28),
(28, 31),
(28, 32),
(28, 33),
(28, 34),
(28, 35),
(28, 36),
(28, 38),
(29, 21),
(29, 32),
(29, 34),
(29, 37),
(30, 1),
(30, 9),
(30, 26),
(30, 31),
(30, 32),
(30, 34),
(30, 36),
(30, 38),
(31, 11),
(31, 17),
(31, 25),
(31, 26),
(31, 31),
(31, 32),
(31, 34),
(31, 37),
(31, 38),
(32, 1),
(32, 2),
(32, 5),
(32, 9),
(32, 11),
(32, 28),
(32, 32),
(32, 33),
(32, 36),
(32, 42),
(33, 20),
(33, 25),
(33, 27),
(33, 31),
(33, 32),
(33, 33),
(33, 34),
(33, 35),
(33, 36),
(33, 37),
(33, 38),
(33, 39),
(33, 40),
(33, 41),
(34, 1),
(34, 3),
(34, 20),
(34, 23),
(34, 24),
(34, 25),
(34, 26),
(34, 33),
(34, 34),
(34, 36),
(34, 37),
(34, 38),
(35, 31),
(35, 32),
(35, 33),
(35, 34),
(35, 36),
(35, 37),
(35, 38),
(36, 21),
(36, 33),
(36, 36),
(36, 39),
(37, 11),
(37, 17),
(37, 23),
(37, 32),
(37, 34),
(37, 36),
(38, 1),
(38, 9),
(38, 11),
(38, 17),
(38, 20),
(38, 23),
(38, 24),
(38, 25),
(38, 27),
(38, 32),
(38, 33),
(38, 34),
(38, 35),
(38, 36),
(38, 37),
(38, 38),
(39, 1),
(39, 11),
(39, 23),
(39, 25),
(39, 29),
(39, 31),
(39, 32),
(39, 33),
(39, 34),
(39, 35),
(39, 36),
(39, 37),
(40, 9),
(40, 11),
(40, 21),
(40, 25),
(40, 31),
(40, 32),
(40, 34),
(41, 21),
(41, 33),
(41, 36),
(41, 39),
(42, 9),
(42, 17),
(42, 20),
(42, 21),
(42, 23),
(42, 25),
(42, 26),
(42, 31),
(42, 32),
(42, 35),
(42, 36),
(42, 37),
(42, 40),
(43, 11),
(43, 17),
(43, 20),
(43, 21),
(43, 23),
(43, 25),
(43, 26),
(43, 34),
(43, 36),
(43, 37),
(43, 38),
(44, 1),
(44, 12),
(44, 17),
(44, 20),
(44, 32),
(44, 33),
(44, 36),
(44, 37),
(44, 38),
(45, 4),
(46, 11),
(46, 31),
(46, 36),
(47, 23),
(47, 25),
(47, 26),
(47, 29),
(47, 30),
(47, 33),
(47, 34),
(47, 35),
(47, 36),
(47, 37),
(47, 38),
(48, 5),
(49, 20),
(49, 23),
(49, 25),
(49, 31),
(49, 32),
(49, 33),
(49, 34),
(49, 36),
(49, 37),
(49, 38),
(50, 20),
(50, 29),
(50, 31),
(50, 34),
(50, 36),
(50, 37),
(50, 38),
(51, 25),
(51, 26),
(51, 29),
(51, 31),
(51, 32),
(51, 34),
(51, 35),
(51, 36),
(51, 37),
(51, 38),
(52, 11),
(52, 17),
(52, 31),
(52, 32),
(52, 34),
(52, 36),
(52, 37),
(52, 38),
(52, 39),
(53, 9),
(53, 20),
(53, 23),
(53, 25),
(53, 26),
(53, 29),
(53, 31),
(53, 32),
(53, 34),
(53, 35),
(53, 37),
(53, 38),
(54, 17),
(54, 31),
(54, 32),
(54, 34),
(54, 36),
(54, 37),
(54, 38),
(54, 39),
(55, 29),
(55, 32),
(55, 33),
(55, 35),
(55, 36),
(55, 37),
(55, 42),
(56, 17),
(56, 31),
(56, 32),
(56, 34),
(56, 36),
(56, 37),
(56, 38),
(56, 39),
(57, 9),
(57, 20),
(57, 21),
(57, 23),
(57, 24),
(57, 25),
(57, 26),
(57, 29),
(57, 31),
(57, 32),
(57, 33),
(57, 34),
(57, 35),
(57, 37),
(57, 38),
(58, 23),
(58, 32),
(58, 33),
(58, 34),
(58, 35),
(58, 36),
(58, 37),
(58, 38),
(58, 39),
(59, 9),
(59, 17),
(59, 23),
(59, 24),
(59, 25),
(59, 26),
(59, 27),
(59, 30),
(59, 32),
(59, 34),
(59, 35),
(59, 36),
(59, 37),
(59, 38),
(60, 19),
(61, 20),
(61, 21),
(61, 22),
(61, 23),
(61, 25),
(61, 29),
(61, 31),
(61, 32),
(61, 37),
(61, 38),
(61, 39),
(62, 32),
(62, 33),
(62, 34),
(62, 35),
(62, 36),
(62, 37),
(62, 38),
(63, 36),
(63, 37),
(63, 38),
(64, 36),
(64, 37),
(64, 38),
(65, 36),
(65, 37),
(65, 38),
(66, 36),
(66, 37),
(66, 38),
(67, 15),
(67, 17),
(67, 29),
(67, 30),
(67, 31),
(67, 32),
(67, 34),
(67, 35),
(67, 36),
(67, 37),
(67, 38),
(68, 1),
(69, 18),
(70, 31),
(70, 36),
(70, 38),
(71, 15),
(71, 17),
(71, 18),
(71, 29),
(71, 34),
(71, 36),
(71, 38),
(72, 31),
(72, 32),
(72, 34),
(72, 36),
(72, 38),
(73, 31),
(73, 32),
(73, 36),
(73, 37),
(74, 31),
(74, 36),
(75, 39),
(76, 31),
(77, 1),
(77, 15),
(77, 20),
(77, 23),
(77, 25),
(77, 31),
(77, 32),
(77, 34),
(77, 36),
(77, 37),
(77, 38),
(78, 20),
(78, 25),
(78, 27),
(78, 31),
(78, 32),
(78, 33),
(78, 34),
(78, 35),
(78, 36),
(78, 37),
(78, 38),
(78, 39),
(78, 40),
(78, 41),
(79, 29),
(80, 20),
(80, 31),
(80, 32),
(81, 31),
(82, 23),
(83, 15),
(83, 17),
(83, 20),
(83, 29),
(83, 30),
(83, 31),
(83, 32),
(83, 34),
(83, 35),
(83, 36),
(83, 37),
(83, 38),
(86, 39),
(87, 31),
(88, 20),
(89, 20),
(89, 23),
(90, 23),
(91, 23),
(92, 11),
(92, 15),
(92, 20),
(92, 32),
(93, 9),
(93, 20),
(93, 23),
(93, 25),
(93, 26),
(93, 28),
(93, 29),
(93, 31),
(93, 32),
(93, 33),
(93, 34),
(93, 35),
(93, 36),
(93, 37),
(93, 38),
(94, 9),
(94, 11),
(94, 15),
(94, 17),
(94, 23),
(94, 25),
(94, 26),
(94, 32),
(94, 33),
(94, 34),
(94, 36),
(94, 37),
(94, 38),
(94, 40),
(95, 23),
(102, 1),
(102, 3),
(102, 20),
(102, 23),
(102, 24),
(102, 25),
(102, 26),
(102, 33),
(102, 34),
(102, 35),
(102, 36),
(102, 37),
(102, 38),
(102, 39),
(103, 4),
(103, 29),
(103, 31),
(103, 32),
(103, 39),
(104, 11),
(104, 15),
(104, 17),
(104, 18),
(104, 20),
(104, 29),
(104, 32),
(104, 36),
(104, 37),
(104, 38),
(105, 1),
(105, 3),
(105, 10),
(105, 15),
(105, 16),
(105, 17),
(105, 28),
(105, 36),
(106, 11),
(106, 17),
(106, 20),
(106, 21),
(106, 23),
(106, 25),
(106, 26),
(106, 34),
(106, 36),
(106, 37),
(106, 38),
(107, 17),
(107, 31),
(107, 32),
(107, 36),
(108, 1),
(108, 3),
(108, 9),
(108, 15),
(108, 19),
(108, 27),
(108, 33),
(108, 40),
(108, 42),
(109, 11),
(109, 31),
(109, 36),
(110, 31),
(110, 32),
(111, 20),
(111, 23),
(111, 25),
(111, 26),
(111, 31),
(111, 32),
(111, 33),
(111, 34),
(111, 36),
(111, 37),
(111, 38),
(111, 39),
(112, 11),
(112, 15),
(112, 17),
(112, 20),
(112, 21),
(112, 22),
(112, 23),
(112, 25),
(112, 29),
(112, 31),
(112, 32),
(112, 34),
(112, 36),
(112, 37),
(112, 38),
(112, 39),
(113, 20),
(113, 23),
(113, 25),
(113, 26),
(113, 32),
(113, 33),
(113, 35),
(113, 36),
(113, 37),
(113, 38),
(113, 39),
(114, 1),
(114, 11),
(114, 23),
(114, 25),
(114, 29),
(114, 31),
(114, 32),
(114, 33),
(114, 34),
(114, 35),
(114, 36),
(114, 37),
(114, 39),
(114, 42),
(115, 11),
(115, 17),
(115, 23),
(115, 25),
(115, 31),
(115, 32),
(115, 34),
(115, 36),
(115, 37),
(115, 38),
(115, 39),
(115, 40),
(116, 11),
(116, 17),
(116, 23),
(116, 25),
(116, 31),
(116, 32),
(116, 34),
(116, 36),
(116, 37),
(116, 38),
(116, 39),
(116, 40),
(117, 9),
(117, 19),
(117, 36),
(117, 42),
(118, 3),
(119, 9),
(119, 19),
(119, 36),
(119, 42),
(120, 11),
(120, 17),
(120, 23),
(120, 25),
(120, 31),
(120, 32),
(120, 34),
(120, 36),
(120, 37),
(120, 38),
(120, 39),
(120, 40),
(121, 20),
(122, 11),
(122, 17),
(122, 23),
(122, 25),
(122, 31),
(122, 32),
(122, 34),
(122, 36),
(122, 37),
(122, 38),
(122, 39),
(122, 40),
(123, 29),
(123, 30),
(123, 34),
(123, 36),
(123, 37),
(123, 38),
(123, 39),
(124, 11),
(124, 20),
(124, 23),
(124, 27),
(124, 31),
(124, 32),
(124, 34),
(124, 36),
(124, 37),
(124, 38),
(125, 29),
(125, 31),
(125, 32),
(125, 34),
(125, 35),
(125, 36),
(125, 37),
(125, 38),
(125, 39),
(126, 23),
(126, 26),
(126, 27),
(126, 29),
(126, 31),
(126, 32),
(126, 34),
(126, 35),
(126, 36),
(126, 38),
(126, 39),
(127, 15),
(127, 17),
(127, 29),
(127, 30),
(127, 31),
(127, 32),
(127, 34),
(127, 35),
(127, 36),
(127, 37),
(127, 38),
(128, 9),
(128, 20),
(128, 31),
(128, 32),
(128, 33),
(128, 34),
(128, 35),
(128, 36),
(128, 37),
(128, 38),
(128, 39),
(129, 21),
(129, 31),
(129, 32),
(129, 34),
(129, 37),
(130, 11),
(130, 17),
(130, 34),
(130, 36),
(130, 37),
(130, 38),
(131, 33),
(132, 17),
(132, 29),
(132, 31),
(132, 32),
(132, 35),
(132, 36),
(132, 38),
(132, 39),
(133, 1),
(133, 31),
(133, 32),
(133, 34),
(133, 35),
(134, 20),
(134, 23),
(134, 29),
(134, 31),
(134, 32),
(134, 39),
(135, 29),
(135, 39),
(136, 31),
(136, 32),
(136, 34),
(136, 36),
(136, 38),
(136, 39),
(137, 1),
(138, 20),
(138, 25),
(138, 27),
(138, 31),
(138, 32),
(138, 33),
(138, 34),
(138, 35),
(138, 36),
(138, 37),
(138, 38),
(138, 39),
(138, 40),
(138, 41),
(139, 23),
(139, 35),
(139, 36),
(139, 37),
(139, 38),
(140, 1),
(140, 15),
(140, 20),
(140, 23),
(140, 25),
(140, 31),
(140, 32),
(140, 34),
(140, 36),
(140, 37),
(140, 38),
(141, 1),
(141, 15),
(141, 20),
(141, 23),
(141, 25),
(141, 31),
(141, 32),
(141, 34),
(141, 36),
(141, 37),
(141, 38),
(142, 1),
(142, 15),
(142, 20),
(142, 23),
(142, 25),
(142, 31),
(142, 32),
(142, 34),
(142, 36),
(142, 37),
(142, 38),
(142, 39),
(143, 1),
(143, 11),
(143, 23),
(143, 25),
(143, 29),
(143, 31),
(143, 32),
(143, 33),
(143, 34),
(143, 35),
(143, 36),
(143, 37),
(143, 39),
(143, 42),
(144, 31),
(145, 1),
(146, 1),
(147, 17),
(147, 37),
(148, 31),
(149, 20),
(149, 23),
(150, 32),
(151, 11),
(151, 31),
(151, 36),
(152, 31),
(153, 1),
(154, 20),
(155, 28),
(156, 31),
(157, 32),
(158, 17),
(159, 17),
(160, 21),
(161, 31),
(161, 32),
(161, 34),
(161, 35),
(161, 36),
(161, 38),
(162, 32),
(162, 36),
(162, 39),
(163, 20),
(163, 21),
(163, 23),
(163, 25),
(163, 26),
(163, 29),
(163, 31),
(163, 32),
(163, 39),
(163, 40),
(164, 20),
(164, 23),
(164, 29),
(164, 31),
(164, 32),
(164, 33),
(164, 34),
(164, 35),
(164, 36),
(164, 37),
(164, 38),
(164, 39),
(165, 11),
(165, 31),
(165, 36),
(166, 31),
(166, 32),
(167, 17),
(167, 31),
(167, 32),
(167, 36),
(168, 29),
(168, 30),
(168, 34),
(168, 36),
(168, 37),
(168, 38),
(168, 39),
(169, 11),
(169, 15),
(169, 17),
(169, 18),
(169, 20),
(169, 29),
(169, 32),
(169, 36),
(169, 37),
(169, 38),
(170, 7),
(170, 15),
(170, 17),
(170, 20),
(170, 29),
(170, 32),
(170, 36),
(170, 38),
(170, 39),
(171, 20),
(171, 32),
(172, 11),
(172, 15),
(172, 17),
(172, 18),
(172, 20),
(172, 29),
(172, 32),
(172, 36),
(172, 37),
(172, 38),
(173, 11),
(173, 31),
(173, 36),
(174, 31),
(175, 1),
(175, 11),
(175, 15),
(175, 20),
(175, 21),
(175, 22),
(175, 23),
(175, 25),
(175, 26),
(175, 29),
(175, 31),
(175, 32),
(175, 34),
(175, 36),
(175, 38),
(176, 11),
(176, 17),
(176, 23),
(176, 25),
(176, 31),
(176, 32),
(176, 34),
(176, 36),
(176, 37),
(176, 38),
(176, 39),
(176, 40),
(177, 11),
(178, 11),
(178, 17),
(178, 23),
(178, 25),
(178, 31),
(178, 32),
(178, 34),
(178, 36),
(178, 37),
(178, 38),
(178, 39),
(178, 40),
(179, 9),
(179, 11),
(179, 20),
(179, 21),
(179, 22),
(179, 23),
(179, 25),
(179, 31),
(179, 32),
(179, 33),
(179, 35),
(179, 36),
(179, 37),
(179, 38),
(179, 39),
(180, 11),
(180, 17),
(180, 23),
(180, 25),
(180, 31),
(180, 32),
(180, 34),
(180, 36),
(180, 37),
(180, 38),
(180, 39),
(180, 40),
(181, 1),
(181, 2),
(181, 7),
(181, 11),
(181, 15),
(181, 17),
(181, 19),
(181, 20),
(181, 22),
(181, 23),
(181, 24),
(181, 25),
(181, 27),
(181, 29),
(181, 31),
(181, 32),
(181, 33),
(181, 34),
(181, 36),
(181, 37),
(181, 38),
(181, 39),
(182, 1),
(182, 11),
(182, 15),
(182, 17),
(182, 22),
(182, 23),
(182, 28),
(182, 30),
(182, 31),
(182, 36),
(182, 37),
(183, 1),
(183, 2),
(183, 7),
(183, 11),
(183, 15),
(183, 17),
(183, 19),
(183, 20),
(183, 22),
(183, 23),
(183, 24),
(183, 25),
(183, 27),
(183, 29),
(183, 31),
(183, 32),
(183, 33),
(183, 34),
(183, 36),
(183, 37),
(183, 38),
(183, 39),
(184, 15),
(184, 17),
(184, 31),
(184, 32),
(184, 34),
(184, 36),
(184, 37),
(184, 38),
(185, 1),
(185, 11),
(185, 15),
(185, 23),
(185, 25),
(185, 31),
(185, 32),
(185, 33),
(185, 34),
(185, 36),
(185, 37),
(185, 38),
(185, 39),
(186, 31),
(186, 32),
(187, 1),
(187, 31),
(187, 32),
(187, 34),
(187, 35),
(188, 4),
(188, 29),
(188, 31),
(188, 32),
(188, 39),
(189, 31),
(189, 32),
(190, 1),
(191, 31),
(191, 32),
(191, 34),
(191, 36),
(191, 38),
(191, 39),
(192, 31),
(192, 32),
(192, 34),
(192, 36),
(192, 38),
(192, 39),
(193, 1),
(193, 15),
(193, 20),
(193, 21),
(193, 23),
(193, 25),
(193, 31),
(193, 32),
(193, 34),
(193, 36),
(193, 37),
(193, 38),
(193, 39),
(194, 15),
(194, 17),
(194, 23),
(194, 25),
(194, 29),
(194, 32),
(194, 34),
(194, 35),
(194, 36),
(194, 37),
(194, 38),
(194, 39),
(195, 23),
(196, 11),
(196, 15),
(196, 17),
(196, 21),
(196, 22),
(196, 23),
(196, 25),
(196, 26),
(196, 28),
(196, 32),
(196, 33),
(196, 34),
(196, 35),
(196, 36),
(196, 37),
(196, 38),
(196, 39),
(196, 40),
(197, 23),
(198, 1),
(199, 23),
(200, 36),
(200, 37),
(201, 1),
(202, 20),
(202, 23),
(204, 17),
(204, 31),
(204, 32),
(204, 36),
(205, 11),
(205, 31),
(205, 36),
(206, 31),
(206, 32),
(207, 31),
(207, 32),
(208, 9),
(208, 11),
(208, 15),
(208, 17),
(208, 23),
(208, 25),
(208, 26),
(208, 32),
(208, 33),
(208, 34),
(208, 36),
(208, 37),
(208, 38),
(208, 40),
(209, 31),
(209, 32),
(209, 34),
(209, 35),
(209, 36),
(209, 38),
(210, 9),
(210, 20),
(210, 23),
(210, 25),
(210, 26),
(210, 28),
(210, 29),
(210, 31),
(210, 32),
(210, 33),
(210, 34),
(210, 35),
(210, 36),
(210, 37),
(210, 38),
(211, 9),
(211, 20),
(211, 23),
(211, 25),
(211, 26),
(211, 28),
(211, 29),
(211, 31),
(211, 32),
(211, 33),
(211, 34),
(211, 35),
(211, 36),
(211, 37),
(211, 38),
(212, 9),
(212, 20),
(212, 23),
(212, 25),
(212, 26),
(212, 28),
(212, 29),
(212, 31),
(212, 32),
(212, 33),
(212, 34),
(212, 35),
(212, 36),
(212, 37),
(212, 38),
(213, 9),
(213, 20),
(213, 23),
(213, 25),
(213, 26),
(213, 28),
(213, 29),
(213, 31),
(213, 32),
(213, 33),
(213, 34),
(213, 35),
(213, 36),
(213, 37),
(213, 38),
(214, 9),
(214, 11),
(214, 15),
(214, 17),
(214, 23),
(214, 25),
(214, 26),
(214, 32),
(214, 33),
(214, 34),
(214, 36),
(214, 37),
(214, 38),
(214, 40),
(215, 11),
(215, 17),
(215, 23),
(215, 25),
(215, 31),
(215, 32),
(215, 34),
(215, 36),
(215, 37),
(215, 38),
(215, 39),
(215, 40),
(216, 11),
(216, 17),
(216, 23),
(216, 25),
(216, 31),
(216, 32),
(216, 34),
(216, 36),
(216, 37),
(216, 38),
(216, 39),
(216, 40),
(217, 11),
(217, 17),
(217, 23),
(217, 25),
(217, 31),
(217, 32),
(217, 34),
(217, 36),
(217, 37),
(217, 38),
(217, 39),
(217, 40),
(218, 11),
(218, 17),
(218, 23),
(218, 25),
(218, 31),
(218, 32),
(218, 34),
(218, 36),
(218, 37),
(218, 38),
(218, 39),
(218, 40),
(219, 20),
(219, 23),
(219, 29),
(219, 31),
(219, 32),
(219, 33),
(219, 34),
(219, 35),
(219, 36),
(219, 37),
(219, 38),
(219, 39),
(220, 17),
(220, 21),
(220, 22),
(220, 23),
(220, 25),
(220, 26),
(220, 29),
(220, 30),
(220, 31),
(220, 32),
(220, 33),
(220, 34),
(220, 35),
(220, 36),
(220, 37),
(220, 38),
(220, 39),
(221, 37),
(223, 7),
(223, 15),
(223, 17),
(223, 20),
(223, 29),
(223, 32),
(223, 36),
(223, 38),
(223, 39),
(224, 4),
(227, 11),
(227, 17),
(228, 11),
(228, 17),
(229, 11),
(229, 17),
(230, 1),
(230, 15),
(230, 20),
(230, 23),
(230, 25),
(230, 31),
(230, 32),
(230, 34),
(230, 36),
(230, 37),
(230, 38),
(230, 39),
(231, 1),
(231, 15),
(231, 20),
(231, 23),
(231, 25),
(231, 31),
(231, 32),
(231, 34),
(231, 36),
(231, 37),
(231, 38),
(232, 1),
(232, 15),
(232, 20),
(232, 23),
(232, 25),
(232, 31),
(232, 32),
(232, 34),
(232, 36),
(232, 37),
(232, 38),
(233, 1),
(234, 15),
(234, 17),
(235, 11),
(235, 17),
(236, 11),
(236, 17);

-- --------------------------------------------------------

--
-- Structure de la table `result`
--

DROP TABLE IF EXISTS `result`;
CREATE TABLE IF NOT EXISTS `result` (
  `id` int(11) NOT NULL AUTO_INCREMENT,
  `student_id` int(11) NOT NULL,
  `assessment_id` int(11) NOT NULL,
  `max_vote` int(11) NOT NULL,
  `user_vote` double DEFAULT NULL,
  `user_letter` varchar(20) COLLATE utf8mb4_unicode_ci DEFAULT NULL,
  `date` date NOT NULL,
  `was_absent` tinyint(1) DEFAULT NULL,
  `comment` longtext COLLATE utf8mb4_unicode_ci,
  PRIMARY KEY (`id`),
  KEY `IDX_136AC113CB944F1A` (`student_id`),
  KEY `IDX_136AC113DD3DD5F1` (`assessment_id`)
) ENGINE=InnoDB AUTO_INCREMENT=4586 DEFAULT CHARSET=utf8mb4 COLLATE=utf8mb4_unicode_ci;

--
-- Déchargement des données de la table `result`
--

INSERT INTO `result` (`id`, `student_id`, `assessment_id`, `max_vote`, `user_vote`, `user_letter`, `date`, `was_absent`, `comment`) VALUES
(1, 236, 399, 10, 5, NULL, '2016-12-13', NULL, NULL),
(2, 236, 400, 10, 2, NULL, '2016-12-13', NULL, NULL),
(3, 236, 401, 5, 5, NULL, '2016-12-13', NULL, NULL),
(4, 236, 402, 5, 5, NULL, '2016-12-13', NULL, NULL),
(5, 236, 403, 5, 5, NULL, '2016-12-13', NULL, NULL),
(6, 236, 404, 5, 5, NULL, '2016-12-13', NULL, NULL),
(7, 236, 405, 20, 10, NULL, '2016-12-13', NULL, NULL),
(8, 236, 406, 20, 10, NULL, '2016-12-13', NULL, NULL),
(9, 237, 399, 10, 6, NULL, '2016-12-13', NULL, NULL),
(10, 237, 400, 10, 6, NULL, '2016-12-13', NULL, NULL),
(11, 237, 401, 5, 5, NULL, '2016-12-13', NULL, NULL),
(12, 237, 402, 5, 5, NULL, '2016-12-13', NULL, NULL),
(13, 237, 403, 5, 5, NULL, '2016-12-13', NULL, NULL),
(14, 237, 404, 5, 5, NULL, '2016-12-13', NULL, NULL),
(15, 237, 405, 20, 20, NULL, '2016-12-13', NULL, NULL),
(16, 237, 406, 20, 10, NULL, '2016-12-13', NULL, NULL),
(17, 240, 399, 10, 3, NULL, '2016-12-13', NULL, NULL),
(18, 240, 400, 10, 8, NULL, '2016-12-13', NULL, NULL),
(19, 240, 401, 5, 5, NULL, '2016-12-13', NULL, NULL),
(20, 240, 402, 5, 5, NULL, '2016-12-13', NULL, NULL),
(21, 240, 403, 5, 5, NULL, '2016-12-13', NULL, NULL),
(22, 240, 404, 5, 5, NULL, '2016-12-13', NULL, NULL),
(23, 240, 405, 20, 20, NULL, '2016-12-13', NULL, NULL),
(24, 240, 406, 20, 4, NULL, '2016-12-13', NULL, NULL),
(25, 206, 399, 10, 1, NULL, '2016-12-13', NULL, NULL),
(26, 206, 400, 10, 1, NULL, '2016-12-13', NULL, NULL),
(27, 206, 401, 5, 0, NULL, '2016-12-13', NULL, NULL),
(28, 206, 402, 5, 5, NULL, '2016-12-13', NULL, NULL),
(29, 206, 403, 5, 4, NULL, '2016-12-13', NULL, NULL),
(30, 206, 404, 5, 5, NULL, '2016-12-13', NULL, NULL),
(31, 206, 405, 20, 20, NULL, '2016-12-13', NULL, NULL),
(32, 206, 406, 20, 4, NULL, '2016-12-13', NULL, NULL),
(33, 238, 399, 10, 10, NULL, '2016-12-13', NULL, NULL),
(34, 238, 400, 10, 7, NULL, '2016-12-13', NULL, NULL),
(35, 238, 401, 5, 5, NULL, '2016-12-13', NULL, NULL),
(36, 238, 402, 5, 5, NULL, '2016-12-13', NULL, NULL),
(37, 238, 403, 5, 5, NULL, '2016-12-13', NULL, NULL),
(38, 238, 404, 5, 5, NULL, '2016-12-13', NULL, NULL),
(39, 238, 405, 20, 20, NULL, '2016-12-13', NULL, NULL),
(40, 238, 406, 20, 20, NULL, '2016-12-13', NULL, NULL),
(41, 239, 399, 10, 10, NULL, '2016-12-13', NULL, NULL),
(42, 239, 400, 10, 7, NULL, '2016-12-13', NULL, NULL),
(43, 239, 401, 5, 5, NULL, '2016-12-13', NULL, NULL),
(44, 239, 402, 5, 5, NULL, '2016-12-13', NULL, NULL),
(45, 239, 403, 5, 5, NULL, '2016-12-13', NULL, NULL),
(46, 239, 404, 5, 5, NULL, '2016-12-13', NULL, NULL),
(47, 239, 405, 20, 20, NULL, '2016-12-13', NULL, NULL),
(48, 239, 406, 20, 14, NULL, '2016-12-13', NULL, NULL),
(49, 216, 468, 5, 3, NULL, '2017-05-26', NULL, NULL),
(50, 216, 469, 5, 5, NULL, '2017-05-26', NULL, NULL),
(51, 216, 470, 10, 8, NULL, '2017-05-26', NULL, NULL),
(52, 216, 471, 10, 4, NULL, '2017-05-26', NULL, NULL),
(53, 220, 468, 5, 4, NULL, '2017-05-26', NULL, NULL),
(54, 220, 469, 5, 5, NULL, '2017-05-26', NULL, NULL),
(55, 220, 470, 10, 10, NULL, '2017-05-26', NULL, NULL),
(56, 220, 471, 10, 7, NULL, '2017-05-26', NULL, NULL),
(57, 218, 468, 5, 4, NULL, '2017-05-26', NULL, NULL),
(58, 218, 469, 5, 5, NULL, '2017-05-26', NULL, NULL),
(59, 218, 470, 10, 10, NULL, '2017-05-26', NULL, NULL),
(60, 218, 471, 10, 4, NULL, '2017-05-26', NULL, NULL),
(61, 222, 468, 5, 5, NULL, '2017-05-26', NULL, NULL),
(62, 222, 469, 5, 5, NULL, '2017-05-26', NULL, NULL),
(63, 222, 470, 10, 8, NULL, '2017-05-26', NULL, NULL),
(64, 222, 471, 10, 10, NULL, '2017-05-26', NULL, NULL),
(65, 219, 468, 5, 0, NULL, '2017-06-18', NULL, NULL),
(66, 219, 469, 5, 0, NULL, '2017-06-18', NULL, NULL),
(67, 219, 470, 10, 0, NULL, '2017-06-18', NULL, NULL),
(68, 219, 471, 10, 0, NULL, '2017-06-18', NULL, NULL),
(69, 235, 503, 5, 0, NULL, '2017-09-07', NULL, NULL),
(70, 235, 504, 5, 1, NULL, '2017-09-07', NULL, NULL),
(71, 235, 505, 5, 1.5, NULL, '2017-09-07', NULL, NULL),
(72, 271, 503, 5, 3, NULL, '2017-09-19', NULL, NULL),
(73, 271, 504, 5, 2, NULL, '2017-09-19', NULL, NULL),
(74, 271, 506, 5, 2, NULL, '2017-09-19', NULL, NULL),
(75, 271, 505, 5, 2, NULL, '2017-09-19', NULL, NULL),
(76, 240, 503, 5, 4, NULL, '2017-09-19', NULL, NULL),
(77, 240, 504, 5, 2, NULL, '2017-09-19', NULL, NULL),
(78, 240, 506, 5, 2, NULL, '2017-09-19', NULL, NULL),
(79, 240, 505, 5, 2.5, NULL, '2017-09-19', NULL, NULL),
(80, 242, 503, 5, 5, NULL, '2017-09-19', NULL, NULL),
(81, 242, 504, 5, 2, NULL, '2017-09-19', NULL, NULL),
(82, 242, 506, 5, 5, NULL, '2017-09-19', NULL, NULL),
(83, 242, 505, 5, 2, NULL, '2017-09-19', NULL, NULL),
(84, 238, 503, 5, 4, NULL, '2017-09-19', NULL, NULL),
(85, 238, 504, 5, 3, NULL, '2017-09-19', NULL, NULL),
(86, 238, 506, 5, 2, NULL, '2017-09-19', NULL, NULL),
(87, 238, 505, 5, 2, NULL, '2017-09-19', NULL, NULL),
(88, 272, 503, 5, 2, NULL, '2017-09-19', NULL, NULL),
(89, 272, 504, 5, 3, NULL, '2017-09-19', NULL, NULL),
(90, 272, 506, 5, 2, NULL, '2017-09-19', NULL, NULL),
(91, 272, 505, 5, 2, NULL, '2017-09-19', NULL, NULL),
(92, 274, 512, 5, 3.5, NULL, '2017-09-19', NULL, NULL),
(93, 274, 511, 5, 3, NULL, '2017-09-19', NULL, NULL),
(94, 275, 512, 5, 3, NULL, '2017-09-19', NULL, NULL),
(95, 275, 511, 5, 2, NULL, '2017-09-19', NULL, NULL),
(96, 268, 512, 5, 3, NULL, '2017-09-19', NULL, NULL),
(97, 268, 511, 5, 3.5, NULL, '2017-09-19', NULL, NULL),
(98, 276, 512, 5, 2.5, NULL, '2017-09-19', NULL, NULL),
(99, 276, 511, 5, 1.5, NULL, '2017-09-19', NULL, NULL),
(100, 241, 513, 5, 2, NULL, '2017-09-22', NULL, NULL),
(101, 241, 514, 5, 5, NULL, '2017-09-22', NULL, NULL),
(102, 241, 515, 5, 5, NULL, '2017-09-22', NULL, NULL),
(103, 241, 516, 15, 3, NULL, '2017-09-22', NULL, NULL),
(104, 248, 513, 5, 5, NULL, '2017-09-22', NULL, NULL),
(105, 248, 514, 5, 5, NULL, '2017-09-22', NULL, NULL),
(106, 248, 515, 5, 5, NULL, '2017-09-22', NULL, NULL),
(107, 248, 516, 15, 6, NULL, '2017-09-22', NULL, NULL),
(108, 243, 513, 5, 3, NULL, '2017-09-22', NULL, NULL),
(109, 243, 514, 5, 5, NULL, '2017-09-22', NULL, NULL),
(110, 243, 515, 5, 5, NULL, '2017-09-22', NULL, NULL),
(111, 243, 516, 15, 4.5, NULL, '2017-09-22', NULL, NULL),
(112, 284, 513, 5, 3.5, NULL, '2017-09-22', NULL, NULL),
(113, 284, 514, 5, 5, NULL, '2017-09-22', NULL, NULL),
(114, 284, 515, 5, 5, NULL, '2017-09-22', NULL, NULL),
(115, 284, 516, 15, 10.5, NULL, '2017-09-22', NULL, NULL),
(116, 245, 513, 5, 3.5, NULL, '2017-09-22', NULL, NULL),
(117, 245, 514, 5, 5, NULL, '2017-09-22', NULL, NULL),
(118, 245, 515, 5, 5, NULL, '2017-09-22', NULL, NULL),
(119, 245, 516, 15, 6, NULL, '2017-09-22', NULL, NULL),
(120, 207, 513, 5, 5, NULL, '2017-09-22', NULL, NULL),
(121, 207, 514, 5, 5, NULL, '2017-09-22', NULL, NULL),
(122, 207, 515, 5, 4, NULL, '2017-09-22', NULL, NULL),
(123, 207, 516, 15, 9, NULL, '2017-09-22', NULL, NULL),
(124, 269, 503, 5, 5, NULL, '2017-09-26', NULL, NULL),
(125, 269, 504, 5, 1.5, NULL, '2017-09-26', NULL, NULL),
(126, 269, 506, 5, 5, NULL, '2017-09-26', NULL, NULL),
(127, 269, 505, 5, 3.5, NULL, '2017-09-26', NULL, NULL),
(128, 250, 503, 5, 5, NULL, '2017-09-26', NULL, NULL),
(129, 250, 504, 5, 5, NULL, '2017-09-26', NULL, NULL),
(130, 250, 506, 5, 5, NULL, '2017-09-26', NULL, NULL),
(131, 250, 505, 5, 1, NULL, '2017-09-26', NULL, NULL),
(132, 286, 503, 5, 5, NULL, '2017-09-26', NULL, NULL),
(133, 286, 504, 5, 5, NULL, '2017-09-26', NULL, NULL),
(134, 286, 506, 5, 5, NULL, '2017-09-26', NULL, NULL),
(135, 286, 505, 5, 4, NULL, '2017-09-26', NULL, NULL),
(136, 239, 503, 5, 5, NULL, '2017-09-26', NULL, NULL),
(137, 239, 504, 5, 2, NULL, '2017-09-26', NULL, NULL),
(138, 239, 506, 5, 5, NULL, '2017-09-26', NULL, NULL),
(139, 239, 505, 5, 2.5, NULL, '2017-09-26', NULL, NULL),
(140, 273, 503, 5, 5, NULL, '2017-09-26', NULL, NULL),
(141, 273, 504, 5, 5, NULL, '2017-09-26', NULL, NULL),
(142, 273, 506, 5, 5, NULL, '2017-09-26', NULL, NULL),
(143, 273, 505, 5, 4, NULL, '2017-09-26', NULL, NULL),
(144, 237, 503, 5, 4, NULL, '2017-09-26', NULL, NULL),
(145, 237, 504, 5, 5, NULL, '2017-09-26', NULL, NULL),
(146, 237, 506, 5, 5, NULL, '2017-09-26', NULL, NULL),
(147, 237, 505, 5, 2, NULL, '2017-09-26', NULL, NULL),
(148, 232, 519, 5, 5, NULL, '2017-09-26', NULL, NULL),
(149, 232, 520, 5, 4, NULL, '2017-09-26', NULL, NULL),
(150, 232, 521, 5, 2, NULL, '2017-09-26', NULL, NULL),
(151, 232, 522, 15, 12, NULL, '2017-09-26', NULL, NULL),
(152, 237, 519, 5, 4, NULL, '2017-09-26', NULL, NULL),
(153, 237, 520, 5, 4, NULL, '2017-09-26', NULL, NULL),
(154, 237, 521, 5, 4, NULL, '2017-09-26', NULL, NULL),
(155, 237, 522, 15, 12, NULL, '2017-09-26', NULL, NULL),
(156, 286, 519, 5, 4, NULL, '2017-09-26', NULL, NULL),
(157, 286, 520, 5, 4, NULL, '2017-09-26', NULL, NULL),
(158, 286, 521, 5, 5, NULL, '2017-09-26', NULL, NULL),
(159, 286, 522, 15, 9, NULL, '2017-09-26', NULL, NULL),
(160, 240, 519, 5, 5, NULL, '2017-09-26', NULL, NULL),
(161, 240, 520, 5, 4, NULL, '2017-09-26', NULL, NULL),
(162, 240, 521, 5, 2.5, NULL, '2017-09-26', NULL, NULL),
(163, 240, 522, 15, 13.5, NULL, '2017-09-26', NULL, NULL),
(164, 271, 519, 5, 5, NULL, '2017-09-26', NULL, NULL),
(165, 271, 520, 5, 3, NULL, '2017-09-26', NULL, NULL),
(166, 271, 521, 5, 4, NULL, '2017-09-26', NULL, NULL),
(167, 271, 522, 15, 10.5, NULL, '2017-09-26', NULL, NULL),
(168, 242, 519, 5, 5, NULL, '2017-09-26', NULL, NULL),
(169, 242, 520, 5, 5, NULL, '2017-09-26', NULL, NULL),
(170, 242, 521, 5, 4, NULL, '2017-09-26', NULL, NULL),
(171, 242, 522, 15, 12, NULL, '2017-09-26', NULL, NULL),
(172, 272, 519, 5, 5, NULL, '2017-09-26', NULL, NULL),
(173, 272, 520, 5, 4, NULL, '2017-09-26', NULL, NULL),
(174, 272, 521, 5, 3.5, NULL, '2017-09-26', NULL, NULL),
(175, 272, 522, 15, 12, NULL, '2017-09-26', NULL, NULL),
(176, 239, 519, 5, 5, NULL, '2017-09-26', NULL, NULL),
(177, 239, 520, 5, 4, NULL, '2017-09-26', NULL, NULL),
(178, 239, 521, 5, 2, NULL, '2017-09-26', NULL, NULL),
(179, 239, 522, 15, 10.5, NULL, '2017-09-26', NULL, NULL),
(180, 247, 507, 5, 5, NULL, '2017-09-26', NULL, NULL),
(181, 247, 508, 5, 5, NULL, '2017-09-26', NULL, NULL),
(182, 247, 509, 5, 3.5, NULL, '2017-09-26', NULL, NULL),
(183, 247, 510, 15, 10.5, NULL, '2017-09-26', NULL, NULL),
(184, 217, 507, 5, 3.5, NULL, '2017-09-26', NULL, NULL),
(185, 217, 508, 5, 4, NULL, '2017-09-26', NULL, NULL),
(186, 217, 509, 5, 5, NULL, '2017-09-26', NULL, NULL),
(187, 217, 510, 15, 7.5, NULL, '2017-09-26', NULL, NULL),
(188, 211, 507, 5, 3.5, NULL, '2017-09-26', NULL, NULL),
(189, 211, 508, 5, 5, NULL, '2017-09-26', NULL, NULL),
(190, 211, 509, 5, 5, NULL, '2017-09-26', NULL, NULL),
(191, 211, 510, 15, 6, NULL, '2017-09-26', NULL, NULL),
(192, 246, 507, 5, 4, NULL, '2017-09-26', NULL, NULL),
(193, 246, 508, 5, 5, NULL, '2017-09-26', NULL, NULL),
(194, 246, 509, 5, 4, NULL, '2017-09-26', NULL, NULL),
(195, 246, 510, 15, 6, NULL, '2017-09-26', NULL, NULL),
(196, 224, 507, 5, 5, NULL, '2017-09-26', NULL, NULL),
(197, 224, 508, 5, 5, NULL, '2017-09-26', NULL, NULL),
(198, 224, 510, 15, 6, NULL, '2017-09-26', NULL, NULL),
(199, 274, 531, 1, 1, NULL, '2017-09-28', NULL, NULL),
(200, 274, 532, 1, 1, NULL, '2017-09-28', NULL, NULL),
(201, 274, 533, 1, 1, NULL, '2017-09-28', NULL, NULL),
(202, 274, 534, 1, 1, NULL, '2017-09-28', NULL, NULL),
(203, 274, 536, 1, 1, NULL, '2017-09-28', NULL, NULL),
(204, 274, 537, 1, 1, NULL, '2017-09-28', NULL, NULL),
(205, 274, 539, 1, 1, NULL, '2017-09-28', NULL, NULL),
(206, 274, 540, 1, 1, NULL, '2017-09-28', NULL, NULL),
(207, 275, 531, 1, 1, NULL, '2017-09-28', NULL, NULL),
(208, 275, 532, 1, 0, NULL, '2017-09-28', NULL, NULL),
(209, 275, 533, 1, 1, NULL, '2017-09-28', NULL, NULL),
(210, 275, 534, 1, 1, NULL, '2017-09-28', NULL, NULL),
(211, 275, 535, 1, 1, NULL, '2017-09-28', NULL, NULL),
(212, 275, 536, 1, 1, NULL, '2017-09-28', NULL, NULL),
(213, 275, 538, 1, 1, NULL, '2017-09-28', NULL, NULL),
(214, 275, 539, 1, 1, NULL, '2017-09-28', NULL, NULL),
(215, 275, 540, 1, 1, NULL, '2017-09-28', NULL, NULL),
(216, 277, 531, 1, 1, NULL, '2017-09-28', NULL, NULL),
(217, 277, 532, 1, 1, NULL, '2017-09-28', NULL, NULL),
(218, 277, 533, 1, 1, NULL, '2017-09-28', NULL, NULL),
(219, 277, 534, 1, 1, NULL, '2017-09-28', NULL, NULL),
(220, 277, 535, 1, 1, NULL, '2017-09-28', NULL, NULL),
(221, 277, 536, 1, 1, NULL, '2017-09-28', NULL, NULL),
(222, 277, 537, 1, 1, NULL, '2017-09-28', NULL, NULL),
(223, 277, 538, 1, 1, NULL, '2017-09-28', NULL, NULL),
(224, 277, 539, 1, 1, NULL, '2017-09-28', NULL, NULL),
(225, 277, 540, 1, 1, NULL, '2017-09-28', NULL, NULL),
(226, 278, 531, 1, 1, NULL, '2017-09-28', NULL, NULL),
(227, 278, 532, 1, 1, NULL, '2017-09-28', NULL, NULL),
(228, 278, 533, 1, 1, NULL, '2017-09-28', NULL, NULL),
(229, 278, 534, 1, 1, NULL, '2017-09-28', NULL, NULL),
(230, 278, 535, 1, 1, NULL, '2017-09-28', NULL, NULL),
(231, 278, 536, 1, 1, NULL, '2017-09-28', NULL, NULL),
(232, 278, 537, 1, 1, NULL, '2017-09-28', NULL, NULL),
(233, 278, 538, 1, 1, NULL, '2017-09-28', NULL, NULL),
(234, 278, 539, 1, 1, NULL, '2017-09-28', NULL, NULL),
(235, 278, 540, 1, 1, NULL, '2017-09-28', NULL, NULL),
(236, 279, 531, 1, 0, NULL, '2017-09-28', NULL, NULL),
(237, 279, 532, 1, 1, NULL, '2017-09-28', NULL, NULL),
(238, 279, 533, 1, 1, NULL, '2017-09-28', NULL, NULL),
(239, 279, 534, 1, 1, NULL, '2017-09-28', NULL, NULL),
(240, 279, 535, 1, 0, NULL, '2017-09-28', NULL, NULL),
(241, 279, 536, 1, 1, NULL, '2017-09-28', NULL, NULL),
(242, 279, 537, 1, 1, NULL, '2017-09-28', NULL, NULL),
(243, 279, 538, 1, 1, NULL, '2017-09-28', NULL, NULL),
(244, 279, 539, 1, 1, NULL, '2017-09-28', NULL, NULL),
(245, 279, 540, 1, 1, NULL, '2017-09-28', NULL, NULL),
(246, 206, 531, 1, 1, NULL, '2017-09-28', NULL, NULL),
(247, 206, 532, 1, 1, NULL, '2017-09-28', NULL, NULL),
(248, 206, 533, 1, 0, NULL, '2017-09-28', NULL, NULL),
(249, 206, 534, 1, 1, NULL, '2017-09-28', NULL, NULL),
(250, 206, 535, 1, 1, NULL, '2017-09-28', NULL, NULL),
(251, 206, 536, 1, 1, NULL, '2017-09-28', NULL, NULL),
(252, 206, 537, 1, 1, NULL, '2017-09-28', NULL, NULL),
(253, 206, 538, 1, 0, NULL, '2017-09-28', NULL, NULL),
(254, 206, 539, 1, 1, NULL, '2017-09-28', NULL, NULL),
(255, 206, 540, 1, 1, NULL, '2017-09-28', NULL, NULL),
(256, 281, 531, 1, 1, NULL, '2017-09-28', NULL, NULL),
(257, 281, 532, 1, 1, NULL, '2017-09-28', NULL, NULL),
(258, 281, 533, 1, 1, NULL, '2017-09-28', NULL, NULL),
(259, 281, 534, 1, 1, NULL, '2017-09-28', NULL, NULL),
(260, 281, 535, 1, 1, NULL, '2017-09-28', NULL, NULL),
(261, 281, 536, 1, 1, NULL, '2017-09-28', NULL, NULL),
(262, 281, 537, 1, 1, NULL, '2017-09-28', NULL, NULL),
(263, 281, 538, 1, 1, NULL, '2017-09-28', NULL, NULL),
(264, 281, 539, 1, 1, NULL, '2017-09-28', NULL, NULL),
(265, 281, 540, 1, 0, NULL, '2017-09-28', NULL, NULL),
(266, 282, 532, 1, 1, NULL, '2017-09-28', NULL, NULL),
(267, 282, 533, 1, 1, NULL, '2017-09-28', NULL, NULL),
(268, 282, 534, 1, 1, NULL, '2017-09-28', NULL, NULL),
(269, 282, 535, 1, 1, NULL, '2017-09-28', NULL, NULL),
(270, 282, 536, 1, 1, NULL, '2017-09-28', NULL, NULL),
(271, 282, 537, 1, 1, NULL, '2017-09-28', NULL, NULL),
(272, 282, 538, 1, 1, NULL, '2017-09-28', NULL, NULL),
(273, 282, 540, 1, 1, NULL, '2017-09-28', NULL, NULL),
(274, 283, 531, 1, 1, NULL, '2017-09-28', NULL, NULL),
(275, 283, 532, 1, 1, NULL, '2017-09-28', NULL, NULL),
(276, 283, 533, 1, 1, NULL, '2017-09-28', NULL, NULL),
(277, 283, 534, 1, 1, NULL, '2017-09-28', NULL, NULL),
(278, 283, 535, 1, 0, NULL, '2017-09-28', NULL, NULL),
(279, 283, 536, 1, 1, NULL, '2017-09-28', NULL, NULL),
(280, 283, 537, 1, 1, NULL, '2017-09-28', NULL, NULL),
(281, 283, 538, 1, 1, NULL, '2017-09-28', NULL, NULL),
(282, 283, 539, 1, 1, NULL, '2017-09-28', NULL, NULL),
(283, 283, 540, 1, 1, NULL, '2017-09-28', NULL, NULL),
(284, 206, 517, 5, 5, NULL, '2017-09-29', NULL, NULL),
(285, 206, 518, 5, 3.5, NULL, '2017-09-29', NULL, NULL),
(286, 274, 517, 5, 5, NULL, '2017-09-29', NULL, NULL),
(287, 274, 518, 5, 3, NULL, '2017-09-29', NULL, NULL),
(288, 275, 517, 5, 5, NULL, '2017-09-29', NULL, NULL),
(289, 275, 518, 5, 3, NULL, '2017-09-29', NULL, NULL),
(290, 277, 517, 5, 5, NULL, '2017-09-29', NULL, NULL),
(291, 277, 518, 5, 3.5, NULL, '2017-09-29', NULL, NULL),
(292, 278, 517, 5, 5, NULL, '2017-09-29', NULL, NULL),
(293, 278, 518, 5, 2.5, NULL, '2017-09-29', NULL, NULL),
(294, 279, 517, 5, 5, NULL, '2017-09-29', NULL, NULL),
(295, 279, 518, 5, 3, NULL, '2017-09-29', NULL, NULL),
(296, 281, 517, 5, 2, NULL, '2017-09-29', NULL, NULL),
(297, 281, 518, 5, 3, NULL, '2017-09-29', NULL, NULL),
(298, 282, 517, 5, 3.5, NULL, '2017-09-29', NULL, NULL),
(299, 282, 518, 5, 3, NULL, '2017-09-29', NULL, NULL),
(300, 283, 517, 5, 3, NULL, '2017-09-29', NULL, NULL),
(301, 283, 518, 5, 3, NULL, '2017-09-29', NULL, NULL),
(302, 283, 512, 5, 2, NULL, '2017-09-29', NULL, NULL),
(303, 283, 511, 5, 4, NULL, '2017-09-29', NULL, NULL),
(304, 278, 512, 5, 2, NULL, '2017-09-29', NULL, NULL),
(305, 278, 511, 5, 3, NULL, '2017-09-29', NULL, NULL),
(306, 279, 512, 5, 2.5, NULL, '2017-09-29', NULL, NULL),
(307, 279, 511, 5, 3, NULL, '2017-09-29', NULL, NULL),
(308, 206, 512, 5, 2.5, NULL, '2017-09-29', NULL, NULL),
(309, 206, 511, 5, 4, NULL, '2017-09-29', NULL, NULL),
(310, 281, 512, 5, 3.5, NULL, '2017-09-29', NULL, NULL),
(311, 281, 511, 5, 3.5, NULL, '2017-09-29', NULL, NULL),
(312, 250, 519, 5, 3, NULL, '2017-10-02', NULL, NULL),
(313, 250, 520, 5, 4, NULL, '2017-10-02', NULL, NULL),
(314, 250, 521, 5, 3, NULL, '2017-10-02', NULL, NULL),
(315, 250, 522, 15, 12, NULL, '2017-10-02', NULL, NULL),
(316, 274, 542, 5, 2, NULL, '2017-10-06', NULL, NULL),
(317, 274, 543, 5, 3.5, NULL, '2017-10-06', NULL, NULL),
(318, 275, 542, 5, 2, NULL, '2017-10-06', NULL, NULL),
(319, 275, 543, 5, 3.5, NULL, '2017-10-06', NULL, NULL),
(320, 277, 542, 5, 3, NULL, '2017-10-06', NULL, NULL),
(321, 277, 543, 5, 4, NULL, '2017-10-06', NULL, NULL),
(322, 279, 542, 5, 3, NULL, '2017-10-06', NULL, NULL),
(323, 279, 543, 5, 3.5, NULL, '2017-10-06', NULL, NULL),
(324, 247, 523, 5, 0, NULL, '2017-10-08', NULL, NULL),
(325, 247, 524, 5, 0, NULL, '2017-10-08', NULL, NULL),
(326, 247, 525, 3, 3, NULL, '2017-10-08', NULL, NULL),
(327, 247, 526, 2, 2, NULL, '2017-10-08', NULL, NULL),
(328, 247, 527, 2, 2, NULL, '2017-10-08', NULL, NULL),
(329, 247, 528, 2, 0, NULL, '2017-10-08', NULL, NULL),
(330, 247, 555, 2, 2, NULL, '2017-10-08', NULL, NULL),
(331, 247, 556, 2, 0, NULL, '2017-10-08', NULL, NULL),
(332, 217, 523, 5, 0, NULL, '2017-10-08', NULL, NULL),
(333, 217, 524, 5, 0, NULL, '2017-10-08', NULL, NULL),
(334, 217, 525, 3, 0, NULL, '2017-10-08', NULL, NULL),
(335, 217, 526, 2, 0, NULL, '2017-10-08', NULL, NULL),
(336, 217, 527, 2, 2, NULL, '2017-10-08', NULL, NULL),
(337, 217, 528, 2, 0, NULL, '2017-10-08', NULL, NULL),
(338, 217, 555, 2, 0, NULL, '2017-10-08', NULL, NULL),
(339, 217, 556, 2, 0, NULL, '2017-10-08', NULL, NULL),
(340, 211, 523, 5, 5, NULL, '2017-10-08', NULL, NULL),
(341, 211, 524, 5, 0, NULL, '2017-10-08', NULL, NULL),
(342, 211, 525, 3, 3, NULL, '2017-10-08', NULL, NULL),
(343, 211, 526, 2, 2, NULL, '2017-10-08', NULL, NULL),
(344, 211, 527, 2, 2, NULL, '2017-10-08', NULL, NULL),
(345, 211, 528, 2, 0, NULL, '2017-10-08', NULL, NULL),
(346, 211, 555, 2, 2, NULL, '2017-10-08', NULL, NULL),
(347, 211, 556, 2, 2, NULL, '2017-10-08', NULL, NULL),
(348, 224, 523, 5, 5, NULL, '2017-10-08', NULL, NULL),
(349, 224, 524, 5, 5, NULL, '2017-10-08', NULL, NULL),
(350, 224, 525, 3, 3, NULL, '2017-10-08', NULL, NULL),
(351, 224, 526, 2, 2, NULL, '2017-10-08', NULL, NULL),
(352, 224, 527, 2, 2, NULL, '2017-10-08', NULL, NULL),
(353, 224, 528, 2, 2, NULL, '2017-10-08', NULL, NULL),
(354, 224, 555, 2, 2, NULL, '2017-10-08', NULL, NULL),
(355, 224, 556, 2, 2, NULL, '2017-10-08', NULL, NULL),
(356, 238, 568, 5, 1, NULL, '2017-10-23', NULL, NULL),
(357, 238, 571, 5, 2.5, NULL, '2017-10-23', NULL, NULL),
(358, 238, 541, 5, 3, NULL, '2017-10-23', NULL, NULL),
(359, 278, 542, 5, 3, NULL, '2017-10-23', NULL, NULL),
(360, 278, 543, 5, 3, NULL, '2017-10-23', NULL, NULL),
(361, 237, 568, 5, 2.5, NULL, '2017-10-23', NULL, NULL),
(362, 237, 571, 5, 2, NULL, '2017-10-23', NULL, NULL),
(363, 237, 541, 5, 3, NULL, '2017-10-23', NULL, NULL),
(364, 240, 568, 5, 5, NULL, '2017-10-23', NULL, NULL),
(365, 240, 571, 5, 4, NULL, '2017-10-23', NULL, NULL),
(366, 240, 541, 5, 4.5, NULL, '2017-10-23', NULL, NULL),
(367, 237, 569, 5, 2, NULL, '2017-10-23', NULL, NULL),
(368, 237, 570, 5, 3.5, NULL, '2017-10-23', NULL, NULL),
(369, 237, 554, 5, 2.5, NULL, '2017-10-23', NULL, NULL),
(370, 237, 566, 5, 2, NULL, '2017-10-23', NULL, NULL),
(371, 237, 567, 5, 4, NULL, '2017-10-23', NULL, NULL),
(372, 237, 557, 5, 3, NULL, '2017-10-23', NULL, NULL),
(373, 250, 569, 5, 2, NULL, '2017-10-23', NULL, NULL),
(374, 250, 570, 5, 2, NULL, '2017-10-23', NULL, NULL),
(375, 250, 554, 5, 2.5, NULL, '2017-10-23', NULL, NULL),
(376, 242, 569, 5, 3, NULL, '2017-10-23', NULL, NULL),
(377, 242, 570, 5, 3, NULL, '2017-10-23', NULL, NULL),
(378, 242, 554, 5, 3, NULL, '2017-10-23', NULL, NULL),
(379, 240, 566, 5, 2, NULL, '2017-10-23', NULL, NULL),
(380, 240, 567, 5, 2.5, NULL, '2017-10-23', NULL, NULL),
(381, 240, 557, 5, 3, NULL, '2017-10-23', NULL, NULL),
(382, 272, 568, 5, 5, NULL, '2017-10-23', NULL, NULL),
(383, 272, 571, 5, 2.5, NULL, '2017-10-23', NULL, NULL),
(384, 272, 541, 5, 3, NULL, '2017-10-23', NULL, NULL),
(385, 283, 542, 5, 3.5, NULL, '2017-10-23', NULL, NULL),
(386, 283, 543, 5, 3.5, NULL, '2017-10-23', NULL, NULL),
(387, 250, 566, 5, 2.5, NULL, '2017-10-23', NULL, NULL),
(388, 250, 567, 5, 5, NULL, '2017-10-23', NULL, NULL),
(389, 250, 557, 5, 4, NULL, '2017-10-23', NULL, NULL),
(390, 242, 566, 5, 1, NULL, '2017-10-23', NULL, NULL),
(391, 242, 567, 5, 2.5, NULL, '2017-10-23', NULL, NULL),
(392, 242, 557, 5, 3.5, NULL, '2017-10-23', NULL, NULL),
(393, 232, 566, 5, 2, NULL, '2017-10-23', NULL, NULL),
(394, 232, 567, 5, 3.5, NULL, '2017-10-23', NULL, NULL),
(395, 232, 557, 5, 3, NULL, '2017-10-23', NULL, NULL),
(396, 269, 569, 5, 2.5, NULL, '2017-10-23', NULL, NULL),
(397, 269, 570, 5, 3, NULL, '2017-10-23', NULL, NULL),
(398, 269, 554, 5, 3, NULL, '2017-10-23', NULL, NULL),
(399, 269, 566, 5, 2.5, NULL, '2017-10-23', NULL, NULL),
(400, 269, 567, 5, 3.5, NULL, '2017-10-23', NULL, NULL),
(401, 269, 557, 5, 4, NULL, '2017-10-23', NULL, NULL),
(402, 272, 569, 5, 1.5, NULL, '2017-10-23', NULL, NULL),
(403, 272, 570, 5, 2.5, NULL, '2017-10-23', NULL, NULL),
(404, 272, 554, 5, 3.5, NULL, '2017-10-23', NULL, NULL),
(405, 249, 569, 5, 2, NULL, '2017-10-24', NULL, NULL),
(406, 249, 570, 5, 5, NULL, '2017-10-24', NULL, NULL),
(407, 249, 554, 5, 3.5, NULL, '2017-10-24', NULL, NULL),
(408, 240, 569, 5, 3.5, NULL, '2017-10-24', NULL, NULL),
(409, 240, 570, 5, 3.5, NULL, '2017-10-24', NULL, NULL),
(410, 240, 554, 5, 3, NULL, '2017-10-24', NULL, NULL),
(411, 239, 568, 5, 3, NULL, '2017-10-24', NULL, NULL),
(412, 239, 571, 5, 3.5, NULL, '2017-10-24', NULL, NULL),
(413, 239, 541, 5, 3.5, NULL, '2017-10-24', NULL, NULL),
(414, 247, 469, 5, 4, NULL, '2017-10-24', NULL, NULL),
(415, 247, 470, 10, 4, NULL, '2017-10-24', NULL, NULL),
(416, 247, 471, 10, 2, NULL, '2017-10-24', NULL, NULL),
(417, 247, 468, 5, 5, NULL, '2017-10-24', NULL, NULL),
(418, 274, 551, 10, 10, NULL, '2017-11-03', NULL, NULL),
(419, 274, 552, 5, 5, NULL, '2017-11-03', NULL, NULL),
(420, 274, 553, 5, 4, NULL, '2017-11-03', NULL, NULL),
(421, 275, 551, 10, 6, NULL, '2017-11-03', NULL, NULL),
(422, 275, 552, 5, 5, NULL, '2017-11-03', NULL, NULL),
(423, 275, 553, 5, 3, NULL, '2017-11-03', NULL, NULL),
(424, 277, 551, 10, 4, NULL, '2017-11-03', NULL, NULL),
(425, 277, 552, 5, 5, NULL, '2017-11-03', NULL, NULL),
(426, 277, 553, 5, 4, NULL, '2017-11-03', NULL, NULL),
(427, 278, 551, 10, 10, NULL, '2017-11-03', NULL, NULL),
(428, 278, 552, 5, 5, NULL, '2017-11-03', NULL, NULL),
(429, 278, 553, 5, 3.5, NULL, '2017-11-03', NULL, NULL),
(430, 279, 551, 10, 5, NULL, '2017-11-03', NULL, NULL),
(431, 279, 552, 5, 5, NULL, '2017-11-03', NULL, NULL),
(432, 279, 553, 5, 4, NULL, '2017-11-03', NULL, NULL),
(433, 206, 551, 10, 5, NULL, '2017-11-03', NULL, NULL),
(434, 206, 552, 5, 5, NULL, '2017-11-03', NULL, NULL),
(435, 206, 553, 5, 3.5, NULL, '2017-11-03', NULL, NULL),
(436, 281, 551, 10, 5, NULL, '2017-11-03', NULL, NULL),
(437, 281, 552, 5, 5, NULL, '2017-11-03', NULL, NULL),
(438, 281, 553, 5, 3.5, NULL, '2017-11-03', NULL, NULL),
(439, 282, 551, 10, 10, NULL, '2017-11-03', NULL, NULL),
(440, 282, 552, 5, 2, NULL, '2017-11-03', NULL, NULL),
(441, 282, 553, 5, 5, NULL, '2017-11-03', NULL, NULL),
(442, 283, 551, 10, 5, NULL, '2017-11-03', NULL, NULL),
(443, 283, 552, 5, 5, NULL, '2017-11-03', NULL, NULL),
(444, 283, 553, 5, 3.5, NULL, '2017-11-03', NULL, NULL),
(445, 274, 576, 10, 8, NULL, '2017-11-03', NULL, NULL),
(446, 274, 577, 5, 4, NULL, '2017-11-03', NULL, NULL),
(447, 274, 578, 5, 5, NULL, '2017-11-03', NULL, NULL),
(448, 275, 576, 10, 7, NULL, '2017-11-03', NULL, NULL),
(449, 275, 577, 5, 5, NULL, '2017-11-03', NULL, NULL),
(450, 275, 578, 5, 5, NULL, '2017-11-03', NULL, NULL),
(451, 277, 576, 10, 7, NULL, '2017-11-03', NULL, NULL),
(452, 277, 577, 5, 4, NULL, '2017-11-03', NULL, NULL),
(453, 277, 578, 5, 5, NULL, '2017-11-03', NULL, NULL),
(454, 278, 576, 10, 8, NULL, '2017-11-03', NULL, NULL),
(455, 278, 577, 5, 2.5, NULL, '2017-11-03', NULL, NULL),
(456, 278, 578, 5, 5, NULL, '2017-11-03', NULL, NULL),
(457, 279, 576, 10, 7, NULL, '2017-11-03', NULL, NULL),
(458, 279, 577, 5, 5, NULL, '2017-11-03', NULL, NULL),
(459, 279, 578, 5, 5, NULL, '2017-11-03', NULL, NULL),
(460, 206, 576, 10, 3, NULL, '2017-11-03', NULL, NULL),
(461, 206, 577, 5, 5, NULL, '2017-11-03', NULL, NULL),
(462, 206, 578, 5, 5, NULL, '2017-11-03', NULL, NULL),
(463, 281, 576, 10, 9, NULL, '2017-11-03', NULL, NULL),
(464, 281, 577, 5, 5, NULL, '2017-11-03', NULL, NULL),
(465, 281, 578, 5, 5, NULL, '2017-11-03', NULL, NULL),
(466, 282, 576, 10, 8, NULL, '2017-11-03', NULL, NULL),
(467, 282, 577, 5, 5, NULL, '2017-11-03', NULL, NULL),
(468, 282, 578, 5, 5, NULL, '2017-11-03', NULL, NULL),
(469, 250, 579, 5, 5, NULL, '2017-11-03', NULL, NULL),
(470, 250, 580, 5, 5, NULL, '2017-11-03', NULL, NULL),
(471, 250, 581, 5, 3.5, NULL, '2017-11-03', NULL, NULL),
(472, 237, 579, 5, 2.5, NULL, '2017-11-03', NULL, NULL),
(473, 237, 580, 5, 3.5, NULL, '2017-11-03', NULL, NULL),
(474, 237, 581, 5, 2, NULL, '2017-11-03', NULL, NULL),
(475, 242, 579, 5, 4, NULL, '2017-11-03', NULL, NULL),
(476, 242, 580, 5, 3, NULL, '2017-11-03', NULL, NULL),
(477, 242, 581, 5, 3, NULL, '2017-11-03', NULL, NULL),
(478, 249, 566, 5, 2, NULL, '2017-11-03', NULL, NULL),
(479, 249, 567, 5, 3, NULL, '2017-11-03', NULL, NULL),
(480, 249, 557, 5, 3, NULL, '2017-11-03', NULL, NULL),
(481, 238, 566, 5, 4, NULL, '2017-11-03', NULL, NULL),
(482, 238, 567, 5, 2.5, NULL, '2017-11-03', NULL, NULL),
(483, 238, 557, 5, 1.5, NULL, '2017-11-03', NULL, NULL),
(484, 286, 568, 5, 3.5, NULL, '2017-11-03', NULL, NULL),
(485, 286, 571, 5, 4, NULL, '2017-11-03', NULL, NULL),
(486, 286, 541, 5, 2, NULL, '2017-11-03', NULL, NULL),
(487, 286, 566, 5, 2.5, NULL, '2017-11-03', NULL, NULL),
(488, 286, 567, 5, 4, NULL, '2017-11-03', NULL, NULL),
(489, 286, 557, 5, 2.5, NULL, '2017-11-03', NULL, NULL),
(490, 272, 566, 5, 5, NULL, '2017-11-03', NULL, NULL),
(491, 272, 567, 5, 3.5, NULL, '2017-11-03', NULL, NULL),
(492, 272, 557, 5, 3, NULL, '2017-11-03', NULL, NULL),
(493, 249, 579, 5, 1.5, NULL, '2017-11-03', NULL, NULL),
(494, 249, 580, 5, 3.5, NULL, '2017-11-03', NULL, NULL),
(495, 249, 581, 5, 2, NULL, '2017-11-03', NULL, NULL),
(496, 238, 579, 5, 5, NULL, '2017-11-03', NULL, NULL),
(497, 238, 580, 5, 4, NULL, '2017-11-03', NULL, NULL),
(498, 238, 581, 5, 2.5, NULL, '2017-11-03', NULL, NULL),
(499, 272, 579, 5, 4.5, NULL, '2017-11-03', NULL, NULL),
(500, 272, 580, 5, 3, NULL, '2017-11-03', NULL, NULL),
(501, 272, 581, 5, 2.5, NULL, '2017-11-03', NULL, NULL),
(502, 239, 566, 5, 4, NULL, '2017-11-03', NULL, NULL),
(503, 239, 567, 5, 1.5, NULL, '2017-11-03', NULL, NULL),
(504, 239, 557, 5, 1.5, NULL, '2017-11-03', NULL, NULL),
(505, 273, 569, 5, 4, NULL, '2017-11-03', NULL, NULL),
(506, 273, 570, 5, 3.5, NULL, '2017-11-03', NULL, NULL),
(507, 273, 554, 5, 3.5, NULL, '2017-11-03', NULL, NULL),
(508, 273, 566, 5, 5, NULL, '2017-11-03', NULL, NULL),
(509, 273, 567, 5, 3, NULL, '2017-11-03', NULL, NULL),
(510, 273, 557, 5, 2.5, NULL, '2017-11-03', NULL, NULL),
(511, 273, 579, 5, 4, NULL, '2017-11-03', NULL, NULL),
(512, 273, 580, 5, 3.5, NULL, '2017-11-03', NULL, NULL),
(513, 273, 581, 5, 2, NULL, '2017-11-03', NULL, NULL),
(514, 241, 529, 5, 8, NULL, '2017-11-03', NULL, NULL),
(515, 241, 530, 10, 8, NULL, '2017-11-03', NULL, NULL),
(516, 217, 469, 5, 4, NULL, '2017-11-03', NULL, NULL),
(517, 217, 470, 10, 6, NULL, '2017-11-03', NULL, NULL),
(518, 217, 471, 10, 4, NULL, '2017-11-03', NULL, NULL),
(519, 217, 468, 5, 5, NULL, '2017-11-03', NULL, NULL),
(520, 224, 469, 5, 4, NULL, '2017-11-03', NULL, NULL),
(521, 224, 468, 5, 5, NULL, '2017-11-03', NULL, NULL),
(522, 246, 469, 5, 4, NULL, '2017-11-03', NULL, NULL),
(523, 246, 470, 10, 8, NULL, '2017-11-03', NULL, NULL),
(524, 246, 471, 10, 5, NULL, '2017-11-03', NULL, NULL),
(525, 246, 468, 5, 5, NULL, '2017-11-03', NULL, NULL),
(526, 241, 558, 10, 9, NULL, '2017-11-03', NULL, NULL),
(527, 241, 559, 10, 7, NULL, '2017-11-03', NULL, NULL),
(528, 241, 560, 5, 2.5, NULL, '2017-11-03', NULL, NULL),
(529, 241, 561, 5, 5, NULL, '2017-11-03', NULL, NULL),
(530, 248, 558, 10, 9, NULL, '2017-11-03', NULL, NULL),
(531, 248, 559, 10, 7, NULL, '2017-11-03', NULL, NULL),
(532, 248, 560, 5, 2.5, NULL, '2017-11-03', NULL, NULL),
(533, 248, 561, 5, 5, NULL, '2017-11-03', NULL, NULL),
(534, 243, 558, 10, 9, NULL, '2017-11-03', NULL, NULL),
(535, 243, 559, 10, 7, NULL, '2017-11-03', NULL, NULL),
(536, 243, 560, 5, 2.5, NULL, '2017-11-03', NULL, NULL),
(537, 243, 561, 5, 5, NULL, '2017-11-03', NULL, NULL),
(538, 207, 558, 10, 9, NULL, '2017-11-03', NULL, NULL),
(539, 207, 559, 10, 7, NULL, '2017-11-03', NULL, NULL),
(540, 207, 560, 5, 2.5, NULL, '2017-11-03', NULL, NULL),
(541, 207, 561, 5, 5, NULL, '2017-11-03', NULL, NULL),
(542, 284, 558, 10, 9, NULL, '2017-11-03', NULL, NULL),
(543, 284, 559, 10, 7, NULL, '2017-11-03', NULL, NULL),
(544, 284, 560, 5, 2.5, NULL, '2017-11-03', NULL, NULL),
(545, 284, 561, 5, 5, NULL, '2017-11-03', NULL, NULL),
(546, 245, 558, 10, 9, NULL, '2017-11-03', NULL, NULL),
(547, 245, 559, 10, 7, NULL, '2017-11-03', NULL, NULL),
(548, 245, 560, 5, 2.5, NULL, '2017-11-03', NULL, NULL),
(549, 245, 561, 5, 5, NULL, '2017-11-03', NULL, NULL),
(550, 285, 558, 10, 9, NULL, '2017-11-03', NULL, NULL),
(551, 285, 559, 10, 7, NULL, '2017-11-03', NULL, NULL),
(552, 285, 560, 5, 2.5, NULL, '2017-11-03', NULL, NULL),
(553, 285, 561, 5, 5, NULL, '2017-11-03', NULL, NULL),
(554, 284, 529, 5, 3.5, NULL, '2017-11-03', NULL, NULL),
(555, 284, 530, 10, 7, NULL, '2017-11-03', NULL, NULL),
(556, 284, 582, 10, 8, NULL, '2017-11-03', NULL, NULL),
(557, 207, 529, 5, 3.5, NULL, '2017-11-03', NULL, NULL),
(558, 207, 530, 10, 7, NULL, '2017-11-03', NULL, NULL),
(559, 207, 582, 10, 8, NULL, '2017-11-03', NULL, NULL),
(560, 248, 529, 5, 3.5, NULL, '2017-11-03', NULL, NULL),
(561, 248, 530, 10, 7, NULL, '2017-11-03', NULL, NULL),
(562, 248, 582, 10, 8, NULL, '2017-11-03', NULL, NULL),
(563, 243, 529, 5, 5, NULL, '2017-11-03', NULL, NULL),
(564, 243, 530, 10, 6, NULL, '2017-11-03', NULL, NULL),
(565, 243, 582, 10, 9, NULL, '2017-11-03', NULL, NULL),
(566, 245, 529, 5, 5, NULL, '2017-11-03', NULL, NULL),
(567, 245, 530, 10, 7, NULL, '2017-11-03', NULL, NULL),
(568, 245, 582, 10, 9, NULL, '2017-11-03', NULL, NULL),
(569, 285, 529, 5, 2.5, NULL, '2017-11-03', NULL, NULL),
(570, 285, 513, 5, 2.5, NULL, '2017-11-03', NULL, NULL),
(571, 285, 514, 5, 5, NULL, '2017-11-03', NULL, NULL),
(572, 285, 515, 5, 5, NULL, '2017-11-03', NULL, NULL),
(573, 285, 516, 15, 7.5, NULL, '2017-11-03', NULL, NULL),
(574, 275, 537, 1, 0, NULL, '2017-11-03', NULL, NULL),
(575, 274, 535, 1, 0, NULL, '2017-11-03', NULL, NULL),
(576, 274, 538, 1, 0, NULL, '2017-11-03', NULL, NULL),
(577, 286, 610, 5, 0, NULL, '2017-12-11', NULL, NULL),
(578, 286, 611, 2, 2, NULL, '2017-12-11', NULL, NULL),
(579, 286, 602, 2, 2, NULL, '2017-12-11', NULL, NULL),
(580, 286, 603, 2, 2, NULL, '2017-12-11', NULL, NULL),
(581, 286, 604, 1, 1, NULL, '2017-12-11', NULL, NULL),
(582, 286, 605, 2, 2, NULL, '2017-12-11', NULL, NULL),
(583, 286, 606, 2, 2, NULL, '2017-12-11', NULL, NULL),
(584, 286, 607, 2, 2, NULL, '2017-12-11', NULL, NULL),
(585, 286, 608, 10, 8, NULL, '2017-12-11', NULL, NULL),
(586, 286, 609, 10, 4, NULL, '2017-12-11', NULL, NULL),
(587, 273, 610, 5, 0, NULL, '2017-12-11', NULL, NULL),
(588, 273, 611, 2, 2, NULL, '2017-12-11', NULL, NULL),
(589, 273, 602, 2, 0, NULL, '2017-12-11', NULL, NULL),
(590, 273, 603, 2, 2, NULL, '2017-12-11', NULL, NULL),
(591, 273, 604, 1, 1, NULL, '2017-12-11', NULL, NULL),
(592, 273, 605, 2, 2, NULL, '2017-12-11', NULL, NULL),
(593, 273, 606, 2, 2, NULL, '2017-12-11', NULL, NULL),
(594, 273, 607, 2, 2, NULL, '2017-12-11', NULL, NULL),
(595, 273, 608, 10, 5, NULL, '2017-12-11', NULL, NULL),
(596, 273, 609, 10, 7, NULL, '2017-12-11', NULL, NULL),
(597, 273, 614, 1, 1, NULL, '2017-12-11', NULL, NULL),
(598, 271, 610, 5, 5, NULL, '2017-12-11', NULL, NULL),
(599, 271, 611, 2, 2, NULL, '2017-12-11', NULL, NULL),
(600, 271, 603, 2, 2, NULL, '2017-12-11', NULL, NULL),
(601, 271, 605, 2, 2, NULL, '2017-12-11', NULL, NULL),
(602, 271, 606, 2, 1, NULL, '2017-12-11', NULL, NULL),
(603, 271, 607, 2, 2, NULL, '2017-12-11', NULL, NULL),
(604, 271, 609, 10, 3, NULL, '2017-12-11', NULL, NULL),
(605, 272, 610, 5, 2, NULL, '2017-12-11', NULL, NULL),
(606, 272, 611, 2, 2, NULL, '2017-12-11', NULL, NULL),
(607, 272, 602, 2, 2, NULL, '2017-12-11', NULL, NULL),
(608, 272, 603, 2, 2, NULL, '2017-12-11', NULL, NULL),
(609, 272, 604, 1, 1, NULL, '2017-12-11', NULL, NULL),
(610, 272, 605, 2, 2, NULL, '2017-12-11', NULL, NULL),
(611, 272, 606, 2, 2, NULL, '2017-12-11', NULL, NULL),
(612, 272, 607, 2, 0, NULL, '2017-12-11', NULL, NULL),
(613, 272, 608, 10, 5, NULL, '2017-12-11', NULL, NULL),
(614, 272, 609, 10, 3, NULL, '2017-12-11', NULL, NULL),
(615, 272, 614, 1, 0, NULL, '2017-12-11', NULL, NULL),
(616, 240, 610, 5, 5, NULL, '2017-12-11', NULL, NULL),
(617, 240, 611, 2, 2, NULL, '2017-12-11', NULL, NULL),
(618, 240, 602, 2, 2, NULL, '2017-12-11', NULL, NULL),
(619, 240, 603, 2, 2, NULL, '2017-12-11', NULL, NULL),
(620, 240, 604, 1, 1, NULL, '2017-12-11', NULL, NULL),
(621, 240, 605, 2, 2, NULL, '2017-12-11', NULL, NULL),
(622, 240, 606, 2, 2, NULL, '2017-12-11', NULL, NULL),
(623, 240, 607, 2, 2, NULL, '2017-12-11', NULL, NULL),
(624, 240, 608, 10, 8, NULL, '2017-12-11', NULL, NULL),
(625, 240, 609, 10, 3, NULL, '2017-12-11', NULL, NULL),
(626, 240, 614, 1, 0, NULL, '2017-12-11', NULL, NULL),
(627, 242, 610, 5, 5, NULL, '2017-12-11', NULL, NULL),
(628, 242, 611, 2, 2, NULL, '2017-12-11', NULL, NULL),
(629, 242, 602, 2, 2, NULL, '2017-12-11', NULL, NULL),
(630, 242, 603, 2, 2, NULL, '2017-12-11', NULL, NULL),
(631, 242, 604, 1, 1, NULL, '2017-12-11', NULL, NULL),
(632, 242, 605, 2, 2, NULL, '2017-12-11', NULL, NULL),
(633, 242, 606, 2, 2, NULL, '2017-12-11', NULL, NULL),
(634, 242, 607, 2, 2, NULL, '2017-12-11', NULL, NULL),
(635, 242, 608, 10, 9, NULL, '2017-12-11', NULL, NULL),
(636, 242, 609, 10, 2, NULL, '2017-12-11', NULL, NULL),
(637, 242, 614, 1, 1, NULL, '2017-12-11', NULL, NULL),
(638, 239, 610, 5, 5, NULL, '2017-12-11', NULL, NULL),
(639, 239, 611, 2, 2, NULL, '2017-12-11', NULL, NULL),
(640, 239, 602, 2, 2, NULL, '2017-12-11', NULL, NULL),
(641, 239, 603, 2, 2, NULL, '2017-12-11', NULL, NULL),
(642, 239, 604, 1, 1, NULL, '2017-12-11', NULL, NULL),
(643, 239, 605, 2, 2, NULL, '2017-12-11', NULL, NULL),
(644, 239, 606, 2, 2, NULL, '2017-12-11', NULL, NULL),
(645, 239, 607, 2, 2, NULL, '2017-12-11', NULL, NULL),
(646, 239, 608, 10, 4, NULL, '2017-12-11', NULL, NULL),
(647, 239, 609, 10, 8, NULL, '2017-12-11', NULL, NULL),
(648, 239, 614, 1, 0, NULL, '2017-12-11', NULL, NULL),
(649, 232, 610, 5, 5, NULL, '2017-12-11', NULL, NULL),
(650, 232, 611, 2, 0, NULL, '2017-12-11', NULL, NULL),
(651, 232, 602, 2, 2, NULL, '2017-12-11', NULL, NULL),
(652, 232, 603, 2, 2, NULL, '2017-12-11', NULL, NULL),
(653, 232, 604, 1, 1, NULL, '2017-12-11', NULL, NULL),
(654, 232, 605, 2, 0, NULL, '2017-12-11', NULL, NULL),
(655, 232, 606, 2, 2, NULL, '2017-12-11', NULL, NULL),
(656, 232, 607, 2, 2, NULL, '2017-12-11', NULL, NULL),
(657, 232, 608, 10, 9, NULL, '2017-12-11', NULL, NULL),
(658, 232, 609, 10, 7, NULL, '2017-12-11', NULL, NULL),
(659, 232, 614, 1, 0, NULL, '2017-12-11', NULL, NULL),
(660, 249, 610, 5, 2.5, NULL, '2017-12-11', NULL, NULL),
(661, 249, 611, 2, 2, NULL, '2017-12-11', NULL, NULL),
(662, 249, 602, 2, 2, NULL, '2017-12-11', NULL, NULL),
(663, 249, 603, 2, 2, NULL, '2017-12-11', NULL, NULL),
(664, 249, 604, 1, 1, NULL, '2017-12-11', NULL, NULL),
(665, 249, 606, 2, 2, NULL, '2017-12-11', NULL, NULL),
(666, 249, 607, 2, 2, NULL, '2017-12-11', NULL, NULL),
(667, 249, 608, 10, 9, NULL, '2017-12-11', NULL, NULL),
(668, 249, 609, 10, 7, NULL, '2017-12-11', NULL, NULL),
(669, 249, 614, 1, 1, NULL, '2017-12-11', NULL, NULL),
(670, 238, 611, 2, 2, NULL, '2017-12-11', NULL, NULL),
(671, 238, 602, 2, 1, NULL, '2017-12-11', NULL, NULL),
(672, 238, 603, 2, 2, NULL, '2017-12-11', NULL, NULL),
(673, 238, 604, 1, 1, NULL, '2017-12-11', NULL, NULL),
(674, 238, 605, 2, 2, NULL, '2017-12-11', NULL, NULL),
(675, 238, 606, 2, 2, NULL, '2017-12-11', NULL, NULL),
(676, 238, 607, 2, 2, NULL, '2017-12-11', NULL, NULL),
(677, 238, 608, 10, 4, NULL, '2017-12-11', NULL, NULL),
(678, 238, 614, 1, 0.3, NULL, '2017-12-11', NULL, NULL),
(679, 238, 609, 10, 1, NULL, '2017-12-11', NULL, NULL),
(680, 250, 610, 5, 0, NULL, '2017-12-11', NULL, NULL),
(681, 250, 611, 2, 2, NULL, '2017-12-11', NULL, NULL),
(682, 250, 602, 2, 2, NULL, '2017-12-11', NULL, NULL),
(683, 250, 603, 2, 2, NULL, '2017-12-11', NULL, NULL),
(684, 250, 604, 1, 1, NULL, '2017-12-11', NULL, NULL),
(685, 250, 606, 2, 2, NULL, '2017-12-11', NULL, NULL),
(686, 250, 607, 2, 2, NULL, '2017-12-11', NULL, NULL),
(687, 250, 608, 10, 4, NULL, '2017-12-11', NULL, NULL),
(688, 250, 609, 10, 8, NULL, '2017-12-11', NULL, NULL),
(689, 269, 610, 5, 5, NULL, '2017-12-11', NULL, NULL),
(690, 269, 611, 2, 2, NULL, '2017-12-11', NULL, NULL),
(691, 269, 602, 2, 2, NULL, '2017-12-11', NULL, NULL),
(692, 269, 603, 2, 2, NULL, '2017-12-11', NULL, NULL),
(693, 269, 604, 1, 1, NULL, '2017-12-11', NULL, NULL),
(694, 269, 605, 2, 2, NULL, '2017-12-11', NULL, NULL),
(695, 269, 606, 2, 2, NULL, '2017-12-11', NULL, NULL),
(696, 269, 607, 2, 2, NULL, '2017-12-11', NULL, NULL),
(697, 269, 608, 10, 8, NULL, '2017-12-11', NULL, NULL),
(698, 269, 609, 10, 4, NULL, '2017-12-11', NULL, NULL),
(699, 269, 614, 1, 1, NULL, '2017-12-11', NULL, NULL),
(700, 237, 610, 5, 1, NULL, '2017-12-11', NULL, NULL),
(701, 237, 611, 2, 2, NULL, '2017-12-11', NULL, NULL),
(702, 237, 602, 2, 2, NULL, '2017-12-11', NULL, NULL),
(703, 237, 603, 2, 2, NULL, '2017-12-11', NULL, NULL),
(704, 237, 604, 1, 1, NULL, '2017-12-11', NULL, NULL),
(705, 237, 605, 2, 2, NULL, '2017-12-11', NULL, NULL),
(706, 237, 606, 2, 2, NULL, '2017-12-11', NULL, NULL),
(707, 237, 607, 2, 2, NULL, '2017-12-11', NULL, NULL),
(708, 237, 608, 10, 7, NULL, '2017-12-11', NULL, NULL),
(709, 237, 609, 10, 5, NULL, '2017-12-11', NULL, NULL),
(710, 237, 614, 1, 1, NULL, '2017-12-11', NULL, NULL),
(711, 250, 614, 1, 0, NULL, '2017-12-11', NULL, NULL),
(712, 250, 605, 2, 0, NULL, '2017-12-11', NULL, NULL),
(713, 271, 602, 2, 0, NULL, '2017-12-11', NULL, NULL),
(714, 271, 604, 1, 0, NULL, '2017-12-11', NULL, NULL),
(715, 271, 608, 10, 0, NULL, '2017-12-11', NULL, NULL),
(716, 271, 614, 1, 0, NULL, '2017-12-11', NULL, NULL),
(717, 249, 605, 2, 0, NULL, '2017-12-11', NULL, NULL),
(718, 238, 610, 5, 0, NULL, '2017-12-11', NULL, NULL),
(719, 286, 614, 1, 0, NULL, '2017-12-11', NULL, NULL),
(720, 211, 583, 5, 5, NULL, '2017-12-12', NULL, NULL),
(721, 211, 584, 5, 5, NULL, '2017-12-12', NULL, NULL),
(722, 211, 585, 5, 5, NULL, '2017-12-12', NULL, NULL),
(723, 211, 588, 10, 4, NULL, '2017-12-12', NULL, NULL),
(724, 211, 587, 10, 8, NULL, '2017-12-12', NULL, NULL),
(725, 224, 583, 5, 5, NULL, '2017-12-12', NULL, NULL),
(726, 224, 584, 5, 5, NULL, '2017-12-12', NULL, NULL),
(727, 224, 585, 5, 5, NULL, '2017-12-12', NULL, NULL),
(728, 224, 588, 10, 8, NULL, '2017-12-12', NULL, NULL),
(729, 224, 587, 10, 8, NULL, '2017-12-12', NULL, NULL),
(730, 247, 583, 5, 5, NULL, '2017-12-12', NULL, NULL),
(731, 247, 584, 5, 5, NULL, '2017-12-12', NULL, NULL),
(732, 247, 585, 5, 5, NULL, '2017-12-12', NULL, NULL),
(733, 247, 588, 10, 6, NULL, '2017-12-12', NULL, NULL),
(734, 247, 587, 10, 6, NULL, '2017-12-12', NULL, NULL),
(735, 217, 583, 5, 5, NULL, '2017-12-12', NULL, NULL),
(736, 217, 584, 5, 5, NULL, '2017-12-12', NULL, NULL),
(737, 217, 585, 5, 5, NULL, '2017-12-12', NULL, NULL),
(738, 217, 588, 10, 4, NULL, '2017-12-12', NULL, NULL),
(739, 217, 587, 10, 4, NULL, '2017-12-12', NULL, NULL),
(740, 282, 637, 20, 16, NULL, '2017-12-15', NULL, NULL),
(741, 282, 638, 20, 12, NULL, '2017-12-15', NULL, NULL),
(742, 282, 630, 5, 5, NULL, '2017-12-15', NULL, NULL),
(743, 282, 631, 5, 5, NULL, '2017-12-15', NULL, NULL),
(744, 282, 632, 5, 5, NULL, '2017-12-15', NULL, NULL),
(745, 282, 633, 5, 5, NULL, '2017-12-15', NULL, NULL),
(746, 282, 634, 10, 7, NULL, '2017-12-15', NULL, NULL),
(747, 282, 635, 10, 6, NULL, '2017-12-15', NULL, NULL),
(748, 282, 636, 10, 7, NULL, '2017-12-15', NULL, NULL),
(749, 206, 637, 20, 14, NULL, '2017-12-15', NULL, NULL),
(750, 206, 638, 20, 4, NULL, '2017-12-15', NULL, NULL),
(751, 206, 630, 5, 0.5, NULL, '2017-12-15', NULL, NULL),
(752, 206, 631, 5, 0.5, NULL, '2017-12-15', NULL, NULL),
(753, 206, 632, 5, 5, NULL, '2017-12-15', NULL, NULL),
(754, 206, 633, 5, 5, NULL, '2017-12-15', NULL, NULL),
(755, 206, 634, 10, 6, NULL, '2017-12-15', NULL, NULL),
(756, 206, 635, 10, 8, NULL, '2017-12-15', NULL, NULL),
(757, 206, 636, 10, 4, NULL, '2017-12-15', NULL, NULL),
(758, 279, 637, 20, 16, NULL, '2017-12-15', NULL, NULL),
(759, 279, 638, 20, 12, NULL, '2017-12-15', NULL, NULL),
(760, 279, 630, 5, 5, NULL, '2017-12-15', NULL, NULL),
(761, 279, 631, 5, 5, NULL, '2017-12-15', NULL, NULL),
(762, 279, 632, 5, 5, NULL, '2017-12-15', NULL, NULL),
(763, 279, 633, 5, 5, NULL, '2017-12-15', NULL, NULL),
(764, 279, 634, 10, 4, NULL, '2017-12-15', NULL, NULL),
(765, 279, 635, 10, 4, NULL, '2017-12-15', NULL, NULL),
(766, 279, 636, 10, 8, NULL, '2017-12-15', NULL, NULL),
(767, 275, 637, 20, 14, NULL, '2017-12-15', NULL, NULL),
(768, 275, 638, 20, 4, NULL, '2017-12-15', NULL, NULL),
(769, 275, 630, 5, 5, NULL, '2017-12-15', NULL, NULL),
(770, 275, 631, 5, 5, NULL, '2017-12-15', NULL, NULL),
(771, 275, 632, 5, 5, NULL, '2017-12-15', NULL, NULL),
(772, 275, 633, 5, 5, NULL, '2017-12-15', NULL, NULL),
(773, 275, 634, 10, 2, NULL, '2017-12-15', NULL, NULL),
(774, 275, 635, 10, 2, NULL, '2017-12-15', NULL, NULL),
(775, 275, 636, 10, 4, NULL, '2017-12-15', NULL, NULL),
(776, 281, 637, 20, 16, NULL, '2017-12-15', NULL, NULL),
(777, 281, 638, 20, 8, NULL, '2017-12-15', NULL, NULL),
(778, 281, 630, 5, 5, NULL, '2017-12-15', NULL, NULL),
(779, 281, 631, 5, 5, NULL, '2017-12-15', NULL, NULL),
(780, 281, 632, 5, 5, NULL, '2017-12-15', NULL, NULL),
(781, 281, 633, 5, 5, NULL, '2017-12-15', NULL, NULL),
(782, 281, 634, 10, 2, NULL, '2017-12-15', NULL, NULL),
(783, 281, 635, 10, 2, NULL, '2017-12-15', NULL, NULL),
(784, 281, 636, 10, 7, NULL, '2017-12-15', NULL, NULL),
(785, 278, 637, 20, 16, NULL, '2017-12-15', NULL, NULL),
(786, 278, 638, 20, 8, NULL, '2017-12-15', NULL, NULL),
(787, 278, 630, 5, 5, NULL, '2017-12-15', NULL, NULL),
(788, 278, 631, 5, 5, NULL, '2017-12-15', NULL, NULL),
(789, 278, 632, 5, 5, NULL, '2017-12-15', NULL, NULL),
(790, 278, 633, 5, 5, NULL, '2017-12-15', NULL, NULL),
(791, 278, 634, 10, 8, NULL, '2017-12-15', NULL, NULL),
(792, 278, 635, 10, 5, NULL, '2017-12-15', NULL, NULL),
(793, 278, 636, 10, 7, NULL, '2017-12-15', NULL, NULL),
(794, 283, 637, 20, 16, NULL, '2017-12-15', NULL, NULL),
(795, 283, 638, 20, 14, NULL, '2017-12-15', NULL, NULL),
(796, 283, 630, 5, 5, NULL, '2017-12-15', NULL, NULL),
(797, 283, 631, 5, 5, NULL, '2017-12-15', NULL, NULL),
(798, 283, 632, 5, 5, NULL, '2017-12-15', NULL, NULL),
(799, 283, 633, 5, 5, NULL, '2017-12-15', NULL, NULL),
(800, 283, 634, 10, 4, NULL, '2017-12-15', NULL, NULL),
(801, 283, 635, 10, 7, NULL, '2017-12-15', NULL, NULL),
(802, 283, 636, 10, 4, NULL, '2017-12-15', NULL, NULL),
(803, 274, 637, 20, 16, NULL, '2017-12-15', NULL, NULL),
(804, 274, 638, 20, 14, NULL, '2017-12-15', NULL, NULL),
(805, 274, 630, 5, 5, NULL, '2017-12-15', NULL, NULL),
(806, 274, 631, 5, 5, NULL, '2017-12-15', NULL, NULL),
(807, 274, 632, 5, 5, NULL, '2017-12-15', NULL, NULL),
(808, 274, 633, 5, 5, NULL, '2017-12-15', NULL, NULL),
(809, 274, 634, 10, 3, NULL, '2017-12-15', NULL, NULL),
(810, 274, 635, 10, 4, NULL, '2017-12-15', NULL, NULL),
(811, 274, 636, 10, 7, NULL, '2017-12-15', NULL, NULL),
(812, 277, 637, 20, 8, NULL, '2017-12-15', NULL, NULL),
(813, 277, 638, 20, 14, NULL, '2017-12-15', NULL, NULL),
(814, 277, 630, 5, 5, NULL, '2017-12-15', NULL, NULL),
(815, 277, 631, 5, 5, NULL, '2017-12-15', NULL, NULL),
(816, 277, 632, 5, 5, NULL, '2017-12-15', NULL, NULL),
(817, 277, 633, 5, 5, NULL, '2017-12-15', NULL, NULL),
(818, 277, 634, 10, 3, NULL, '2017-12-15', NULL, NULL),
(819, 277, 635, 10, 4, NULL, '2017-12-15', NULL, NULL),
(820, 277, 636, 10, 4, NULL, '2017-12-15', NULL, NULL),
(821, 248, 640, 10, 10, NULL, '2017-12-18', NULL, NULL),
(822, 248, 641, 10, 5, NULL, '2017-12-18', NULL, NULL),
(823, 248, 642, 10, 8, NULL, '2017-12-18', NULL, NULL),
(824, 248, 643, 10, 5, NULL, '2017-12-18', NULL, NULL),
(825, 248, 644, 10, 7, NULL, '2017-12-18', NULL, NULL),
(826, 248, 645, 10, 4, NULL, '2017-12-18', NULL, NULL),
(827, 248, 646, 10, 5, NULL, '2017-12-18', NULL, NULL),
(828, 248, 647, 10, 5, NULL, '2017-12-18', NULL, NULL),
(829, 207, 640, 10, 8, NULL, '2017-12-18', NULL, NULL),
(830, 207, 641, 10, 8, NULL, '2017-12-18', NULL, NULL),
(831, 207, 642, 10, 7, NULL, '2017-12-18', NULL, NULL),
(832, 207, 643, 10, 5, NULL, '2017-12-18', NULL, NULL),
(833, 207, 644, 10, 7, NULL, '2017-12-18', NULL, NULL),
(834, 207, 645, 10, 7, NULL, '2017-12-18', NULL, NULL),
(835, 207, 646, 10, 7, NULL, '2017-12-18', NULL, NULL),
(836, 207, 647, 10, 5, NULL, '2017-12-18', NULL, NULL),
(837, 284, 640, 10, 8, NULL, '2017-12-18', NULL, NULL),
(838, 284, 641, 10, 6, NULL, '2017-12-18', NULL, NULL),
(839, 284, 642, 10, 8, NULL, '2017-12-18', NULL, NULL),
(840, 284, 643, 10, 7, NULL, '2017-12-18', NULL, NULL),
(841, 284, 644, 10, 5, NULL, '2017-12-18', NULL, NULL),
(842, 284, 645, 10, 10, NULL, '2017-12-18', NULL, NULL),
(843, 284, 646, 10, 8, NULL, '2017-12-18', NULL, NULL),
(844, 284, 647, 10, 7, NULL, '2017-12-18', NULL, NULL),
(845, 241, 640, 10, 6, NULL, '2017-12-18', NULL, NULL),
(846, 241, 641, 10, 6, NULL, '2017-12-18', NULL, NULL),
(847, 241, 642, 10, 7, NULL, '2017-12-18', NULL, NULL),
(848, 241, 643, 10, 0, NULL, '2017-12-18', NULL, NULL),
(849, 241, 644, 10, 8, NULL, '2017-12-18', NULL, NULL),
(850, 241, 645, 10, 5, NULL, '2017-12-18', NULL, NULL),
(851, 241, 646, 10, 9, NULL, '2017-12-18', NULL, NULL),
(852, 241, 647, 10, 4, NULL, '2017-12-18', NULL, NULL),
(853, 243, 640, 10, 7, NULL, '2017-12-18', NULL, NULL),
(854, 243, 641, 10, 4, NULL, '2017-12-18', NULL, NULL),
(855, 243, 642, 10, 6, NULL, '2017-12-18', NULL, NULL),
(856, 243, 643, 10, 4, NULL, '2017-12-18', NULL, NULL),
(857, 243, 644, 10, 6, NULL, '2017-12-18', NULL, NULL),
(858, 243, 645, 10, 4, NULL, '2017-12-18', NULL, NULL),
(859, 243, 646, 10, 4, NULL, '2017-12-18', NULL, NULL),
(860, 243, 647, 10, 7, NULL, '2017-12-18', NULL, NULL),
(861, 245, 640, 10, 10, NULL, '2017-12-18', NULL, NULL),
(862, 245, 641, 10, 6, NULL, '2017-12-18', NULL, NULL),
(863, 245, 642, 10, 10, NULL, '2017-12-18', NULL, NULL),
(864, 245, 643, 10, 8, NULL, '2017-12-18', NULL, NULL),
(865, 245, 644, 10, 5, NULL, '2017-12-18', NULL, NULL),
(866, 245, 645, 10, 7, NULL, '2017-12-18', NULL, NULL),
(867, 245, 646, 10, 4, NULL, '2017-12-18', NULL, NULL),
(868, 245, 647, 10, 6, NULL, '2017-12-18', NULL, NULL),
(869, 285, 640, 10, 10, NULL, '2017-12-18', NULL, NULL),
(870, 285, 641, 10, 4, NULL, '2017-12-18', NULL, NULL),
(871, 285, 642, 10, 6, NULL, '2017-12-18', NULL, NULL),
(872, 285, 643, 10, 8, NULL, '2017-12-18', NULL, NULL),
(873, 285, 644, 10, 0, NULL, '2017-12-18', NULL, NULL),
(874, 285, 645, 10, 4, NULL, '2017-12-18', NULL, NULL),
(875, 285, 646, 10, 8, NULL, '2017-12-18', NULL, NULL),
(876, 285, 647, 10, 5, NULL, '2017-12-18', NULL, NULL),
(877, 287, 667, 5, 2, NULL, '2018-02-21', NULL, NULL),
(878, 287, 666, 10, 4, NULL, '2018-02-21', NULL, NULL),
(879, 287, 668, 5, 2.5, NULL, '2018-02-21', NULL, NULL),
(880, 287, 669, 5, 2, NULL, '2018-02-21', NULL, NULL),
(881, 287, 670, 5, 3.5, NULL, '2018-02-21', NULL, NULL),
(882, 274, 648, 10, 4, NULL, '2018-02-21', NULL, NULL),
(883, 274, 649, 10, 5, NULL, '2018-02-21', NULL, NULL),
(884, 274, 651, 5, 2.5, NULL, '2018-02-21', NULL, NULL),
(885, 274, 650, 5, 2.5, NULL, '2018-02-21', NULL, NULL),
(886, 277, 648, 10, 8, NULL, '2018-02-21', NULL, NULL),
(887, 277, 649, 10, 8, NULL, '2018-02-21', NULL, NULL),
(888, 277, 651, 5, 4, NULL, '2018-02-21', NULL, NULL),
(889, 277, 650, 5, 4, NULL, '2018-02-21', NULL, NULL),
(890, 232, 590, 10, 5, NULL, '2018-02-21', NULL, NULL),
(891, 232, 589, 10, 6, NULL, '2018-02-21', NULL, NULL),
(892, 232, 592, 5, 3, NULL, '2018-02-21', NULL, NULL),
(893, 237, 590, 10, 8, NULL, '2018-02-21', NULL, NULL),
(894, 237, 589, 10, 4, NULL, '2018-02-21', NULL, NULL),
(895, 237, 592, 5, 2, NULL, '2018-02-21', NULL, NULL),
(896, 278, 648, 10, 7, NULL, '2018-02-21', NULL, NULL),
(897, 278, 649, 10, 8, NULL, '2018-02-21', NULL, NULL),
(898, 278, 651, 5, 2.5, NULL, '2018-02-21', NULL, NULL),
(899, 278, 650, 5, 3.5, NULL, '2018-02-21', NULL, NULL),
(900, 279, 648, 10, 4, NULL, '2018-02-21', NULL, NULL),
(901, 279, 649, 10, 9, NULL, '2018-02-21', NULL, NULL),
(902, 279, 651, 5, 3.5, NULL, '2018-02-21', NULL, NULL),
(903, 279, 650, 5, 4, NULL, '2018-02-21', NULL, NULL),
(904, 281, 648, 10, 6, NULL, '2018-02-21', NULL, NULL),
(905, 281, 649, 10, 7, NULL, '2018-02-21', NULL, NULL),
(906, 281, 651, 5, 1.5, NULL, '2018-02-21', NULL, NULL),
(907, 281, 650, 5, 3.5, NULL, '2018-02-21', NULL, NULL),
(908, 282, 648, 10, 8, NULL, '2018-02-21', NULL, NULL),
(909, 282, 649, 10, 4, NULL, '2018-02-21', NULL, NULL),
(910, 282, 651, 5, 2, NULL, '2018-02-21', NULL, NULL),
(911, 282, 650, 5, 2, NULL, '2018-02-21', NULL, NULL),
(912, 283, 648, 10, 6, NULL, '2018-02-21', NULL, NULL),
(913, 283, 649, 10, 6, NULL, '2018-02-21', NULL, NULL),
(914, 283, 651, 5, 2.5, NULL, '2018-02-21', NULL, NULL),
(915, 283, 650, 5, 3, NULL, '2018-02-21', NULL, NULL),
(916, 274, 657, 10, 9, NULL, '2018-02-21', NULL, NULL),
(917, 274, 658, 5, 2.5, NULL, '2018-02-21', NULL, NULL),
(918, 274, 660, 5, 2.5, NULL, '2018-02-21', NULL, NULL),
(919, 278, 657, 10, 9, NULL, '2018-02-21', NULL, NULL),
(920, 278, 658, 5, 4.5, NULL, '2018-02-21', NULL, NULL),
(921, 278, 660, 5, 4.5, NULL, '2018-02-21', NULL, NULL),
(922, 281, 657, 10, 9, NULL, '2018-02-21', NULL, NULL),
(923, 281, 658, 5, 4.5, NULL, '2018-02-21', NULL, NULL),
(924, 281, 660, 5, 4.5, NULL, '2018-02-21', NULL, NULL),
(925, 279, 657, 10, 9, NULL, '2018-02-21', NULL, NULL),
(926, 279, 658, 5, 1.5, NULL, '2018-02-21', NULL, NULL),
(927, 279, 659, 5, 3, NULL, '2018-02-21', NULL, NULL),
(928, 279, 660, 5, 1.5, NULL, '2018-02-21', NULL, NULL),
(929, 283, 657, 10, 9, NULL, '2018-02-21', NULL, NULL),
(930, 283, 658, 5, 4.5, NULL, '2018-02-21', NULL, NULL),
(931, 283, 660, 5, 4.5, NULL, '2018-02-21', NULL, NULL),
(932, 238, 593, 10, 10, NULL, '2018-02-21', NULL, NULL);
INSERT INTO `result` (`id`, `student_id`, `assessment_id`, `max_vote`, `user_vote`, `user_letter`, `date`, `was_absent`, `comment`) VALUES
(933, 238, 594, 5, 5, NULL, '2018-02-21', NULL, NULL),
(934, 238, 595, 5, 5, NULL, '2018-02-21', NULL, NULL),
(935, 238, 596, 5, 2, NULL, '2018-02-21', NULL, NULL),
(936, 273, 593, 10, 4, NULL, '2018-02-21', NULL, NULL),
(937, 273, 594, 5, 5, NULL, '2018-02-21', NULL, NULL),
(938, 273, 595, 5, 2, NULL, '2018-02-21', NULL, NULL),
(939, 273, 596, 5, 2.5, NULL, '2018-02-21', NULL, NULL),
(940, 272, 590, 10, 8, NULL, '2018-02-21', NULL, NULL),
(941, 272, 589, 10, 8, NULL, '2018-02-21', NULL, NULL),
(942, 272, 592, 5, 3.5, NULL, '2018-02-21', NULL, NULL),
(943, 269, 593, 10, 5, NULL, '2018-02-21', NULL, NULL),
(944, 269, 594, 5, 2, NULL, '2018-02-21', NULL, NULL),
(945, 269, 595, 5, 2, NULL, '2018-02-21', NULL, NULL),
(946, 269, 596, 5, 3.5, NULL, '2018-02-21', NULL, NULL),
(947, 242, 593, 10, 6, NULL, '2018-02-21', NULL, NULL),
(948, 242, 594, 5, 4, NULL, '2018-02-21', NULL, NULL),
(949, 242, 595, 5, 3, NULL, '2018-02-21', NULL, NULL),
(950, 242, 596, 5, 4, NULL, '2018-02-21', NULL, NULL),
(951, 274, 550, 5, 5, NULL, '2018-02-21', NULL, NULL),
(952, 274, 548, 5, 4, NULL, '2018-02-21', NULL, NULL),
(953, 274, 549, 10, 6, NULL, '2018-02-21', NULL, NULL),
(954, 275, 667, 5, 4.5, NULL, '2018-02-21', NULL, NULL),
(955, 275, 669, 5, 2, NULL, '2018-02-21', NULL, NULL),
(956, 275, 670, 5, 5, NULL, '2018-02-21', NULL, NULL),
(957, 275, 666, 10, 8, NULL, '2018-02-21', NULL, NULL),
(958, 275, 668, 5, 2.5, NULL, '2018-02-21', NULL, NULL),
(959, 277, 657, 10, 10, NULL, '2018-02-21', NULL, NULL),
(960, 277, 658, 5, 5, NULL, '2018-02-21', NULL, NULL),
(961, 277, 659, 5, 5, NULL, '2018-02-21', NULL, NULL),
(962, 277, 660, 5, 3.5, NULL, '2018-02-21', NULL, NULL),
(963, 277, 667, 5, 1.5, NULL, '2018-02-21', NULL, NULL),
(964, 277, 669, 5, 5, NULL, '2018-02-21', NULL, NULL),
(965, 277, 670, 5, 3.5, NULL, '2018-02-21', NULL, NULL),
(966, 277, 666, 10, 10, NULL, '2018-02-21', NULL, NULL),
(967, 277, 668, 5, 3.5, NULL, '2018-02-21', NULL, NULL),
(968, 277, 550, 5, 5, NULL, '2018-02-21', NULL, NULL),
(969, 277, 548, 5, 4, NULL, '2018-02-21', NULL, NULL),
(970, 277, 549, 10, 4, NULL, '2018-02-21', NULL, NULL),
(971, 279, 667, 5, 5, NULL, '2018-02-21', NULL, NULL),
(972, 279, 669, 5, 5, NULL, '2018-02-21', NULL, NULL),
(973, 279, 670, 5, 3.5, NULL, '2018-02-21', NULL, NULL),
(974, 279, 666, 10, 10, NULL, '2018-02-21', NULL, NULL),
(975, 279, 668, 5, 3.5, NULL, '2018-02-21', NULL, NULL),
(976, 281, 667, 5, 5, NULL, '2018-02-21', NULL, NULL),
(977, 281, 669, 5, 5, NULL, '2018-02-21', NULL, NULL),
(978, 281, 670, 5, 3.5, NULL, '2018-02-21', NULL, NULL),
(979, 281, 666, 10, 10, NULL, '2018-02-21', NULL, NULL),
(980, 281, 668, 5, 3.5, NULL, '2018-02-21', NULL, NULL),
(981, 282, 667, 5, 1.5, NULL, '2018-02-21', NULL, NULL),
(982, 282, 669, 5, 5, NULL, '2018-02-21', NULL, NULL),
(983, 282, 670, 5, 3.5, NULL, '2018-02-21', NULL, NULL),
(984, 282, 666, 10, 5, NULL, '2018-02-21', NULL, NULL),
(985, 282, 668, 5, 2.5, NULL, '2018-02-21', NULL, NULL),
(986, 287, 671, 5, 3, NULL, '2018-02-22', NULL, NULL),
(987, 287, 672, 5, 3, NULL, '2018-02-22', NULL, NULL),
(988, 287, 673, 5, 2, NULL, '2018-02-22', NULL, NULL),
(989, 287, 674, 10, 7, NULL, '2018-02-22', NULL, NULL),
(990, 287, 675, 5, 3.5, NULL, '2018-02-22', NULL, NULL),
(991, 274, 671, 5, 3, NULL, '2018-02-22', NULL, NULL),
(992, 274, 672, 5, 2.5, NULL, '2018-02-22', NULL, NULL),
(993, 274, 673, 5, 3, NULL, '2018-02-22', NULL, NULL),
(994, 274, 674, 10, 10, NULL, '2018-02-22', NULL, NULL),
(995, 274, 675, 5, 4, NULL, '2018-02-22', NULL, NULL),
(996, 275, 671, 5, 5, NULL, '2018-02-22', NULL, NULL),
(997, 275, 672, 5, 3.5, NULL, '2018-02-22', NULL, NULL),
(998, 275, 673, 5, 5, NULL, '2018-02-22', NULL, NULL),
(999, 275, 674, 10, 6, NULL, '2018-02-22', NULL, NULL),
(1000, 275, 675, 5, 3, NULL, '2018-02-22', NULL, NULL),
(1001, 278, 550, 5, 5, NULL, '2018-02-22', NULL, NULL),
(1002, 278, 548, 5, 4, NULL, '2018-02-22', NULL, NULL),
(1003, 278, 549, 10, 7, NULL, '2018-02-22', NULL, NULL),
(1004, 281, 550, 5, 5, NULL, '2018-02-22', NULL, NULL),
(1005, 281, 548, 5, 4, NULL, '2018-02-22', NULL, NULL),
(1006, 281, 549, 10, 4, NULL, '2018-02-22', NULL, NULL),
(1007, 281, 671, 5, 5, NULL, '2018-02-22', NULL, NULL),
(1008, 281, 672, 5, 3.5, NULL, '2018-02-22', NULL, NULL),
(1009, 281, 673, 5, 5, NULL, '2018-02-22', NULL, NULL),
(1010, 281, 674, 10, 4, NULL, '2018-02-22', NULL, NULL),
(1011, 281, 675, 5, 3.5, NULL, '2018-02-22', NULL, NULL),
(1012, 283, 550, 5, 4, NULL, '2018-02-22', NULL, NULL),
(1013, 283, 548, 5, 2.5, NULL, '2018-02-22', NULL, NULL),
(1014, 283, 549, 10, 4, NULL, '2018-02-22', NULL, NULL),
(1015, 274, 667, 5, 3.5, NULL, '2018-02-25', NULL, NULL),
(1016, 274, 669, 5, 3, NULL, '2018-02-25', NULL, NULL),
(1017, 274, 670, 5, 5, NULL, '2018-02-25', NULL, NULL),
(1018, 274, 666, 10, 8, NULL, '2018-02-25', NULL, NULL),
(1019, 274, 668, 5, 4, NULL, '2018-02-25', NULL, NULL),
(1020, 277, 671, 5, 3, NULL, '2018-02-25', NULL, NULL),
(1021, 277, 672, 5, 3, NULL, '2018-02-25', NULL, NULL),
(1022, 277, 673, 5, 2, NULL, '2018-02-25', NULL, NULL),
(1023, 277, 674, 10, 7, NULL, '2018-02-25', NULL, NULL),
(1024, 277, 675, 5, 3.5, NULL, '2018-02-25', NULL, NULL),
(1025, 278, 667, 5, 5, NULL, '2018-02-25', NULL, NULL),
(1026, 278, 669, 5, 3, NULL, '2018-02-25', NULL, NULL),
(1027, 278, 670, 5, 4, NULL, '2018-02-25', NULL, NULL),
(1028, 278, 666, 10, 8, NULL, '2018-02-25', NULL, NULL),
(1029, 278, 668, 5, 3, NULL, '2018-02-25', NULL, NULL),
(1030, 278, 671, 5, 2, NULL, '2018-02-25', NULL, NULL),
(1031, 278, 672, 5, 3, NULL, '2018-02-25', NULL, NULL),
(1032, 278, 673, 5, 2.5, NULL, '2018-02-25', NULL, NULL),
(1033, 278, 674, 10, 8, NULL, '2018-02-25', NULL, NULL),
(1034, 278, 675, 5, 3, NULL, '2018-02-25', NULL, NULL),
(1035, 279, 550, 5, 5, NULL, '2018-02-25', NULL, NULL),
(1036, 279, 548, 5, 3, NULL, '2018-02-25', NULL, NULL),
(1037, 279, 549, 10, 6, NULL, '2018-02-25', NULL, NULL),
(1038, 279, 671, 5, 3, NULL, '2018-02-25', NULL, NULL),
(1039, 279, 672, 5, 4, NULL, '2018-02-25', NULL, NULL),
(1040, 279, 673, 5, 3, NULL, '2018-02-25', NULL, NULL),
(1041, 279, 674, 10, 8, NULL, '2018-02-25', NULL, NULL),
(1042, 279, 675, 5, 2.5, NULL, '2018-02-25', NULL, NULL),
(1043, 281, 542, 5, 2.5, NULL, '2018-02-25', NULL, NULL),
(1044, 281, 543, 5, 2.5, NULL, '2018-02-25', NULL, NULL),
(1045, 282, 671, 5, 3, NULL, '2018-02-25', NULL, NULL),
(1046, 282, 672, 5, 3, NULL, '2018-02-25', NULL, NULL),
(1047, 282, 673, 5, 2, NULL, '2018-02-25', NULL, NULL),
(1048, 282, 674, 10, 7, NULL, '2018-02-25', NULL, NULL),
(1049, 282, 675, 5, 3.5, NULL, '2018-02-25', NULL, NULL),
(1050, 282, 542, 5, 4, NULL, '2018-02-25', NULL, NULL),
(1051, 282, 543, 5, 4, NULL, '2018-02-25', NULL, NULL),
(1052, 282, 657, 10, 8, NULL, '2018-02-25', NULL, NULL),
(1053, 282, 658, 5, 2.5, NULL, '2018-02-25', NULL, NULL),
(1054, 282, 660, 5, 4.5, NULL, '2018-02-25', NULL, NULL),
(1055, 283, 667, 5, 5, NULL, '2018-02-25', NULL, NULL),
(1056, 283, 669, 5, 3, NULL, '2018-02-25', NULL, NULL),
(1057, 283, 670, 5, 3.5, NULL, '2018-02-25', NULL, NULL),
(1058, 283, 666, 10, 8, NULL, '2018-02-25', NULL, NULL),
(1059, 283, 668, 5, 2.5, NULL, '2018-02-25', NULL, NULL),
(1060, 283, 671, 5, 3.5, NULL, '2018-02-25', NULL, NULL),
(1061, 283, 672, 5, 3, NULL, '2018-02-25', NULL, NULL),
(1062, 283, 673, 5, 2.5, NULL, '2018-02-25', NULL, NULL),
(1063, 283, 674, 10, 4, NULL, '2018-02-25', NULL, NULL),
(1064, 283, 675, 5, 3, NULL, '2018-02-25', NULL, NULL),
(1065, 286, 593, 10, 5, NULL, '2018-02-25', NULL, NULL),
(1066, 286, 594, 5, 4, NULL, '2018-02-25', NULL, NULL),
(1067, 286, 595, 5, 3.5, NULL, '2018-02-25', NULL, NULL),
(1068, 286, 596, 5, 2.5, NULL, '2018-02-25', NULL, NULL),
(1069, 240, 590, 10, 5, NULL, '2018-02-25', NULL, NULL),
(1070, 240, 589, 10, 4, NULL, '2018-02-25', NULL, NULL),
(1071, 240, 592, 5, 2, NULL, '2018-02-25', NULL, NULL),
(1072, 240, 593, 10, 10, NULL, '2018-02-25', NULL, NULL),
(1073, 240, 594, 5, 4, NULL, '2018-02-25', NULL, NULL),
(1074, 240, 595, 5, 3.5, NULL, '2018-02-25', NULL, NULL),
(1075, 240, 596, 5, 2.5, NULL, '2018-02-25', NULL, NULL),
(1076, 239, 590, 10, 6, NULL, '2018-02-25', NULL, NULL),
(1077, 239, 589, 10, 4, NULL, '2018-02-25', NULL, NULL),
(1078, 239, 592, 5, 4, NULL, '2018-02-25', NULL, NULL),
(1079, 239, 593, 10, 4, NULL, '2018-02-25', NULL, NULL),
(1080, 239, 594, 5, 2.5, NULL, '2018-02-25', NULL, NULL),
(1081, 239, 595, 5, 2, NULL, '2018-02-25', NULL, NULL),
(1082, 239, 596, 5, 2.5, NULL, '2018-02-25', NULL, NULL),
(1083, 273, 590, 10, 10, NULL, '2018-02-25', NULL, NULL),
(1084, 273, 589, 10, 10, NULL, '2018-02-25', NULL, NULL),
(1085, 273, 592, 5, 3, NULL, '2018-02-25', NULL, NULL),
(1086, 248, 676, 36, 36, NULL, '2018-02-25', NULL, NULL),
(1087, 248, 677, 9, 0, NULL, '2018-02-25', NULL, NULL),
(1088, 241, 677, 9, 6.3, NULL, '2018-02-25', NULL, NULL),
(1089, 241, 676, 36, 28.8, NULL, '2018-02-25', NULL, NULL),
(1090, 207, 677, 9, 6.3, NULL, '2018-02-25', NULL, NULL),
(1091, 207, 676, 36, 36, NULL, '2018-02-25', NULL, NULL),
(1092, 243, 677, 9, 7.2, NULL, '2018-02-25', NULL, NULL),
(1093, 243, 676, 36, 28.8, NULL, '2018-02-25', NULL, NULL),
(1094, 284, 677, 9, 0, NULL, '2018-02-25', NULL, NULL),
(1095, 284, 676, 36, 0, NULL, '2018-02-25', NULL, NULL),
(1096, 245, 677, 9, 7.2, NULL, '2018-02-25', NULL, NULL),
(1097, 245, 676, 36, 32.4, NULL, '2018-02-25', NULL, NULL),
(1098, 285, 677, 9, 3.6, NULL, '2018-02-25', NULL, NULL),
(1099, 285, 676, 36, 14.4, NULL, '2018-02-25', NULL, NULL),
(1100, 250, 593, 10, 10, NULL, '2018-02-27', NULL, NULL),
(1101, 250, 594, 5, 3.5, NULL, '2018-02-27', NULL, NULL),
(1102, 250, 595, 5, 4, NULL, '2018-02-27', NULL, NULL),
(1103, 250, 596, 5, 3, NULL, '2018-02-27', NULL, NULL),
(1104, 240, 652, 5, 5, NULL, '2018-02-27', NULL, NULL),
(1105, 240, 654, 20, 8, NULL, '2018-02-27', NULL, NULL),
(1106, 240, 653, 5, 2, NULL, '2018-02-27', NULL, NULL),
(1107, 240, 655, 5, 4, NULL, '2018-02-27', NULL, NULL),
(1108, 240, 656, 10, 5, NULL, '2018-02-27', NULL, NULL),
(1109, 286, 590, 10, 5, NULL, '2018-02-27', NULL, NULL),
(1110, 286, 589, 10, 6, NULL, '2018-02-27', NULL, NULL),
(1111, 286, 592, 5, 2, NULL, '2018-02-27', NULL, NULL),
(1112, 249, 590, 10, 8, NULL, '2018-02-27', NULL, NULL),
(1113, 249, 589, 10, 7, NULL, '2018-02-27', NULL, NULL),
(1114, 249, 592, 5, 3, NULL, '2018-02-27', NULL, NULL),
(1115, 249, 593, 10, 4, NULL, '2018-02-27', NULL, NULL),
(1116, 249, 594, 5, 2, NULL, '2018-02-27', NULL, NULL),
(1117, 249, 595, 5, 4, NULL, '2018-02-27', NULL, NULL),
(1118, 249, 596, 5, 3.5, NULL, '2018-02-27', NULL, NULL),
(1119, 211, 678, 20, 12, NULL, '2018-03-03', NULL, NULL),
(1120, 217, 678, 20, 14, NULL, '2018-03-03', NULL, NULL),
(1121, 207, 661, 10, 10, NULL, '2018-03-03', NULL, NULL),
(1122, 207, 662, 10, 5, NULL, '2018-03-03', NULL, NULL),
(1123, 207, 663, 10, 7, NULL, '2018-03-03', NULL, NULL),
(1124, 207, 664, 20, 16, NULL, '2018-03-03', NULL, NULL),
(1125, 207, 665, 10, 10, NULL, '2018-03-03', NULL, NULL),
(1126, 284, 661, 10, 10, NULL, '2018-03-03', NULL, NULL),
(1127, 284, 662, 10, 7, NULL, '2018-03-03', NULL, NULL),
(1128, 284, 663, 10, 7, NULL, '2018-03-03', NULL, NULL),
(1129, 284, 664, 20, 16, NULL, '2018-03-03', NULL, NULL),
(1130, 284, 665, 10, 10, NULL, '2018-03-03', NULL, NULL),
(1131, 248, 661, 10, 10, NULL, '2018-03-03', NULL, NULL),
(1132, 248, 662, 10, 5, NULL, '2018-03-03', NULL, NULL),
(1133, 248, 663, 10, 7, NULL, '2018-03-03', NULL, NULL),
(1134, 248, 664, 20, 16, NULL, '2018-03-03', NULL, NULL),
(1135, 248, 665, 10, 10, NULL, '2018-03-03', NULL, NULL),
(1136, 241, 661, 10, 8, NULL, '2018-03-03', NULL, NULL),
(1137, 241, 662, 10, 8, NULL, '2018-03-03', NULL, NULL),
(1138, 241, 663, 10, 8, NULL, '2018-03-03', NULL, NULL),
(1139, 241, 664, 20, 14, NULL, '2018-03-03', NULL, NULL),
(1140, 241, 665, 10, 3, NULL, '2018-03-03', NULL, NULL),
(1141, 243, 661, 10, 8, NULL, '2018-03-04', NULL, NULL),
(1142, 243, 662, 10, 8, NULL, '2018-03-04', NULL, NULL),
(1143, 243, 663, 10, 8, NULL, '2018-03-04', NULL, NULL),
(1144, 243, 664, 20, 14, NULL, '2018-03-04', NULL, NULL),
(1145, 243, 665, 10, 7, NULL, '2018-03-04', NULL, NULL),
(1146, 285, 661, 10, 8, NULL, '2018-03-04', NULL, NULL),
(1147, 285, 662, 10, 8, NULL, '2018-03-04', NULL, NULL),
(1148, 285, 663, 10, 8, NULL, '2018-03-04', NULL, NULL),
(1149, 285, 664, 20, 14, NULL, '2018-03-04', NULL, NULL),
(1150, 285, 665, 10, 7, NULL, '2018-03-04', NULL, NULL),
(1151, 245, 661, 10, 8, NULL, '2018-03-04', NULL, NULL),
(1152, 245, 662, 10, 8, NULL, '2018-03-04', NULL, NULL),
(1153, 245, 663, 10, 8, NULL, '2018-03-04', NULL, NULL),
(1154, 245, 664, 20, 14, NULL, '2018-03-04', NULL, NULL),
(1155, 245, 665, 10, 7, NULL, '2018-03-04', NULL, NULL),
(1156, 239, 652, 5, 2.5, NULL, '2018-03-04', NULL, NULL),
(1157, 239, 654, 20, 0, NULL, '2018-03-04', NULL, NULL),
(1158, 239, 653, 5, 3, NULL, '2018-03-04', NULL, NULL),
(1159, 239, 655, 5, 2.5, NULL, '2018-03-04', NULL, NULL),
(1160, 239, 656, 10, 4, NULL, '2018-03-04', NULL, NULL),
(1161, 286, 652, 5, 3, NULL, '2018-03-04', NULL, NULL),
(1162, 286, 654, 20, 8, NULL, '2018-03-04', NULL, NULL),
(1163, 286, 653, 5, 3, NULL, '2018-03-04', NULL, NULL),
(1164, 286, 655, 5, 3, NULL, '2018-03-04', NULL, NULL),
(1165, 286, 656, 10, 7, NULL, '2018-03-04', NULL, NULL),
(1166, 269, 652, 5, 3, NULL, '2018-03-04', NULL, NULL),
(1167, 269, 654, 20, 0, NULL, '2018-03-04', NULL, NULL),
(1168, 269, 653, 5, 3, NULL, '2018-03-04', NULL, NULL),
(1169, 269, 655, 5, 3, NULL, '2018-03-04', NULL, NULL),
(1170, 269, 656, 10, 4, NULL, '2018-03-04', NULL, NULL),
(1171, 250, 652, 5, 3, NULL, '2018-03-04', NULL, NULL),
(1172, 250, 654, 20, 0, NULL, '2018-03-04', NULL, NULL),
(1173, 250, 653, 5, 3, NULL, '2018-03-04', NULL, NULL),
(1174, 250, 655, 5, 3, NULL, '2018-03-04', NULL, NULL),
(1175, 250, 656, 10, 4, NULL, '2018-03-04', NULL, NULL),
(1176, 242, 652, 5, 0, NULL, '2018-03-04', NULL, NULL),
(1177, 242, 654, 20, 0, NULL, '2018-03-04', NULL, NULL),
(1178, 242, 653, 5, 0, NULL, '2018-03-04', NULL, NULL),
(1179, 242, 655, 5, 0, NULL, '2018-03-04', NULL, NULL),
(1180, 242, 656, 10, 0, NULL, '2018-03-04', NULL, NULL),
(1181, 242, 590, 10, 0, NULL, '2018-03-04', NULL, NULL),
(1182, 242, 589, 10, 0, NULL, '2018-03-04', NULL, NULL),
(1183, 242, 592, 5, 0, NULL, '2018-03-04', NULL, NULL),
(1184, 272, 593, 10, 0, NULL, '2018-03-04', NULL, NULL),
(1185, 272, 594, 5, 0, NULL, '2018-03-04', NULL, NULL),
(1186, 272, 595, 5, 0, NULL, '2018-03-04', NULL, NULL),
(1187, 272, 596, 5, 0, NULL, '2018-03-04', NULL, NULL),
(1188, 238, 590, 10, 0, NULL, '2018-03-04', NULL, NULL),
(1189, 238, 589, 10, 0, NULL, '2018-03-04', NULL, NULL),
(1190, 238, 592, 5, 0, NULL, '2018-03-04', NULL, NULL),
(1191, 269, 590, 10, 0, NULL, '2018-03-04', NULL, NULL),
(1192, 269, 589, 10, 0, NULL, '2018-03-04', NULL, NULL),
(1193, 269, 592, 5, 0, NULL, '2018-03-04', NULL, NULL),
(1194, 250, 590, 10, 0, NULL, '2018-03-04', NULL, NULL),
(1195, 250, 589, 10, 0, NULL, '2018-03-04', NULL, NULL),
(1196, 250, 592, 5, 0, NULL, '2018-03-04', NULL, NULL),
(1197, 287, 681, 5, 5, NULL, '2018-03-27', NULL, NULL),
(1198, 287, 682, 5, 3, NULL, '2018-03-27', NULL, NULL),
(1199, 287, 683, 5, 2, NULL, '2018-03-27', NULL, NULL),
(1200, 287, 684, 10, 6, NULL, '2018-03-27', NULL, NULL),
(1201, 287, 685, 5, 3, NULL, '2018-03-27', NULL, NULL),
(1202, 274, 681, 5, 5, NULL, '2018-03-27', NULL, NULL),
(1203, 274, 682, 5, 5, NULL, '2018-03-27', NULL, NULL),
(1204, 274, 683, 5, 4, NULL, '2018-03-27', NULL, NULL),
(1205, 274, 684, 10, 6, NULL, '2018-03-27', NULL, NULL),
(1206, 274, 685, 5, 3, NULL, '2018-03-27', NULL, NULL),
(1207, 275, 681, 5, 4, NULL, '2018-03-27', NULL, NULL),
(1208, 275, 682, 5, 4, NULL, '2018-03-27', NULL, NULL),
(1209, 275, 683, 5, 2.5, NULL, '2018-03-27', NULL, NULL),
(1210, 275, 684, 10, 10, NULL, '2018-03-27', NULL, NULL),
(1211, 275, 685, 5, 4, NULL, '2018-03-27', NULL, NULL),
(1212, 277, 681, 5, 4, NULL, '2018-03-27', NULL, NULL),
(1213, 277, 682, 5, 5, NULL, '2018-03-27', NULL, NULL),
(1214, 277, 683, 5, 3.5, NULL, '2018-03-27', NULL, NULL),
(1215, 277, 684, 10, 5, NULL, '2018-03-27', NULL, NULL),
(1216, 277, 685, 5, 5, NULL, '2018-03-27', NULL, NULL),
(1217, 277, 689, 5, 5, NULL, '2018-03-27', NULL, NULL),
(1218, 277, 690, 5, 5, NULL, '2018-03-27', NULL, NULL),
(1219, 277, 691, 5, 3.5, NULL, '2018-03-27', NULL, NULL),
(1220, 277, 692, 10, 8, NULL, '2018-03-27', NULL, NULL),
(1221, 277, 693, 5, 4, NULL, '2018-03-27', NULL, NULL),
(1222, 287, 689, 5, 3, NULL, '2018-03-27', NULL, NULL),
(1223, 287, 690, 5, 4, NULL, '2018-03-27', NULL, NULL),
(1224, 287, 691, 5, 3.5, NULL, '2018-03-27', NULL, NULL),
(1225, 287, 692, 10, 7, NULL, '2018-03-27', NULL, NULL),
(1226, 287, 693, 5, 4, NULL, '2018-03-27', NULL, NULL),
(1227, 274, 689, 5, 5, NULL, '2018-03-27', NULL, NULL),
(1228, 274, 690, 5, 5, NULL, '2018-03-27', NULL, NULL),
(1229, 274, 691, 5, 3, NULL, '2018-03-27', NULL, NULL),
(1230, 274, 692, 10, 10, NULL, '2018-03-27', NULL, NULL),
(1231, 274, 693, 5, 5, NULL, '2018-03-27', NULL, NULL),
(1232, 278, 681, 5, 5, NULL, '2018-03-27', NULL, NULL),
(1233, 278, 682, 5, 4, NULL, '2018-03-27', NULL, NULL),
(1234, 278, 683, 5, 4, NULL, '2018-03-27', NULL, NULL),
(1235, 278, 684, 10, 4, NULL, '2018-03-27', NULL, NULL),
(1236, 278, 685, 5, 4.5, NULL, '2018-03-27', NULL, NULL),
(1237, 278, 689, 5, 2, NULL, '2018-03-27', NULL, NULL),
(1238, 278, 690, 5, 5, NULL, '2018-03-27', NULL, NULL),
(1239, 278, 691, 5, 4, NULL, '2018-03-27', NULL, NULL),
(1240, 278, 692, 10, 8, NULL, '2018-03-27', NULL, NULL),
(1241, 278, 693, 5, 3.5, NULL, '2018-03-27', NULL, NULL),
(1242, 279, 694, 10, 3, NULL, '2018-03-27', NULL, NULL),
(1243, 279, 695, 10, 7, NULL, '2018-03-27', NULL, NULL),
(1244, 281, 694, 10, 7, NULL, '2018-03-27', NULL, NULL),
(1245, 281, 695, 10, 7, NULL, '2018-03-27', NULL, NULL),
(1246, 282, 694, 10, 8, NULL, '2018-03-27', NULL, NULL),
(1247, 282, 695, 10, 6, NULL, '2018-03-27', NULL, NULL),
(1248, 279, 689, 5, 1.5, NULL, '2018-03-27', NULL, NULL),
(1249, 279, 690, 5, 4.5, NULL, '2018-03-27', NULL, NULL),
(1250, 279, 691, 5, 3, NULL, '2018-03-27', NULL, NULL),
(1251, 279, 692, 10, 8, NULL, '2018-03-27', NULL, NULL),
(1252, 279, 693, 5, 4, NULL, '2018-03-27', NULL, NULL),
(1253, 281, 681, 5, 2, NULL, '2018-03-27', NULL, NULL),
(1254, 281, 682, 5, 5, NULL, '2018-03-27', NULL, NULL),
(1255, 281, 683, 5, 2.5, NULL, '2018-03-27', NULL, NULL),
(1256, 281, 684, 10, 4, NULL, '2018-03-27', NULL, NULL),
(1257, 281, 685, 5, 4, NULL, '2018-03-27', NULL, NULL),
(1258, 237, 688, 5, 5, NULL, '2018-03-27', NULL, NULL),
(1259, 237, 687, 10, 8, NULL, '2018-03-27', NULL, NULL),
(1260, 237, 686, 10, 8, NULL, '2018-03-27', NULL, NULL),
(1261, 240, 688, 5, 5, NULL, '2018-03-27', NULL, NULL),
(1262, 240, 687, 10, 9, NULL, '2018-03-27', NULL, NULL),
(1263, 240, 686, 10, 6, NULL, '2018-03-27', NULL, NULL),
(1264, 249, 688, 5, 5, NULL, '2018-03-27', NULL, NULL),
(1265, 249, 687, 10, 5, NULL, '2018-03-27', NULL, NULL),
(1266, 249, 686, 10, 8, NULL, '2018-03-27', NULL, NULL),
(1267, 250, 688, 5, 0, NULL, '2018-03-27', NULL, NULL),
(1268, 250, 687, 10, 5, NULL, '2018-03-27', NULL, NULL),
(1269, 250, 686, 10, 4, NULL, '2018-03-27', NULL, NULL),
(1270, 239, 688, 5, 0, NULL, '2018-03-27', NULL, NULL),
(1271, 239, 687, 10, 0, NULL, '2018-03-27', NULL, NULL),
(1272, 239, 686, 10, 0, NULL, '2018-03-27', NULL, NULL),
(1273, 242, 688, 5, 0, NULL, '2018-03-27', NULL, NULL),
(1274, 242, 687, 10, 0, NULL, '2018-03-27', NULL, NULL),
(1275, 242, 686, 10, 0, NULL, '2018-03-27', NULL, NULL),
(1276, 271, 688, 5, 0, NULL, '2018-03-27', NULL, NULL),
(1277, 271, 687, 10, 0, NULL, '2018-03-27', NULL, NULL),
(1278, 271, 686, 10, 0, NULL, '2018-03-27', NULL, NULL),
(1279, 272, 688, 5, 0, NULL, '2018-03-27', NULL, NULL),
(1280, 272, 687, 10, 0, NULL, '2018-03-27', NULL, NULL),
(1281, 272, 686, 10, 0, NULL, '2018-03-27', NULL, NULL),
(1282, 286, 688, 5, 0, NULL, '2018-03-27', NULL, NULL),
(1283, 286, 687, 10, 0, NULL, '2018-03-27', NULL, NULL),
(1284, 286, 686, 10, 0, NULL, '2018-03-27', NULL, NULL),
(1285, 273, 688, 5, 0, NULL, '2018-03-27', NULL, NULL),
(1286, 273, 687, 10, 10, NULL, '2018-03-27', NULL, NULL),
(1287, 273, 686, 10, 10, NULL, '2018-03-27', NULL, NULL),
(1288, 269, 688, 5, 0, NULL, '2018-03-27', NULL, NULL),
(1289, 269, 687, 10, 10, NULL, '2018-03-27', NULL, NULL),
(1290, 269, 686, 10, 10, NULL, '2018-03-27', NULL, NULL),
(1291, 281, 689, 5, 3, NULL, '2018-05-24', NULL, NULL),
(1292, 281, 690, 5, 3.5, NULL, '2018-05-24', NULL, NULL),
(1293, 281, 691, 5, 2, NULL, '2018-05-24', NULL, NULL),
(1294, 281, 692, 10, 7, NULL, '2018-05-24', NULL, NULL),
(1295, 281, 693, 5, 3.5, NULL, '2018-05-24', NULL, NULL),
(1296, 282, 681, 5, 4, NULL, '2018-05-24', NULL, NULL),
(1297, 282, 682, 5, 4, NULL, '2018-05-24', NULL, NULL),
(1298, 282, 683, 5, 4, NULL, '2018-05-24', NULL, NULL),
(1299, 282, 684, 10, 5, NULL, '2018-05-24', NULL, NULL),
(1300, 282, 685, 5, 4, NULL, '2018-05-24', NULL, NULL),
(1301, 282, 689, 5, 3, NULL, '2018-05-24', NULL, NULL),
(1302, 282, 690, 5, 2, NULL, '2018-05-24', NULL, NULL),
(1303, 282, 691, 5, 2, NULL, '2018-05-24', NULL, NULL),
(1304, 282, 692, 10, 8, NULL, '2018-05-24', NULL, NULL),
(1305, 282, 693, 5, 4, NULL, '2018-05-24', NULL, NULL),
(1306, 283, 681, 5, 3, NULL, '2018-05-24', NULL, NULL),
(1307, 283, 682, 5, 4, NULL, '2018-05-24', NULL, NULL),
(1308, 283, 683, 5, 2, NULL, '2018-05-24', NULL, NULL),
(1309, 283, 684, 10, 4, NULL, '2018-05-24', NULL, NULL),
(1310, 283, 685, 5, 4, NULL, '2018-05-24', NULL, NULL),
(1311, 283, 689, 5, 2.5, NULL, '2018-05-24', NULL, NULL),
(1312, 283, 690, 5, 2.5, NULL, '2018-05-24', NULL, NULL),
(1313, 283, 691, 5, 2, NULL, '2018-05-24', NULL, NULL),
(1314, 283, 692, 10, 7, NULL, '2018-05-24', NULL, NULL),
(1315, 283, 693, 5, 3.5, NULL, '2018-05-24', NULL, NULL),
(1316, 224, 616, 10, 3, NULL, '2018-05-31', NULL, NULL),
(1317, 224, 620, 5, 2, NULL, '2018-05-31', NULL, NULL),
(1318, 224, 615, 5, 4.5, NULL, '2018-05-31', NULL, NULL),
(1319, 224, 623, 10, 7, NULL, '2018-05-31', NULL, NULL),
(1320, 224, 626, 5, 5, NULL, '2018-05-31', NULL, NULL),
(1321, 224, 627, 5, 2.5, NULL, '2018-05-31', NULL, NULL),
(1322, 224, 622, 10, 4, NULL, '2018-05-31', NULL, NULL),
(1323, 224, 618, 5, 3.5, NULL, '2018-05-31', NULL, NULL),
(1324, 224, 619, 10, 0, NULL, '2018-05-31', NULL, NULL),
(1325, 224, 621, 5, 0, NULL, '2018-05-31', NULL, NULL),
(1326, 224, 624, 10, 4, NULL, '2018-05-31', NULL, NULL),
(1327, 224, 625, 10, 4, NULL, '2018-05-31', NULL, NULL),
(1328, 217, 616, 10, 6, NULL, '2018-05-31', NULL, NULL),
(1329, 217, 620, 5, 1.5, NULL, '2018-05-31', NULL, NULL),
(1330, 217, 615, 5, 2.5, NULL, '2018-05-31', NULL, NULL),
(1331, 217, 623, 10, 5, NULL, '2018-05-31', NULL, NULL),
(1332, 217, 626, 5, 2, NULL, '2018-05-31', NULL, NULL),
(1333, 217, 627, 5, 5, NULL, '2018-05-31', NULL, NULL),
(1334, 217, 622, 10, 6, NULL, '2018-05-31', NULL, NULL),
(1335, 217, 618, 5, 3.5, NULL, '2018-05-31', NULL, NULL),
(1336, 217, 619, 10, 3, NULL, '2018-05-31', NULL, NULL),
(1337, 217, 621, 5, 5, NULL, '2018-05-31', NULL, NULL),
(1338, 217, 624, 10, 1, NULL, '2018-05-31', NULL, NULL),
(1339, 217, 625, 10, 4, NULL, '2018-05-31', NULL, NULL),
(1340, 211, 616, 10, 8, NULL, '2018-05-31', NULL, NULL),
(1341, 211, 617, 10, 8, NULL, '2018-05-31', NULL, NULL),
(1342, 211, 620, 5, 2.5, NULL, '2018-05-31', NULL, NULL),
(1343, 211, 615, 5, 5, NULL, '2018-05-31', NULL, NULL),
(1344, 211, 623, 10, 6, NULL, '2018-05-31', NULL, NULL),
(1345, 211, 626, 5, 5, NULL, '2018-05-31', NULL, NULL),
(1346, 211, 627, 5, 3.5, NULL, '2018-05-31', NULL, NULL),
(1347, 211, 622, 10, 7, NULL, '2018-05-31', NULL, NULL),
(1348, 211, 618, 5, 4, NULL, '2018-05-31', NULL, NULL),
(1349, 211, 619, 10, 7, NULL, '2018-05-31', NULL, NULL),
(1350, 211, 621, 5, 5, NULL, '2018-05-31', NULL, NULL),
(1351, 211, 624, 10, 3, NULL, '2018-05-31', NULL, NULL),
(1352, 211, 625, 10, 3, NULL, '2018-05-31', NULL, NULL),
(1353, 287, 694, 10, 4, NULL, '2018-05-31', NULL, NULL),
(1354, 287, 695, 10, 8, NULL, '2018-05-31', NULL, NULL),
(1355, 274, 694, 10, 6, NULL, '2018-05-31', NULL, NULL),
(1356, 274, 695, 10, 6, NULL, '2018-05-31', NULL, NULL),
(1357, 275, 694, 10, 4, NULL, '2018-05-31', NULL, NULL),
(1358, 275, 695, 10, 6, NULL, '2018-05-31', NULL, NULL),
(1359, 277, 694, 10, 2, NULL, '2018-05-31', NULL, NULL),
(1360, 277, 695, 10, 4, NULL, '2018-05-31', NULL, NULL),
(1361, 278, 694, 10, 7, NULL, '2018-05-31', NULL, NULL),
(1362, 278, 695, 10, 7, NULL, '2018-05-31', NULL, NULL),
(1363, 283, 694, 10, 8, NULL, '2018-05-31', NULL, NULL),
(1364, 283, 695, 10, 6, NULL, '2018-05-31', NULL, NULL),
(1365, 277, 716, 10, 10, NULL, '2018-05-31', NULL, NULL),
(1366, 277, 718, 5, 5, NULL, '2018-05-31', NULL, NULL),
(1367, 278, 716, 10, 10, NULL, '2018-05-31', NULL, NULL),
(1368, 278, 718, 5, 4, NULL, '2018-05-31', NULL, NULL),
(1369, 279, 716, 10, 7, NULL, '2018-05-31', NULL, NULL),
(1370, 279, 718, 5, 3.5, NULL, '2018-05-31', NULL, NULL),
(1371, 281, 716, 10, 7, NULL, '2018-05-31', NULL, NULL),
(1372, 281, 718, 5, 5, NULL, '2018-05-31', NULL, NULL),
(1373, 274, 716, 10, 10, NULL, '2018-05-31', NULL, NULL),
(1374, 274, 718, 5, 3.5, NULL, '2018-05-31', NULL, NULL),
(1375, 275, 716, 10, 7, NULL, '2018-05-31', NULL, NULL),
(1376, 275, 718, 5, 3.5, NULL, '2018-05-31', NULL, NULL),
(1377, 283, 716, 10, 10, NULL, '2018-05-31', NULL, NULL),
(1378, 283, 718, 5, 3.5, NULL, '2018-05-31', NULL, NULL),
(1379, 287, 716, 10, 7, NULL, '2018-05-31', NULL, NULL),
(1380, 287, 718, 5, 3.5, NULL, '2018-05-31', NULL, NULL),
(1381, 279, 681, 5, 2.5, NULL, '2018-05-31', NULL, NULL),
(1382, 279, 682, 5, 2.5, NULL, '2018-05-31', NULL, NULL),
(1383, 279, 683, 5, 2, NULL, '2018-05-31', NULL, NULL),
(1384, 279, 684, 10, 7, NULL, '2018-05-31', NULL, NULL),
(1385, 279, 685, 5, 3.5, NULL, '2018-05-31', NULL, NULL),
(1386, 245, 601, 20, 16, NULL, '2018-05-31', NULL, NULL),
(1387, 245, 597, 10, 7, NULL, '2018-05-31', NULL, NULL),
(1388, 245, 598, 10, 10, NULL, '2018-05-31', NULL, NULL),
(1389, 245, 599, 10, 10, NULL, '2018-05-31', NULL, NULL),
(1390, 245, 600, 5, 2.5, NULL, '2018-05-31', NULL, NULL),
(1391, 243, 601, 20, 12, NULL, '2018-05-31', NULL, NULL),
(1392, 243, 597, 10, 7, NULL, '2018-05-31', NULL, NULL),
(1393, 243, 598, 10, 8, NULL, '2018-05-31', NULL, NULL),
(1394, 243, 599, 10, 6, NULL, '2018-05-31', NULL, NULL),
(1395, 243, 600, 5, 5, NULL, '2018-05-31', NULL, NULL),
(1396, 284, 601, 20, 14, NULL, '2018-05-31', NULL, NULL),
(1397, 284, 597, 10, 7, NULL, '2018-05-31', NULL, NULL),
(1398, 284, 598, 10, 8, NULL, '2018-05-31', NULL, NULL),
(1399, 284, 599, 10, 6, NULL, '2018-05-31', NULL, NULL),
(1400, 284, 600, 5, 2.5, NULL, '2018-05-31', NULL, NULL),
(1401, 241, 601, 20, 8, NULL, '2018-05-31', NULL, NULL),
(1402, 241, 597, 10, 8, NULL, '2018-05-31', NULL, NULL),
(1403, 241, 598, 10, 8, NULL, '2018-05-31', NULL, NULL),
(1404, 241, 599, 10, 0, NULL, '2018-05-31', NULL, NULL),
(1405, 241, 600, 5, 2, NULL, '2018-05-31', NULL, NULL),
(1406, 207, 601, 20, 16, NULL, '2018-05-31', NULL, NULL),
(1407, 207, 597, 10, 7, NULL, '2018-05-31', NULL, NULL),
(1408, 207, 598, 10, 6, NULL, '2018-05-31', NULL, NULL),
(1409, 207, 599, 10, 10, NULL, '2018-05-31', NULL, NULL),
(1410, 207, 600, 5, 4, NULL, '2018-05-31', NULL, NULL),
(1411, 285, 601, 20, 8, NULL, '2018-05-31', NULL, NULL),
(1412, 285, 597, 10, 6, NULL, '2018-05-31', NULL, NULL),
(1413, 285, 598, 10, 8, NULL, '2018-05-31', NULL, NULL),
(1414, 285, 599, 10, 8, NULL, '2018-05-31', NULL, NULL),
(1415, 285, 600, 5, 0, NULL, '2018-05-31', NULL, NULL),
(1416, 248, 601, 20, 4, NULL, '2018-05-31', NULL, NULL),
(1417, 248, 597, 10, 8, NULL, '2018-05-31', NULL, NULL),
(1418, 248, 598, 10, 7, NULL, '2018-05-31', NULL, NULL),
(1419, 248, 599, 10, 0, NULL, '2018-05-31', NULL, NULL),
(1420, 248, 600, 5, 2, NULL, '2018-05-31', NULL, NULL),
(1421, 232, 701, 10, 4, NULL, '2018-06-13', NULL, NULL),
(1422, 232, 702, 10, 7, NULL, '2018-06-13', NULL, NULL),
(1423, 232, 700, 10, 4, NULL, '2018-06-13', NULL, NULL),
(1424, 237, 701, 10, 4, NULL, '2018-06-13', NULL, NULL),
(1425, 237, 702, 10, 7, NULL, '2018-06-13', NULL, NULL),
(1426, 237, 700, 10, 6, NULL, '2018-06-13', NULL, NULL),
(1427, 238, 701, 10, 8, NULL, '2018-06-13', NULL, NULL),
(1428, 238, 702, 10, 7, NULL, '2018-06-13', NULL, NULL),
(1429, 238, 700, 10, 7, NULL, '2018-06-13', NULL, NULL),
(1430, 239, 701, 10, 8, NULL, '2018-06-13', NULL, NULL),
(1431, 239, 702, 10, 8, NULL, '2018-06-13', NULL, NULL),
(1432, 239, 700, 10, 6, NULL, '2018-06-13', NULL, NULL),
(1433, 242, 701, 10, 7, NULL, '2018-06-13', NULL, NULL),
(1434, 242, 702, 10, 8, NULL, '2018-06-13', NULL, NULL),
(1435, 242, 700, 10, 7, NULL, '2018-06-13', NULL, NULL),
(1436, 249, 701, 10, 8, NULL, '2018-06-13', NULL, NULL),
(1437, 249, 702, 10, 7, NULL, '2018-06-13', NULL, NULL),
(1438, 249, 700, 10, 6, NULL, '2018-06-13', NULL, NULL),
(1439, 250, 701, 10, 6, NULL, '2018-06-13', NULL, NULL),
(1440, 250, 702, 10, 5, NULL, '2018-06-13', NULL, NULL),
(1441, 250, 700, 10, 5, NULL, '2018-06-13', NULL, NULL),
(1442, 269, 701, 10, 8, NULL, '2018-06-13', NULL, NULL),
(1443, 269, 702, 10, 8, NULL, '2018-06-13', NULL, NULL),
(1444, 269, 700, 10, 4, NULL, '2018-06-13', NULL, NULL),
(1445, 272, 701, 10, 8, NULL, '2018-06-13', NULL, NULL),
(1446, 272, 702, 10, 8, NULL, '2018-06-13', NULL, NULL),
(1447, 272, 700, 10, 5, NULL, '2018-06-13', NULL, NULL),
(1448, 273, 701, 10, 4, NULL, '2018-06-13', NULL, NULL),
(1449, 273, 702, 10, 6, NULL, '2018-06-13', NULL, NULL),
(1450, 273, 700, 10, 5, NULL, '2018-06-13', NULL, NULL),
(1451, 288, 701, 10, 6, NULL, '2018-06-13', NULL, NULL),
(1452, 288, 702, 10, 7, NULL, '2018-06-13', NULL, NULL),
(1453, 288, 700, 10, 8, NULL, '2018-06-13', NULL, NULL),
(1454, 237, 704, 10, 4, NULL, '2018-06-13', NULL, NULL),
(1455, 237, 705, 5, 3.5, NULL, '2018-06-13', NULL, NULL),
(1456, 237, 706, 5, 3, NULL, '2018-06-13', NULL, NULL),
(1457, 237, 703, 10, 4, NULL, '2018-06-13', NULL, NULL),
(1458, 238, 705, 5, 3.5, NULL, '2018-06-13', NULL, NULL),
(1459, 238, 706, 5, 4, NULL, '2018-06-13', NULL, NULL),
(1460, 238, 703, 10, 8, NULL, '2018-06-13', NULL, NULL),
(1461, 239, 704, 10, 7, NULL, '2018-06-13', NULL, NULL),
(1462, 239, 705, 5, 3.5, NULL, '2018-06-13', NULL, NULL),
(1463, 239, 706, 5, 3.5, NULL, '2018-06-13', NULL, NULL),
(1464, 239, 703, 10, 4, NULL, '2018-06-13', NULL, NULL),
(1465, 240, 704, 10, 8, NULL, '2018-06-13', NULL, NULL),
(1466, 240, 705, 5, 3.5, NULL, '2018-06-13', NULL, NULL),
(1467, 240, 706, 5, 4, NULL, '2018-06-13', NULL, NULL),
(1468, 240, 703, 10, 6, NULL, '2018-06-13', NULL, NULL),
(1469, 273, 704, 10, 8, NULL, '2018-06-13', NULL, NULL),
(1470, 273, 705, 5, 3.5, NULL, '2018-06-13', NULL, NULL),
(1471, 273, 706, 5, 4, NULL, '2018-06-13', NULL, NULL),
(1472, 273, 703, 10, 5, NULL, '2018-06-13', NULL, NULL),
(1473, 287, 729, 10, 7, NULL, '2018-06-17', NULL, NULL),
(1474, 287, 730, 5, 2, NULL, '2018-06-17', NULL, NULL),
(1475, 287, 731, 5, 3.5, NULL, '2018-06-17', NULL, NULL),
(1476, 287, 732, 5, 3.5, NULL, '2018-06-17', NULL, NULL),
(1477, 287, 733, 20, 8, NULL, '2018-06-17', NULL, NULL),
(1478, 287, 734, 10, 0, NULL, '2018-06-17', NULL, NULL),
(1479, 287, 735, 10, 7, NULL, '2018-06-17', NULL, NULL),
(1480, 275, 729, 10, 7, NULL, '2018-06-17', NULL, NULL),
(1481, 275, 730, 5, 5, NULL, '2018-06-17', NULL, NULL),
(1482, 275, 731, 5, 0, NULL, '2018-06-17', NULL, NULL),
(1483, 275, 732, 5, 3.5, NULL, '2018-06-17', NULL, NULL),
(1484, 275, 733, 20, 8, NULL, '2018-06-17', NULL, NULL),
(1485, 275, 734, 10, 4, NULL, '2018-06-17', NULL, NULL),
(1486, 275, 735, 10, 4, NULL, '2018-06-17', NULL, NULL),
(1487, 281, 729, 10, 10, NULL, '2018-06-17', NULL, NULL),
(1488, 281, 730, 5, 5, NULL, '2018-06-17', NULL, NULL),
(1489, 281, 731, 5, 3.5, NULL, '2018-06-17', NULL, NULL),
(1490, 281, 732, 5, 0, NULL, '2018-06-17', NULL, NULL),
(1491, 281, 733, 20, 0, NULL, '2018-06-17', NULL, NULL),
(1492, 281, 734, 10, 7, NULL, '2018-06-17', NULL, NULL),
(1493, 281, 735, 10, 10, NULL, '2018-06-17', NULL, NULL),
(1494, 274, 729, 10, 10, NULL, '2018-06-17', NULL, NULL),
(1495, 274, 730, 5, 5, NULL, '2018-06-17', NULL, NULL),
(1496, 274, 731, 5, 0, NULL, '2018-06-17', NULL, NULL),
(1497, 274, 732, 5, 5, NULL, '2018-06-17', NULL, NULL),
(1498, 274, 733, 20, 14, NULL, '2018-06-17', NULL, NULL),
(1499, 274, 734, 10, 0, NULL, '2018-06-17', NULL, NULL),
(1500, 274, 735, 10, 7, NULL, '2018-06-17', NULL, NULL),
(1501, 279, 729, 10, 10, NULL, '2018-06-17', NULL, NULL),
(1502, 279, 730, 5, 5, NULL, '2018-06-17', NULL, NULL),
(1503, 279, 731, 5, 3.5, NULL, '2018-06-17', NULL, NULL),
(1504, 279, 732, 5, 2, NULL, '2018-06-17', NULL, NULL),
(1505, 279, 733, 20, 14, NULL, '2018-06-17', NULL, NULL),
(1506, 279, 734, 10, 7, NULL, '2018-06-17', NULL, NULL),
(1507, 279, 735, 10, 7, NULL, '2018-06-17', NULL, NULL),
(1508, 282, 729, 10, 10, NULL, '2018-06-17', NULL, NULL),
(1509, 282, 730, 5, 3.5, NULL, '2018-06-17', NULL, NULL),
(1510, 282, 731, 5, 2, NULL, '2018-06-17', NULL, NULL),
(1511, 282, 732, 5, 3.5, NULL, '2018-06-17', NULL, NULL),
(1512, 282, 733, 20, 14, NULL, '2018-06-17', NULL, NULL),
(1513, 282, 734, 10, 0, NULL, '2018-06-17', NULL, NULL),
(1514, 282, 735, 10, 4, NULL, '2018-06-17', NULL, NULL),
(1515, 278, 729, 10, 7, NULL, '2018-06-17', NULL, NULL),
(1516, 278, 730, 5, 2, NULL, '2018-06-17', NULL, NULL),
(1517, 278, 731, 5, 3.5, NULL, '2018-06-17', NULL, NULL),
(1518, 278, 732, 5, 0, NULL, '2018-06-17', NULL, NULL),
(1519, 278, 733, 20, 16, NULL, '2018-06-17', NULL, NULL),
(1520, 278, 734, 10, 0, NULL, '2018-06-17', NULL, NULL),
(1521, 278, 735, 10, 4, NULL, '2018-06-17', NULL, NULL),
(1522, 283, 729, 10, 10, NULL, '2018-06-17', NULL, NULL),
(1523, 283, 730, 5, 5, NULL, '2018-06-17', NULL, NULL),
(1524, 283, 731, 5, 3.5, NULL, '2018-06-17', NULL, NULL),
(1525, 283, 732, 5, 2, NULL, '2018-06-17', NULL, NULL),
(1526, 283, 733, 20, 14, NULL, '2018-06-17', NULL, NULL),
(1527, 283, 734, 10, 7, NULL, '2018-06-17', NULL, NULL),
(1528, 283, 735, 10, 4, NULL, '2018-06-17', NULL, NULL),
(1529, 277, 729, 10, 10, NULL, '2018-06-17', NULL, NULL),
(1530, 277, 730, 5, 5, NULL, '2018-06-17', NULL, NULL),
(1531, 277, 731, 5, 5, NULL, '2018-06-17', NULL, NULL),
(1532, 277, 732, 5, 3.5, NULL, '2018-06-17', NULL, NULL),
(1533, 277, 733, 20, 16, NULL, '2018-06-17', NULL, NULL),
(1534, 277, 734, 10, 7, NULL, '2018-06-17', NULL, NULL),
(1535, 277, 735, 10, 0, NULL, '2018-06-17', NULL, NULL),
(1536, 287, 722, 10, 0, NULL, '2018-06-17', NULL, NULL),
(1537, 287, 723, 10, 0, NULL, '2018-06-17', NULL, NULL),
(1538, 287, 724, 10, 0, NULL, '2018-06-17', NULL, NULL),
(1539, 274, 722, 10, 7, NULL, '2018-06-17', NULL, NULL),
(1540, 274, 723, 10, 7, NULL, '2018-06-17', NULL, NULL),
(1541, 274, 724, 10, 10, NULL, '2018-06-17', NULL, NULL),
(1542, 277, 722, 10, 4, NULL, '2018-06-17', NULL, NULL),
(1543, 277, 723, 10, 4, NULL, '2018-06-17', NULL, NULL),
(1544, 277, 724, 10, 7, NULL, '2018-06-17', NULL, NULL),
(1545, 278, 722, 10, 7, NULL, '2018-06-17', NULL, NULL),
(1546, 278, 723, 10, 4, NULL, '2018-06-17', NULL, NULL),
(1547, 278, 724, 10, 10, NULL, '2018-06-17', NULL, NULL),
(1548, 279, 722, 10, 10, NULL, '2018-06-17', NULL, NULL),
(1549, 279, 723, 10, 4, NULL, '2018-06-17', NULL, NULL),
(1550, 279, 724, 10, 7, NULL, '2018-06-17', NULL, NULL),
(1551, 281, 722, 10, 7, NULL, '2018-06-17', NULL, NULL),
(1552, 281, 723, 10, 4, NULL, '2018-06-17', NULL, NULL),
(1553, 281, 724, 10, 7, NULL, '2018-06-17', NULL, NULL),
(1554, 282, 722, 10, 4, NULL, '2018-06-17', NULL, NULL),
(1555, 282, 723, 10, 7, NULL, '2018-06-17', NULL, NULL),
(1556, 282, 724, 10, 7, NULL, '2018-06-17', NULL, NULL),
(1557, 283, 722, 10, 0, NULL, '2018-06-17', NULL, NULL),
(1558, 283, 723, 10, 4, NULL, '2018-06-17', NULL, NULL),
(1559, 283, 724, 10, 7, NULL, '2018-06-17', NULL, NULL),
(1560, 250, 726, 10, 7, NULL, '2018-06-17', NULL, NULL),
(1561, 250, 736, 10, 10, NULL, '2018-06-17', NULL, NULL),
(1562, 240, 726, 10, 7, NULL, '2018-06-17', NULL, NULL),
(1563, 240, 736, 10, 10, NULL, '2018-06-17', NULL, NULL),
(1564, 242, 726, 10, 7, NULL, '2018-06-17', NULL, NULL),
(1565, 242, 736, 10, 7, NULL, '2018-06-17', NULL, NULL),
(1566, 288, 726, 10, 7, NULL, '2018-06-17', NULL, NULL),
(1567, 288, 736, 10, 4, NULL, '2018-06-17', NULL, NULL),
(1568, 272, 726, 10, 7, NULL, '2018-06-17', NULL, NULL),
(1569, 272, 736, 10, 10, NULL, '2018-06-17', NULL, NULL),
(1570, 249, 726, 10, 8, NULL, '2018-06-17', NULL, NULL),
(1571, 249, 736, 10, 10, NULL, '2018-06-17', NULL, NULL),
(1572, 286, 726, 10, 7, NULL, '2018-06-17', NULL, NULL),
(1573, 286, 736, 10, 10, NULL, '2018-06-17', NULL, NULL),
(1574, 238, 726, 10, 7, NULL, '2018-06-17', NULL, NULL),
(1575, 238, 736, 10, 10, NULL, '2018-06-17', NULL, NULL),
(1576, 239, 726, 10, 7, NULL, '2018-06-17', NULL, NULL),
(1577, 239, 736, 10, 7, NULL, '2018-06-17', NULL, NULL),
(1578, 240, 715, 20, 8, NULL, '2018-06-17', NULL, NULL),
(1579, 240, 711, 10, 4, NULL, '2018-06-17', NULL, NULL),
(1580, 240, 713, 10, 10, NULL, '2018-06-17', NULL, NULL),
(1581, 249, 715, 20, 8, NULL, '2018-06-17', NULL, NULL),
(1582, 249, 711, 10, 7, NULL, '2018-06-17', NULL, NULL),
(1583, 249, 713, 10, 10, NULL, '2018-06-17', NULL, NULL),
(1584, 269, 715, 20, 8, NULL, '2018-06-17', NULL, NULL),
(1585, 269, 711, 10, 4, NULL, '2018-06-17', NULL, NULL),
(1586, 269, 713, 10, 7, NULL, '2018-06-17', NULL, NULL),
(1587, 272, 715, 20, 8, NULL, '2018-06-17', NULL, NULL),
(1588, 272, 711, 10, 7, NULL, '2018-06-17', NULL, NULL),
(1589, 272, 713, 10, 4, NULL, '2018-06-17', NULL, NULL),
(1590, 288, 715, 20, 8, NULL, '2018-06-17', NULL, NULL),
(1591, 288, 711, 10, 4, NULL, '2018-06-17', NULL, NULL),
(1592, 288, 713, 10, 7, NULL, '2018-06-17', NULL, NULL),
(1593, 239, 715, 20, 8, NULL, '2018-06-17', NULL, NULL),
(1594, 239, 711, 10, 4, NULL, '2018-06-17', NULL, NULL),
(1595, 239, 713, 10, 10, NULL, '2018-06-17', NULL, NULL),
(1596, 273, 715, 20, 8, NULL, '2018-06-17', NULL, NULL),
(1597, 273, 711, 10, 4, NULL, '2018-06-17', NULL, NULL),
(1598, 273, 713, 10, 4, NULL, '2018-06-17', NULL, NULL),
(1599, 211, 707, 5, 5, NULL, '2018-06-17', NULL, NULL),
(1600, 211, 708, 10, 7, NULL, '2018-06-17', NULL, NULL),
(1601, 211, 709, 10, 10, NULL, '2018-06-17', NULL, NULL),
(1602, 211, 710, 5, 2, NULL, '2018-06-17', NULL, NULL),
(1603, 224, 707, 5, 5, NULL, '2018-06-17', NULL, NULL),
(1604, 224, 708, 10, 10, NULL, '2018-06-17', NULL, NULL),
(1605, 224, 709, 10, 10, NULL, '2018-06-17', NULL, NULL),
(1606, 224, 710, 5, 3.5, NULL, '2018-06-17', NULL, NULL),
(1607, 247, 707, 5, 5, NULL, '2018-06-17', NULL, NULL),
(1608, 247, 708, 10, 4, NULL, '2018-06-17', NULL, NULL),
(1609, 247, 709, 10, 4, NULL, '2018-06-17', NULL, NULL),
(1610, 247, 710, 5, 2, NULL, '2018-06-17', NULL, NULL),
(1611, 241, 719, 10, 4, NULL, '2018-06-17', NULL, NULL),
(1612, 241, 720, 5, 3.5, NULL, '2018-06-17', NULL, NULL),
(1613, 241, 721, 10, 7, NULL, '2018-06-17', NULL, NULL),
(1614, 248, 719, 10, 4, NULL, '2018-06-17', NULL, NULL),
(1615, 248, 720, 5, 3.5, NULL, '2018-06-17', NULL, NULL),
(1616, 248, 721, 10, 7, NULL, '2018-06-17', NULL, NULL),
(1617, 207, 719, 10, 4, NULL, '2018-06-17', NULL, NULL),
(1618, 207, 720, 5, 2, NULL, '2018-06-17', NULL, NULL),
(1619, 207, 721, 10, 7, NULL, '2018-06-17', NULL, NULL),
(1620, 243, 719, 10, 0, NULL, '2018-06-17', NULL, NULL),
(1621, 243, 720, 5, 3.5, NULL, '2018-06-17', NULL, NULL),
(1622, 243, 721, 10, 7, NULL, '2018-06-17', NULL, NULL),
(1623, 284, 719, 10, 0, NULL, '2018-06-17', NULL, NULL),
(1624, 284, 720, 5, 0, NULL, '2018-06-17', NULL, NULL),
(1625, 284, 721, 10, 7, NULL, '2018-06-17', NULL, NULL),
(1626, 285, 719, 10, 0, NULL, '2018-06-17', NULL, NULL),
(1627, 285, 720, 5, 2, NULL, '2018-06-17', NULL, NULL),
(1628, 285, 721, 10, 7, NULL, '2018-06-17', NULL, NULL),
(1629, 245, 719, 10, 0, NULL, '2018-06-17', NULL, NULL),
(1630, 245, 720, 5, 0, NULL, '2018-06-17', NULL, NULL),
(1631, 245, 721, 10, 7, NULL, '2018-06-17', NULL, NULL),
(1632, 241, 728, 10, 4, NULL, '2018-06-17', NULL, NULL),
(1633, 241, 739, 10, 4, NULL, '2018-06-17', NULL, NULL),
(1634, 207, 728, 10, 7, NULL, '2018-06-17', NULL, NULL),
(1635, 207, 739, 10, 4, NULL, '2018-06-17', NULL, NULL),
(1636, 243, 728, 10, 7, NULL, '2018-06-17', NULL, NULL),
(1637, 243, 739, 10, 7, NULL, '2018-06-17', NULL, NULL),
(1638, 284, 728, 10, 4, NULL, '2018-06-17', NULL, NULL),
(1639, 284, 739, 10, 4, NULL, '2018-06-17', NULL, NULL),
(1640, 245, 728, 10, 7, NULL, '2018-06-17', NULL, NULL),
(1641, 245, 739, 10, 4, NULL, '2018-06-17', NULL, NULL),
(1642, 285, 728, 10, 4, NULL, '2018-06-17', NULL, NULL),
(1643, 285, 739, 10, 7, NULL, '2018-06-17', NULL, NULL),
(1644, 217, 707, 5, 0, NULL, '2018-06-17', NULL, NULL),
(1645, 217, 708, 10, 0, NULL, '2018-06-17', NULL, NULL),
(1646, 217, 709, 10, 0, NULL, '2018-06-17', NULL, NULL),
(1647, 217, 710, 5, 0, NULL, '2018-06-17', NULL, NULL),
(1648, 248, 728, 10, 7, NULL, '2018-06-17', NULL, NULL),
(1649, 248, 739, 10, 4, NULL, '2018-06-17', NULL, NULL),
(1650, 207, 727, 5, 5, NULL, '2018-06-17', NULL, NULL),
(1651, 207, 741, 5, 5, NULL, '2018-06-17', NULL, NULL),
(1652, 207, 742, 5, 2, NULL, '2018-06-17', NULL, NULL),
(1653, 207, 740, 5, 3.5, NULL, '2018-06-17', NULL, NULL),
(1654, 243, 727, 5, 5, NULL, '2018-06-17', NULL, NULL),
(1655, 243, 741, 5, 5, NULL, '2018-06-17', NULL, NULL),
(1656, 243, 742, 5, 5, NULL, '2018-06-17', NULL, NULL),
(1657, 243, 740, 5, 5, NULL, '2018-06-17', NULL, NULL),
(1658, 284, 727, 5, 5, NULL, '2018-06-17', NULL, NULL),
(1659, 284, 741, 5, 5, NULL, '2018-06-17', NULL, NULL),
(1660, 284, 742, 5, 3.5, NULL, '2018-06-17', NULL, NULL),
(1661, 284, 740, 5, 5, NULL, '2018-06-17', NULL, NULL),
(1662, 245, 727, 5, 5, NULL, '2018-06-17', NULL, NULL),
(1663, 245, 741, 5, 5, NULL, '2018-06-17', NULL, NULL),
(1664, 245, 742, 5, 5, NULL, '2018-06-17', NULL, NULL),
(1665, 245, 740, 5, 5, NULL, '2018-06-17', NULL, NULL),
(1666, 207, 743, 5, 5, NULL, '2018-06-17', NULL, NULL),
(1667, 243, 743, 5, 5, NULL, '2018-06-17', NULL, NULL),
(1668, 284, 743, 5, 5, NULL, '2018-06-17', NULL, NULL),
(1669, 245, 743, 5, 2, NULL, '2018-06-17', NULL, NULL),
(1670, 285, 727, 5, 5, NULL, '2018-06-17', NULL, NULL),
(1671, 285, 741, 5, 5, NULL, '2018-06-17', NULL, NULL),
(1672, 285, 742, 5, 5, NULL, '2018-06-17', NULL, NULL),
(1673, 285, 743, 5, 2, NULL, '2018-06-17', NULL, NULL),
(1674, 285, 740, 5, 5, NULL, '2018-06-17', NULL, NULL),
(1675, 248, 727, 5, 0, NULL, '2018-06-17', NULL, NULL),
(1676, 248, 741, 5, 5, NULL, '2018-06-17', NULL, NULL),
(1677, 248, 742, 5, 2, NULL, '2018-06-17', NULL, NULL),
(1678, 248, 743, 5, 2, NULL, '2018-06-17', NULL, NULL),
(1679, 248, 740, 5, 5, NULL, '2018-06-17', NULL, NULL),
(1680, 241, 727, 5, 0, NULL, '2018-06-17', NULL, NULL),
(1681, 241, 741, 5, 5, NULL, '2018-06-17', NULL, NULL),
(1682, 241, 742, 5, 5, NULL, '2018-06-17', NULL, NULL),
(1683, 241, 743, 5, 0, NULL, '2018-06-17', NULL, NULL),
(1684, 241, 740, 5, 5, NULL, '2018-06-17', NULL, NULL),
(1685, 247, 616, 10, 4, NULL, '2018-06-19', NULL, NULL),
(1686, 247, 617, 10, 4, NULL, '2018-06-19', NULL, NULL),
(1687, 247, 620, 5, 2, NULL, '2018-06-19', NULL, NULL),
(1688, 247, 615, 5, 5, NULL, '2018-06-19', NULL, NULL),
(1689, 247, 623, 10, 7, NULL, '2018-06-19', NULL, NULL),
(1690, 247, 626, 5, 5, NULL, '2018-06-19', NULL, NULL),
(1691, 247, 627, 5, 3.5, NULL, '2018-06-19', NULL, NULL),
(1692, 247, 622, 10, 5, NULL, '2018-06-19', NULL, NULL),
(1693, 247, 618, 5, 5, NULL, '2018-06-19', NULL, NULL),
(1694, 247, 619, 10, 4, NULL, '2018-06-19', NULL, NULL),
(1695, 247, 621, 5, 5, NULL, '2018-06-19', NULL, NULL),
(1696, 247, 624, 10, 4, NULL, '2018-06-19', NULL, NULL),
(1697, 247, 625, 10, 6, NULL, '2018-06-19', NULL, NULL),
(1698, 250, 704, 10, 0, NULL, '2018-06-20', NULL, NULL),
(1699, 250, 705, 5, 0, NULL, '2018-06-20', NULL, NULL),
(1700, 250, 706, 5, 0, NULL, '2018-06-20', NULL, NULL),
(1701, 250, 703, 10, 0, NULL, '2018-06-20', NULL, NULL),
(1702, 250, 715, 20, 0, NULL, '2018-06-20', NULL, NULL),
(1703, 250, 711, 10, 0, NULL, '2018-06-20', NULL, NULL),
(1704, 250, 713, 10, 0, NULL, '2018-06-20', NULL, NULL),
(1705, 237, 726, 10, 0, NULL, '2018-06-20', NULL, NULL),
(1706, 237, 736, 10, 0, NULL, '2018-06-20', NULL, NULL),
(1707, 242, 704, 10, 0, NULL, '2018-06-20', NULL, NULL),
(1708, 242, 705, 5, 0, NULL, '2018-06-20', NULL, NULL),
(1709, 242, 706, 5, 0, NULL, '2018-06-20', NULL, NULL),
(1710, 242, 703, 10, 0, NULL, '2018-06-20', NULL, NULL),
(1711, 242, 715, 20, 0, NULL, '2018-06-20', NULL, NULL),
(1712, 242, 711, 10, 0, NULL, '2018-06-20', NULL, NULL),
(1713, 242, 713, 10, 0, NULL, '2018-06-20', NULL, NULL),
(1714, 232, 704, 10, 0, NULL, '2018-06-20', NULL, NULL),
(1715, 232, 705, 5, 0, NULL, '2018-06-20', NULL, NULL),
(1716, 232, 706, 5, 0, NULL, '2018-06-20', NULL, NULL),
(1717, 232, 703, 10, 0, NULL, '2018-06-20', NULL, NULL),
(1718, 232, 715, 20, 0, NULL, '2018-06-20', NULL, NULL),
(1719, 232, 711, 10, 0, NULL, '2018-06-20', NULL, NULL),
(1720, 232, 713, 10, 0, NULL, '2018-06-20', NULL, NULL),
(1721, 232, 726, 10, 0, NULL, '2018-06-20', NULL, NULL),
(1722, 232, 736, 10, 0, NULL, '2018-06-20', NULL, NULL),
(1723, 232, 688, 5, 0, NULL, '2018-06-20', NULL, NULL),
(1724, 232, 687, 10, 0, NULL, '2018-06-20', NULL, NULL),
(1725, 232, 686, 10, 0, NULL, '2018-06-20', NULL, NULL),
(1726, 271, 726, 10, 0, NULL, '2018-06-20', NULL, NULL),
(1727, 271, 736, 10, 0, NULL, '2018-06-20', NULL, NULL),
(1728, 271, 701, 10, 0, NULL, '2018-06-20', NULL, NULL),
(1729, 271, 702, 10, 0, NULL, '2018-06-20', NULL, NULL),
(1730, 271, 700, 10, 0, NULL, '2018-06-20', NULL, NULL),
(1731, 271, 704, 10, 0, NULL, '2018-06-20', NULL, NULL),
(1732, 271, 705, 5, 0, NULL, '2018-06-20', NULL, NULL),
(1733, 271, 706, 5, 0, NULL, '2018-06-20', NULL, NULL),
(1734, 271, 703, 10, 0, NULL, '2018-06-20', NULL, NULL),
(1735, 271, 715, 20, 0, NULL, '2018-06-20', NULL, NULL),
(1736, 271, 711, 10, 0, NULL, '2018-06-20', NULL, NULL),
(1737, 271, 713, 10, 0, NULL, '2018-06-20', NULL, NULL),
(1738, 238, 715, 20, 0, NULL, '2018-06-20', NULL, NULL),
(1739, 238, 711, 10, 0, NULL, '2018-06-20', NULL, NULL),
(1740, 238, 713, 10, 0, NULL, '2018-06-20', NULL, NULL),
(1741, 286, 701, 10, 0, NULL, '2018-06-20', NULL, NULL),
(1742, 286, 702, 10, 0, NULL, '2018-06-20', NULL, NULL),
(1743, 286, 700, 10, 0, NULL, '2018-06-20', NULL, NULL),
(1744, 286, 704, 10, 0, NULL, '2018-06-20', NULL, NULL),
(1745, 286, 705, 5, 0, NULL, '2018-06-20', NULL, NULL),
(1746, 286, 706, 5, 0, NULL, '2018-06-20', NULL, NULL),
(1747, 286, 703, 10, 0, NULL, '2018-06-20', NULL, NULL),
(1748, 286, 715, 20, 0, NULL, '2018-06-20', NULL, NULL),
(1749, 286, 711, 10, 0, NULL, '2018-06-20', NULL, NULL),
(1750, 286, 713, 10, 0, NULL, '2018-06-20', NULL, NULL),
(1751, 290, 757, 5, 5, 'M', '2018-10-02', NULL, NULL),
(1752, 290, 759, 5, 5, 'M', '2018-10-02', NULL, NULL),
(1753, 291, 757, 5, 5, 'M', '2018-10-02', NULL, NULL),
(1754, 291, 759, 5, 5, 'M', '2018-10-02', NULL, NULL),
(1755, 292, 757, 5, 5, 'M', '2018-10-02', NULL, NULL),
(1756, 292, 759, 5, 3.5, 'A', '2018-10-02', NULL, NULL),
(1757, 293, 757, 5, 5, 'M', '2018-10-02', NULL, NULL),
(1758, 293, 759, 5, 3.5, 'A', '2018-10-02', NULL, NULL),
(1759, 295, 757, 5, 5, 'M', '2018-10-02', NULL, NULL),
(1760, 295, 759, 5, 3.5, 'A', '2018-10-02', NULL, NULL),
(1761, 299, 757, 5, 5, 'M', '2018-10-02', NULL, NULL),
(1762, 299, 759, 5, 3.5, 'A', '2018-10-02', NULL, NULL),
(1763, 300, 757, 5, 5, 'M', '2018-10-02', NULL, NULL),
(1764, 300, 759, 5, 3.5, 'A', '2018-10-02', NULL, NULL),
(1765, 301, 757, 5, 5, 'M', '2018-10-02', NULL, NULL),
(1766, 301, 759, 5, 5, 'M', '2018-10-02', NULL, NULL),
(1767, 290, 753, 5, 3.5, 'A', '2018-10-05', NULL, NULL),
(1768, 290, 754, 5, 2, 'EA', '2018-10-05', NULL, NULL),
(1769, 292, 753, 5, 5, 'M', '2018-10-05', NULL, NULL),
(1770, 292, 754, 5, 2, 'EA', '2018-10-05', NULL, NULL),
(1771, 301, 753, 5, 3.5, 'A', '2018-10-05', NULL, NULL),
(1772, 301, 754, 5, 3.5, 'A', '2018-10-05', NULL, NULL),
(1773, 294, 757, 5, 5, 'M', '2018-10-05', NULL, NULL),
(1774, 294, 759, 5, 2, 'EA', '2018-10-05', NULL, NULL),
(1775, 299, 753, 5, 2, 'EA', '2018-10-05', NULL, NULL),
(1776, 299, 754, 5, 3.5, 'A', '2018-10-05', NULL, NULL),
(1777, 295, 753, 5, 5, 'M', '2018-10-05', NULL, NULL),
(1778, 295, 754, 5, 2, 'EA', '2018-10-05', NULL, NULL),
(1779, 294, 753, 5, 5, 'M', '2018-10-05', NULL, NULL),
(1780, 294, 754, 5, 3.5, 'A', '2018-10-05', NULL, NULL),
(1781, 300, 753, 5, 5, 'M', '2018-10-05', NULL, NULL),
(1782, 300, 754, 5, 3.5, 'A', '2018-10-05', NULL, NULL),
(1783, 289, 755, 5, 3.5, 'A', '2018-10-09', NULL, NULL),
(1784, 289, 756, 5, 3.5, 'A', '2018-10-09', NULL, NULL),
(1785, 289, 767, 5, 2, 'EA', '2018-10-09', NULL, NULL),
(1786, 290, 755, 5, 3.5, 'A', '2018-10-09', NULL, NULL),
(1787, 290, 756, 5, 3.5, 'A', '2018-10-09', NULL, NULL),
(1788, 290, 767, 5, 2, 'EA', '2018-10-09', NULL, NULL),
(1789, 291, 755, 5, 2, 'EA', '2018-10-09', NULL, NULL),
(1790, 291, 756, 5, 3.5, 'A', '2018-10-09', NULL, NULL),
(1791, 291, 767, 5, 2, 'EA', '2018-10-09', NULL, NULL),
(1792, 292, 755, 5, 5, 'M', '2018-10-09', NULL, NULL),
(1793, 292, 756, 5, 3.5, 'A', '2018-10-09', NULL, NULL),
(1794, 292, 767, 5, 2, 'EA', '2018-10-09', NULL, NULL),
(1795, 293, 755, 5, 2, 'EA', '2018-10-09', NULL, NULL),
(1796, 293, 756, 5, 3.5, 'A', '2018-10-09', NULL, NULL),
(1797, 293, 767, 5, 2, 'EA', '2018-10-09', NULL, NULL),
(1798, 294, 755, 5, 3.5, 'A', '2018-10-09', NULL, NULL),
(1799, 294, 756, 5, 3.5, 'A', '2018-10-09', NULL, NULL),
(1800, 294, 767, 5, 2, 'EA', '2018-10-09', NULL, NULL),
(1801, 295, 755, 5, 3.5, 'A', '2018-10-09', NULL, NULL),
(1802, 295, 756, 5, 3.5, 'A', '2018-10-09', NULL, NULL),
(1803, 295, 767, 5, 2, 'EA', '2018-10-09', NULL, NULL),
(1804, 296, 755, 5, 2, 'EA', '2018-10-09', NULL, NULL),
(1805, 296, 756, 5, 3.5, 'A', '2018-10-09', NULL, NULL),
(1806, 296, 767, 5, 2, 'EA', '2018-10-09', NULL, NULL),
(1807, 289, 757, 5, 5, 'M', '2018-10-11', NULL, NULL),
(1808, 289, 759, 5, 5, 'M', '2018-10-11', NULL, NULL),
(1809, 307, 755, 5, 2, 'EA', '2018-10-11', NULL, NULL),
(1810, 307, 756, 5, 3.5, 'A', '2018-10-11', NULL, NULL),
(1811, 307, 767, 5, 2, 'EA', '2018-10-11', NULL, NULL),
(1812, 298, 755, 5, 3.5, 'A', '2018-10-11', NULL, NULL),
(1813, 298, 756, 5, 2, 'EA', '2018-10-11', NULL, NULL),
(1814, 298, 767, 5, 2, 'EA', '2018-10-11', NULL, NULL),
(1815, 299, 755, 5, 3.5, 'A', '2018-10-11', NULL, NULL),
(1816, 299, 756, 5, 3.5, 'A', '2018-10-11', NULL, NULL),
(1817, 299, 767, 5, 3.5, 'A', '2018-10-11', NULL, NULL),
(1818, 301, 755, 5, 3.5, 'A', '2018-10-11', NULL, NULL),
(1819, 301, 756, 5, 3.5, 'A', '2018-10-11', NULL, NULL),
(1820, 301, 767, 5, 3.5, 'A', '2018-10-11', NULL, NULL),
(1821, 300, 755, 5, 3.5, 'A', '2018-10-11', NULL, NULL),
(1822, 300, 756, 5, 3.5, 'A', '2018-10-11', NULL, NULL),
(1823, 300, 767, 5, 2, 'EA', '2018-10-11', NULL, NULL),
(1824, 289, 753, 5, 5, 'M', '2018-10-18', NULL, NULL),
(1825, 289, 754, 5, 3.5, 'A', '2018-10-18', NULL, NULL),
(1826, 293, 753, 5, 5, 'M', '2018-10-18', NULL, NULL),
(1827, 293, 754, 5, 3.5, 'A', '2018-10-18', NULL, NULL),
(1828, 289, 781, 10, 7, 'A', '2018-10-18', NULL, NULL),
(1829, 289, 782, 5, 2, 'EA', '2018-10-18', NULL, NULL),
(1830, 289, 783, 5, 3.5, 'A', '2018-10-18', NULL, NULL),
(1831, 290, 781, 10, 10, 'M', '2018-10-18', NULL, NULL),
(1832, 290, 782, 5, 3.5, 'A', '2018-10-18', NULL, NULL),
(1833, 290, 783, 5, 3.5, 'A', '2018-10-18', NULL, NULL),
(1834, 291, 781, 10, 4, 'EA', '2018-10-18', NULL, NULL),
(1835, 291, 782, 5, 3.5, 'A', '2018-10-18', NULL, NULL),
(1836, 291, 783, 5, 2, 'EA', '2018-10-18', NULL, NULL),
(1837, 292, 781, 10, 10, 'M', '2018-10-18', NULL, NULL),
(1838, 292, 782, 5, 2, 'EA', '2018-10-18', NULL, NULL),
(1839, 292, 783, 5, 3.5, 'A', '2018-10-18', NULL, NULL),
(1840, 293, 781, 10, 4, 'EA', '2018-10-18', NULL, NULL),
(1841, 293, 782, 5, 3.5, 'A', '2018-10-18', NULL, NULL),
(1842, 293, 783, 5, 3.5, 'A', '2018-10-18', NULL, NULL);
INSERT INTO `result` (`id`, `student_id`, `assessment_id`, `max_vote`, `user_vote`, `user_letter`, `date`, `was_absent`, `comment`) VALUES
(1843, 294, 781, 10, 4, 'EA', '2018-10-18', NULL, NULL),
(1844, 294, 782, 5, 3.5, 'A', '2018-10-18', NULL, NULL),
(1845, 294, 783, 5, 3.5, 'A', '2018-10-18', NULL, NULL),
(1846, 295, 781, 10, 10, 'M', '2018-10-18', NULL, NULL),
(1847, 295, 782, 5, 2, 'EA', '2018-10-18', NULL, NULL),
(1848, 295, 783, 5, 5, 'M', '2018-10-18', NULL, NULL),
(1849, 308, 781, 10, 10, 'M', '2018-10-18', NULL, NULL),
(1850, 308, 782, 5, 2, 'EA', '2018-10-18', NULL, NULL),
(1851, 308, 783, 5, 3.5, 'A', '2018-10-18', NULL, NULL),
(1852, 300, 781, 10, 7, 'A', '2018-10-18', NULL, NULL),
(1853, 300, 782, 5, 3.5, 'A', '2018-10-18', NULL, NULL),
(1854, 300, 783, 5, 3.5, 'A', '2018-10-18', NULL, NULL),
(1855, 299, 781, 10, 10, 'M', '2018-10-18', NULL, NULL),
(1856, 299, 782, 5, 2, 'EA', '2018-10-18', NULL, NULL),
(1857, 299, 783, 5, 3.5, 'A', '2018-10-18', NULL, NULL),
(1858, 274, 786, 5, 5, 'M', '2018-10-23', NULL, NULL),
(1859, 274, 787, 5, 5, 'M', '2018-10-23', NULL, NULL),
(1860, 274, 788, 5, 5, 'M', '2018-10-23', NULL, NULL),
(1861, 274, 789, 5, 5, 'M', '2018-10-23', NULL, NULL),
(1862, 277, 786, 5, 5, 'M', '2018-10-23', NULL, NULL),
(1863, 277, 787, 5, 5, 'M', '2018-10-23', NULL, NULL),
(1864, 277, 788, 5, 5, 'M', '2018-10-23', NULL, NULL),
(1865, 277, 789, 5, 5, 'M', '2018-10-23', NULL, NULL),
(1866, 303, 786, 5, 5, 'M', '2018-10-23', NULL, NULL),
(1867, 303, 787, 5, 5, 'M', '2018-10-23', NULL, NULL),
(1868, 303, 788, 5, 3.5, 'A', '2018-10-23', NULL, NULL),
(1869, 303, 789, 5, 5, 'M', '2018-10-23', NULL, NULL),
(1870, 304, 786, 5, 5, 'M', '2018-10-23', NULL, NULL),
(1871, 304, 787, 5, 3.5, 'A', '2018-10-23', NULL, NULL),
(1872, 304, 788, 5, 5, 'M', '2018-10-23', NULL, NULL),
(1873, 304, 789, 5, 5, 'M', '2018-10-23', NULL, NULL),
(1874, 278, 786, 5, 5, 'M', '2018-10-23', NULL, NULL),
(1875, 278, 787, 5, 5, 'M', '2018-10-23', NULL, NULL),
(1876, 278, 788, 5, 5, 'M', '2018-10-23', NULL, NULL),
(1877, 278, 789, 5, 5, 'M', '2018-10-23', NULL, NULL),
(1878, 305, 786, 5, 5, 'M', '2018-10-23', NULL, NULL),
(1879, 305, 787, 5, 5, 'M', '2018-10-23', NULL, NULL),
(1880, 305, 788, 5, 5, 'M', '2018-10-23', NULL, NULL),
(1881, 305, 789, 5, 5, 'M', '2018-10-23', NULL, NULL),
(1882, 279, 786, 5, 5, 'M', '2018-10-23', NULL, NULL),
(1883, 279, 787, 5, 5, 'M', '2018-10-23', NULL, NULL),
(1884, 279, 788, 5, 5, 'M', '2018-10-23', NULL, NULL),
(1885, 279, 789, 5, 5, 'M', '2018-10-23', NULL, NULL),
(1886, 281, 786, 5, 5, 'M', '2018-10-23', NULL, NULL),
(1887, 281, 787, 5, 3.5, 'A', '2018-10-23', NULL, NULL),
(1888, 281, 788, 5, 5, 'M', '2018-10-23', NULL, NULL),
(1889, 281, 789, 5, 5, 'M', '2018-10-23', NULL, NULL),
(1890, 249, 786, 5, 5, 'M', '2018-10-23', NULL, NULL),
(1891, 249, 787, 5, 3.5, 'A', '2018-10-23', NULL, NULL),
(1892, 249, 788, 5, 5, 'M', '2018-10-23', NULL, NULL),
(1893, 249, 789, 5, 5, 'M', '2018-10-23', NULL, NULL),
(1894, 272, 786, 5, 5, 'M', '2018-10-23', NULL, NULL),
(1895, 272, 787, 5, 5, 'M', '2018-10-23', NULL, NULL),
(1896, 272, 788, 5, 5, 'M', '2018-10-23', NULL, NULL),
(1897, 272, 789, 5, 5, 'M', '2018-10-23', NULL, NULL),
(1898, 282, 786, 5, 5, 'M', '2018-10-23', NULL, NULL),
(1899, 282, 787, 5, 3.5, 'A', '2018-10-23', NULL, NULL),
(1900, 282, 788, 5, 5, 'M', '2018-10-23', NULL, NULL),
(1901, 282, 789, 5, 5, 'M', '2018-10-23', NULL, NULL),
(1902, 306, 786, 5, 5, 'M', '2018-10-23', NULL, NULL),
(1903, 306, 787, 5, 5, 'M', '2018-10-23', NULL, NULL),
(1904, 306, 788, 5, 5, 'M', '2018-10-23', NULL, NULL),
(1905, 306, 789, 5, 5, 'M', '2018-10-23', NULL, NULL),
(1906, 283, 786, 5, 5, 'M', '2018-10-23', NULL, NULL),
(1907, 283, 787, 5, 5, 'M', '2018-10-23', NULL, NULL),
(1908, 283, 788, 5, 5, 'M', '2018-10-23', NULL, NULL),
(1909, 283, 789, 5, 5, 'M', '2018-10-23', NULL, NULL),
(1910, 289, 794, 1, 0, 'NA', '2018-10-25', NULL, NULL),
(1911, 289, 795, 1, 1, 'M', '2018-10-25', NULL, NULL),
(1912, 289, 796, 1, 1, 'M', '2018-10-25', NULL, NULL),
(1913, 289, 797, 1, 1, 'M', '2018-10-25', NULL, NULL),
(1914, 289, 798, 1, 1, 'M', '2018-10-25', NULL, NULL),
(1915, 289, 800, 1, 0, 'NA', '2018-10-25', NULL, NULL),
(1916, 289, 801, 1, 0.7, 'A', '2018-10-25', NULL, NULL),
(1917, 289, 802, 1, 0.4, 'EA', '2018-10-25', NULL, NULL),
(1918, 289, 803, 1, 0.7, 'A', '2018-10-25', NULL, NULL),
(1919, 289, 799, 1, 0, 'NA', '2018-10-25', NULL, NULL),
(1920, 292, 794, 1, 1, 'M', '2018-10-25', NULL, NULL),
(1921, 292, 796, 1, 1, 'M', '2018-10-25', NULL, NULL),
(1922, 292, 797, 1, 1, 'M', '2018-10-25', NULL, NULL),
(1923, 292, 798, 1, 0, 'NA', '2018-10-25', NULL, NULL),
(1924, 292, 799, 1, 0, 'NA', '2018-10-25', NULL, NULL),
(1925, 292, 800, 1, 0, 'NA', '2018-10-25', NULL, NULL),
(1926, 292, 801, 1, 0.7, 'A', '2018-10-25', NULL, NULL),
(1927, 292, 802, 1, 0, 'NA', '2018-10-25', NULL, NULL),
(1928, 292, 803, 1, 0.7, 'A', '2018-10-25', NULL, NULL),
(1929, 300, 794, 1, 1, 'M', '2018-10-25', NULL, NULL),
(1930, 300, 795, 1, 1, 'M', '2018-10-25', NULL, NULL),
(1931, 300, 796, 1, 1, 'M', '2018-10-25', NULL, NULL),
(1932, 300, 797, 1, 1, 'M', '2018-10-25', NULL, NULL),
(1933, 300, 798, 1, 1, 'M', '2018-10-25', NULL, NULL),
(1934, 300, 799, 1, 0, 'NA', '2018-10-25', NULL, NULL),
(1935, 300, 800, 1, 0, 'NA', '2018-10-25', NULL, NULL),
(1936, 300, 801, 1, 0.7, 'A', '2018-10-25', NULL, NULL),
(1937, 300, 802, 1, 1, 'M', '2018-10-25', NULL, NULL),
(1938, 300, 803, 1, 0.7, 'A', '2018-10-25', NULL, NULL),
(1939, 295, 794, 1, 0.7, 'A', '2018-10-25', NULL, NULL),
(1940, 295, 795, 1, 1, 'M', '2018-10-25', NULL, NULL),
(1941, 295, 796, 1, 1, 'M', '2018-10-25', NULL, NULL),
(1942, 295, 797, 1, 1, 'M', '2018-10-25', NULL, NULL),
(1943, 295, 798, 1, 0, 'NA', '2018-10-25', NULL, NULL),
(1944, 295, 799, 1, 0, 'NA', '2018-10-25', NULL, NULL),
(1945, 295, 800, 1, 0, 'NA', '2018-10-25', NULL, NULL),
(1946, 295, 801, 1, 0.7, 'A', '2018-10-25', NULL, NULL),
(1947, 295, 802, 1, 0.4, 'EA', '2018-10-25', NULL, NULL),
(1948, 295, 803, 1, 1, 'M', '2018-10-25', NULL, NULL),
(1949, 301, 794, 1, 0, 'NA', '2018-10-25', NULL, NULL),
(1950, 301, 795, 1, 1, 'M', '2018-10-25', NULL, NULL),
(1951, 301, 796, 1, 1, 'M', '2018-10-25', NULL, NULL),
(1952, 301, 797, 1, 1, 'M', '2018-10-25', NULL, NULL),
(1953, 301, 798, 1, 1, 'M', '2018-10-25', NULL, NULL),
(1954, 301, 799, 1, 0, 'NA', '2018-10-25', NULL, NULL),
(1955, 301, 800, 1, 0, 'NA', '2018-10-25', NULL, NULL),
(1956, 301, 801, 1, 0.7, 'A', '2018-10-25', NULL, NULL),
(1957, 301, 802, 1, 0.7, 'A', '2018-10-25', NULL, NULL),
(1958, 301, 803, 1, 1, 'M', '2018-10-25', NULL, NULL),
(1959, 290, 794, 1, 0, 'NA', '2018-10-25', NULL, NULL),
(1960, 290, 795, 1, 1, 'M', '2018-10-25', NULL, NULL),
(1961, 290, 796, 1, 1, 'M', '2018-10-25', NULL, NULL),
(1962, 290, 797, 1, 1, 'M', '2018-10-25', NULL, NULL),
(1963, 290, 798, 1, 1, 'M', '2018-10-25', NULL, NULL),
(1964, 290, 799, 1, 0, 'NA', '2018-10-25', NULL, NULL),
(1965, 290, 800, 1, 0, 'NA', '2018-10-25', NULL, NULL),
(1966, 290, 801, 1, 0.4, 'EA', '2018-10-25', NULL, NULL),
(1967, 290, 802, 1, 0, 'NA', '2018-10-25', NULL, NULL),
(1968, 290, 803, 1, 0.7, 'A', '2018-10-25', NULL, NULL),
(1969, 308, 753, 5, 5, 'M', '2018-10-25', NULL, NULL),
(1970, 308, 754, 5, 3.5, 'A', '2018-10-25', NULL, NULL),
(1971, 301, 781, 10, 7, 'A', '2018-10-25', NULL, NULL),
(1972, 301, 782, 5, 2, 'EA', '2018-10-25', NULL, NULL),
(1973, 301, 783, 5, 3.5, 'A', '2018-10-25', NULL, NULL),
(1974, 299, 794, 1, 0, 'NA', '2018-10-25', NULL, NULL),
(1975, 299, 795, 1, 1, 'M', '2018-10-25', NULL, NULL),
(1976, 299, 796, 1, 1, 'M', '2018-10-25', NULL, NULL),
(1977, 299, 797, 1, 1, 'M', '2018-10-25', NULL, NULL),
(1978, 299, 798, 1, 0.7, 'A', '2018-10-25', NULL, NULL),
(1979, 299, 799, 1, 0, 'NA', '2018-10-25', NULL, NULL),
(1980, 299, 800, 1, 0, 'NA', '2018-10-25', NULL, NULL),
(1981, 299, 801, 1, 1, 'M', '2018-10-25', NULL, NULL),
(1982, 299, 802, 1, 0.7, 'A', '2018-10-25', NULL, NULL),
(1983, 299, 803, 1, 1, 'M', '2018-10-25', NULL, NULL),
(1984, 294, 794, 1, 0, 'NA', '2018-10-25', NULL, NULL),
(1985, 294, 795, 1, 1, 'M', '2018-10-25', NULL, NULL),
(1986, 294, 796, 1, 1, 'M', '2018-10-25', NULL, NULL),
(1987, 294, 797, 1, 1, 'M', '2018-10-25', NULL, NULL),
(1988, 294, 798, 1, 1, 'M', '2018-10-25', NULL, NULL),
(1989, 294, 799, 1, 0, 'NA', '2018-10-25', NULL, NULL),
(1990, 294, 800, 1, 0, 'NA', '2018-10-25', NULL, NULL),
(1991, 294, 801, 1, 0.4, 'EA', '2018-10-25', NULL, NULL),
(1992, 294, 802, 1, 0.4, 'EA', '2018-10-25', NULL, NULL),
(1993, 294, 803, 1, 0.4, 'EA', '2018-10-25', NULL, NULL),
(1994, 300, 780, 10, 7, 'A', '2018-10-25', NULL, NULL),
(1995, 289, 780, 10, 4, 'EA', '2018-10-25', NULL, NULL),
(1996, 301, 780, 10, 4, 'EA', '2018-10-25', NULL, NULL),
(1997, 293, 780, 10, 4, 'EA', '2018-10-25', NULL, NULL),
(1998, 299, 780, 10, 7, 'A', '2018-10-25', NULL, NULL),
(1999, 295, 780, 10, 4, 'EA', '2018-10-25', NULL, NULL),
(2000, 308, 780, 10, 4, 'EA', '2018-10-25', NULL, NULL),
(2001, 290, 780, 10, 4, 'EA', '2018-10-25', NULL, NULL),
(2002, 294, 780, 10, 4, 'EA', '2018-10-25', NULL, NULL),
(2003, 308, 794, 1, 0.4, 'EA', '2018-10-25', NULL, NULL),
(2004, 308, 795, 1, 1, 'M', '2018-10-25', NULL, NULL),
(2005, 308, 796, 1, 1, 'M', '2018-10-25', NULL, NULL),
(2006, 308, 797, 1, 1, 'M', '2018-10-25', NULL, NULL),
(2007, 308, 798, 1, 0, 'NA', '2018-10-25', NULL, NULL),
(2008, 308, 799, 1, 0, 'NA', '2018-10-25', NULL, NULL),
(2009, 308, 800, 1, 0, 'NA', '2018-10-25', NULL, NULL),
(2010, 308, 801, 1, 0.7, 'A', '2018-10-25', NULL, NULL),
(2011, 308, 802, 1, 0.4, 'EA', '2018-10-25', NULL, NULL),
(2012, 291, 780, 10, 4, 'EA', '2018-10-25', NULL, NULL),
(2013, 292, 780, 10, 4, 'EA', '2018-10-25', NULL, NULL),
(2014, 291, 794, 1, 0, 'NA', '2018-10-25', NULL, NULL),
(2015, 291, 795, 1, 0, 'NA', '2018-10-25', NULL, NULL),
(2016, 291, 796, 1, 1, 'M', '2018-10-25', NULL, NULL),
(2017, 291, 797, 1, 0, 'NA', '2018-10-25', NULL, NULL),
(2018, 291, 798, 1, 1, 'M', '2018-10-25', NULL, NULL),
(2019, 291, 799, 1, 0, 'NA', '2018-10-25', NULL, NULL),
(2020, 291, 800, 1, 0, 'NA', '2018-10-25', NULL, NULL),
(2021, 291, 801, 1, 0.4, 'EA', '2018-10-25', NULL, NULL),
(2022, 291, 802, 1, 0.4, 'EA', '2018-10-25', NULL, NULL),
(2023, 291, 803, 1, 0.7, 'A', '2018-10-25', NULL, NULL),
(2024, 282, 745, 5, 5, 'M', '2018-10-25', NULL, NULL),
(2025, 282, 746, 5, 5, 'M', '2018-10-25', NULL, NULL),
(2026, 282, 747, 5, 5, 'M', '2018-10-25', NULL, NULL),
(2027, 282, 748, 15, 6, 'EA', '2018-10-25', NULL, NULL),
(2028, 303, 745, 5, 5, 'M', '2018-10-25', NULL, NULL),
(2029, 303, 746, 5, 5, 'M', '2018-10-25', NULL, NULL),
(2030, 303, 747, 5, 3.5, 'A', '2018-10-25', NULL, NULL),
(2031, 303, 748, 15, 6, 'EA', '2018-10-25', NULL, NULL),
(2032, 277, 745, 5, 2, 'EA', '2018-10-25', NULL, NULL),
(2033, 277, 746, 5, 5, 'M', '2018-10-25', NULL, NULL),
(2034, 277, 747, 5, 2, 'EA', '2018-10-25', NULL, NULL),
(2035, 277, 748, 15, 6, 'EA', '2018-10-25', NULL, NULL),
(2036, 272, 745, 5, 3.5, 'A', '2018-10-25', NULL, NULL),
(2037, 272, 746, 5, 3.5, 'A', '2018-10-25', NULL, NULL),
(2038, 272, 747, 5, 5, 'M', '2018-10-25', NULL, NULL),
(2039, 272, 748, 15, 10.5, 'A', '2018-10-25', NULL, NULL),
(2040, 305, 745, 5, 5, 'M', '2018-10-25', NULL, NULL),
(2041, 305, 746, 5, 5, 'M', '2018-10-25', NULL, NULL),
(2042, 305, 747, 5, 3.5, 'A', '2018-10-25', NULL, NULL),
(2043, 305, 748, 15, 10.5, 'A', '2018-10-25', NULL, NULL),
(2044, 281, 745, 5, 5, 'M', '2018-10-25', NULL, NULL),
(2045, 281, 746, 5, 5, 'M', '2018-10-25', NULL, NULL),
(2046, 281, 747, 5, 5, 'M', '2018-10-25', NULL, NULL),
(2047, 281, 748, 15, 6, 'EA', '2018-10-25', NULL, NULL),
(2048, 283, 745, 5, 5, 'M', '2018-10-25', NULL, NULL),
(2049, 283, 746, 5, 3.5, 'A', '2018-10-25', NULL, NULL),
(2050, 283, 747, 5, 2, 'EA', '2018-10-25', NULL, NULL),
(2051, 283, 748, 15, 10.5, 'A', '2018-10-25', NULL, NULL),
(2052, 306, 745, 5, 5, 'M', '2018-10-25', NULL, NULL),
(2053, 306, 746, 5, 5, 'M', '2018-10-25', NULL, NULL),
(2054, 306, 747, 5, 2, 'EA', '2018-10-25', NULL, NULL),
(2055, 306, 748, 15, 6, 'EA', '2018-10-25', NULL, NULL),
(2056, 279, 745, 5, 0, 'NA', '2018-10-25', NULL, NULL),
(2057, 279, 746, 5, 0, 'NA', '2018-10-25', NULL, NULL),
(2058, 279, 747, 5, 3.5, 'A', '2018-10-25', NULL, NULL),
(2059, 279, 748, 15, 0, 'NA', '2018-10-25', NULL, NULL),
(2060, 304, 745, 5, 3.5, 'A', '2018-10-25', NULL, NULL),
(2061, 304, 746, 5, 3.5, 'A', '2018-10-25', NULL, NULL),
(2062, 304, 747, 5, 2, 'EA', '2018-10-25', NULL, NULL),
(2063, 304, 748, 15, 6, 'EA', '2018-10-25', NULL, NULL),
(2064, 296, 753, 5, 3.5, 'A', '2018-10-30', NULL, NULL),
(2065, 296, 754, 5, 2, 'EA', '2018-10-30', NULL, NULL),
(2066, 298, 753, 5, 3.5, 'A', '2018-10-30', NULL, NULL),
(2067, 298, 754, 5, 2, 'EA', '2018-10-30', NULL, NULL),
(2068, 274, 768, 10, 7, 'A', '2018-10-30', NULL, NULL),
(2069, 274, 805, 5, 3.5, 'A', '2018-10-30', NULL, NULL),
(2070, 274, 806, 5, 0, 'NA', '2018-10-30', NULL, NULL),
(2071, 277, 768, 10, 10, 'M', '2018-10-30', NULL, NULL),
(2072, 277, 805, 5, 0, 'NA', '2018-10-30', NULL, NULL),
(2073, 277, 806, 5, 2, 'EA', '2018-10-30', NULL, NULL),
(2074, 303, 768, 10, 7, 'A', '2018-10-30', NULL, NULL),
(2075, 303, 805, 5, 2, 'EA', '2018-10-30', NULL, NULL),
(2076, 303, 806, 5, 3.5, 'A', '2018-10-30', NULL, NULL),
(2077, 279, 768, 10, 10, 'M', '2018-10-30', NULL, NULL),
(2078, 279, 805, 5, 0, 'NA', '2018-10-30', NULL, NULL),
(2079, 279, 806, 5, 2, 'EA', '2018-10-30', NULL, NULL),
(2080, 304, 768, 10, 10, 'M', '2018-10-30', NULL, NULL),
(2081, 304, 805, 5, 5, 'M', '2018-10-30', NULL, NULL),
(2082, 304, 806, 5, 5, 'M', '2018-10-30', NULL, NULL),
(2083, 278, 768, 10, 10, 'M', '2018-10-30', NULL, NULL),
(2084, 278, 805, 5, 5, 'M', '2018-10-30', NULL, NULL),
(2085, 278, 806, 5, 5, 'M', '2018-10-30', NULL, NULL),
(2086, 305, 768, 10, 10, 'M', '2018-10-30', NULL, NULL),
(2087, 305, 805, 5, 3.5, 'A', '2018-10-30', NULL, NULL),
(2088, 305, 806, 5, 3.5, 'A', '2018-10-30', NULL, NULL),
(2089, 249, 768, 10, 10, 'M', '2018-10-30', NULL, NULL),
(2090, 249, 805, 5, 2, 'EA', '2018-10-30', NULL, NULL),
(2091, 249, 806, 5, 3.5, 'A', '2018-10-30', NULL, NULL),
(2092, 283, 768, 10, 10, 'M', '2018-10-30', NULL, NULL),
(2093, 283, 806, 5, 0, 'NA', '2018-10-30', NULL, NULL),
(2094, 306, 768, 10, 7, 'A', '2018-10-30', NULL, NULL),
(2095, 306, 805, 5, 2, 'EA', '2018-10-30', NULL, NULL),
(2096, 306, 806, 5, 3.5, 'A', '2018-10-30', NULL, NULL),
(2097, 272, 768, 10, 7, 'A', '2018-10-30', NULL, NULL),
(2098, 282, 768, 10, 10, 'M', '2018-10-30', NULL, NULL),
(2099, 282, 805, 5, 2, 'EA', '2018-10-30', NULL, NULL),
(2100, 282, 806, 5, 2, 'EA', '2018-10-30', NULL, NULL),
(2101, 274, 784, 5, 2, 'EA', '2018-10-30', NULL, NULL),
(2102, 274, 785, 5, 3.5, 'A', '2018-10-30', NULL, NULL),
(2103, 279, 784, 5, 2, 'EA', '2018-10-30', NULL, NULL),
(2104, 279, 785, 5, 5, 'M', '2018-10-30', NULL, NULL),
(2105, 281, 784, 5, 2, 'EA', '2018-10-30', NULL, NULL),
(2106, 281, 785, 5, 5, 'M', '2018-10-30', NULL, NULL),
(2107, 304, 784, 5, 2, 'EA', '2018-10-30', NULL, NULL),
(2108, 304, 785, 5, 5, 'M', '2018-10-30', NULL, NULL),
(2109, 278, 784, 5, 2, 'EA', '2018-10-30', NULL, NULL),
(2110, 278, 785, 5, 5, 'M', '2018-10-30', NULL, NULL),
(2111, 303, 784, 5, 5, 'M', '2018-10-30', NULL, NULL),
(2112, 303, 785, 5, 5, 'M', '2018-10-30', NULL, NULL),
(2113, 272, 784, 5, 5, 'M', '2018-10-30', NULL, NULL),
(2114, 272, 785, 5, 2, 'EA', '2018-10-30', NULL, NULL),
(2115, 249, 784, 5, 5, 'M', '2018-10-30', NULL, NULL),
(2116, 249, 785, 5, 3.5, 'A', '2018-10-30', NULL, NULL),
(2117, 306, 784, 5, 5, 'M', '2018-10-30', NULL, NULL),
(2118, 306, 785, 5, 3.5, 'A', '2018-10-30', NULL, NULL),
(2119, 282, 784, 5, 2, 'EA', '2018-10-30', NULL, NULL),
(2120, 282, 785, 5, 3.5, 'A', '2018-10-30', NULL, NULL),
(2121, 283, 784, 5, 2, 'EA', '2018-10-30', NULL, NULL),
(2122, 283, 785, 5, 5, 'M', '2018-10-30', NULL, NULL),
(2123, 277, 784, 5, 2, 'EA', '2018-10-30', NULL, NULL),
(2124, 277, 785, 5, 3.5, 'A', '2018-10-30', NULL, NULL),
(2125, 299, 807, 10, 10, 'M', '2018-10-30', NULL, NULL),
(2126, 308, 807, 10, 7, 'A', '2018-10-30', NULL, NULL),
(2127, 289, 807, 10, 7, 'A', '2018-10-30', NULL, NULL),
(2128, 295, 807, 10, 7, 'A', '2018-10-30', NULL, NULL),
(2129, 301, 807, 10, 4, 'EA', '2018-10-30', NULL, NULL),
(2130, 293, 807, 10, 7, 'A', '2018-10-30', NULL, NULL),
(2131, 300, 807, 10, 10, 'M', '2018-10-30', NULL, NULL),
(2132, 290, 807, 10, 10, 'M', '2018-10-30', NULL, NULL),
(2133, 292, 807, 10, 7, 'A', '2018-10-30', NULL, NULL),
(2134, 298, 807, 10, 4, 'EA', '2018-10-30', NULL, NULL),
(2135, 296, 807, 10, 4, 'EA', '2018-10-30', NULL, NULL),
(2136, 274, 770, 10, 7, 'A', '2018-10-30', NULL, NULL),
(2137, 277, 770, 10, 7, 'A', '2018-10-30', NULL, NULL),
(2138, 303, 770, 10, 7, 'A', '2018-10-30', NULL, NULL),
(2139, 304, 770, 10, 7, 'A', '2018-10-30', NULL, NULL),
(2140, 305, 770, 10, 7, 'A', '2018-10-30', NULL, NULL),
(2141, 281, 770, 10, 7, 'A', '2018-10-30', NULL, NULL),
(2142, 249, 770, 10, 7, 'A', '2018-10-30', NULL, NULL),
(2143, 272, 770, 10, 7, 'A', '2018-10-30', NULL, NULL),
(2144, 282, 770, 10, 7, 'A', '2018-10-30', NULL, NULL),
(2145, 283, 770, 10, 7, 'A', '2018-10-30', NULL, NULL),
(2146, 306, 770, 10, 7, 'A', '2018-10-30', NULL, NULL),
(2147, 249, 769, 10, 7, 'A', '2018-10-30', NULL, NULL),
(2148, 282, 769, 10, 4, 'EA', '2018-10-30', NULL, NULL),
(2149, 304, 769, 10, 7, 'A', '2018-10-30', NULL, NULL),
(2150, 303, 769, 10, 4, 'EA', '2018-10-30', NULL, NULL),
(2151, 277, 769, 10, 4, 'EA', '2018-10-30', NULL, NULL),
(2152, 305, 769, 10, 10, 'M', '2018-10-30', NULL, NULL),
(2153, 279, 769, 10, 4, 'EA', '2018-10-30', NULL, NULL),
(2154, 281, 769, 10, 7, 'A', '2018-10-30', NULL, NULL),
(2155, 278, 769, 10, 10, 'M', '2018-10-30', NULL, NULL),
(2156, 272, 769, 10, 4, 'EA', '2018-10-30', NULL, NULL),
(2157, 283, 769, 10, 0, 'NA', '2018-10-30', NULL, NULL),
(2158, 306, 769, 10, 7, 'A', '2018-10-30', NULL, NULL),
(2159, 274, 769, 10, 4, 'EA', '2018-10-30', NULL, NULL),
(2160, 281, 768, 10, 0, 'NA', '2018-10-30', NULL, NULL),
(2161, 281, 805, 5, 0, 'NA', '2018-10-30', NULL, NULL),
(2162, 281, 806, 5, 0, 'NA', '2018-10-30', NULL, NULL),
(2163, 307, 753, 5, 3.5, 'A', '2018-10-30', NULL, NULL),
(2164, 307, 754, 5, 3.5, 'A', '2018-10-30', NULL, NULL),
(2165, 307, 757, 5, 0, 'NA', '2018-10-30', NULL, NULL),
(2166, 307, 759, 5, 0, 'NA', '2018-10-30', NULL, NULL),
(2167, 307, 781, 10, 0, 'NA', '2018-10-30', NULL, NULL),
(2168, 307, 782, 5, 0, 'NA', '2018-10-30', NULL, NULL),
(2169, 307, 783, 5, 0, 'NA', '2018-10-30', NULL, NULL),
(2170, 296, 757, 5, 0, 'NA', '2018-10-30', NULL, NULL),
(2171, 296, 759, 5, 0, 'NA', '2018-10-30', NULL, NULL),
(2172, 296, 781, 10, 0, 'NA', '2018-10-30', NULL, NULL),
(2173, 296, 782, 5, 0, 'NA', '2018-10-30', NULL, NULL),
(2174, 296, 783, 5, 0, 'NA', '2018-10-30', NULL, NULL),
(2175, 298, 781, 10, 0, 'NA', '2018-10-30', NULL, NULL),
(2176, 298, 782, 5, 0, 'NA', '2018-10-30', NULL, NULL),
(2177, 298, 783, 5, 0, 'NA', '2018-10-30', NULL, NULL),
(2178, 298, 757, 5, 0, 'NA', '2018-10-30', NULL, NULL),
(2179, 298, 759, 5, 0, 'NA', '2018-10-30', NULL, NULL),
(2180, 274, 790, 10, 10, 'M', '2018-10-30', NULL, NULL),
(2181, 274, 791, 10, 4, 'EA', '2018-10-30', NULL, NULL),
(2182, 274, 792, 5, 5, 'M', '2018-10-30', NULL, NULL),
(2183, 274, 793, 5, 5, 'M', '2018-10-30', NULL, NULL),
(2184, 277, 790, 10, 10, 'M', '2018-10-30', NULL, NULL),
(2185, 277, 791, 10, 7, 'A', '2018-10-30', NULL, NULL),
(2186, 277, 792, 5, 5, 'M', '2018-10-30', NULL, NULL),
(2187, 277, 793, 5, 5, 'M', '2018-10-30', NULL, NULL),
(2188, 303, 790, 10, 0, 'NA', '2018-10-30', NULL, NULL),
(2189, 303, 791, 10, 4, 'EA', '2018-10-30', NULL, NULL),
(2190, 303, 792, 5, 2, 'EA', '2018-10-30', NULL, NULL),
(2191, 303, 793, 5, 5, 'M', '2018-10-30', NULL, NULL),
(2192, 304, 790, 10, 10, 'M', '2018-10-30', NULL, NULL),
(2193, 304, 791, 10, 10, 'M', '2018-10-30', NULL, NULL),
(2194, 304, 792, 5, 5, 'M', '2018-10-30', NULL, NULL),
(2195, 304, 793, 5, 5, 'M', '2018-10-30', NULL, NULL),
(2196, 278, 790, 10, 7, 'A', '2018-10-30', NULL, NULL),
(2197, 278, 791, 10, 10, 'M', '2018-10-30', NULL, NULL),
(2198, 278, 792, 5, 5, 'M', '2018-10-30', NULL, NULL),
(2199, 278, 793, 5, 2, 'EA', '2018-10-30', NULL, NULL),
(2200, 305, 790, 10, 7, 'A', '2018-10-30', NULL, NULL),
(2201, 305, 791, 10, 10, 'M', '2018-10-30', NULL, NULL),
(2202, 305, 792, 5, 0, 'NA', '2018-10-30', NULL, NULL),
(2203, 305, 793, 5, 0, 'NA', '2018-10-30', NULL, NULL),
(2204, 279, 790, 10, 7, 'A', '2018-10-30', NULL, NULL),
(2205, 279, 791, 10, 10, 'M', '2018-10-30', NULL, NULL),
(2206, 279, 792, 5, 5, 'M', '2018-10-30', NULL, NULL),
(2207, 279, 793, 5, 3.5, 'A', '2018-10-30', NULL, NULL),
(2208, 281, 790, 10, 0, 'NA', '2018-10-30', NULL, NULL),
(2209, 281, 791, 10, 10, 'M', '2018-10-30', NULL, NULL),
(2210, 281, 792, 5, 5, 'M', '2018-10-30', NULL, NULL),
(2211, 281, 793, 5, 0, 'NA', '2018-10-30', NULL, NULL),
(2212, 249, 790, 10, 7, 'A', '2018-10-30', NULL, NULL),
(2213, 249, 791, 10, 7, 'A', '2018-10-30', NULL, NULL),
(2214, 249, 792, 5, 0, 'NA', '2018-10-30', NULL, NULL),
(2215, 249, 793, 5, 3.5, 'A', '2018-10-30', NULL, NULL),
(2216, 272, 790, 10, 0, 'NA', '2018-10-30', NULL, NULL),
(2217, 272, 791, 10, 7, 'A', '2018-10-30', NULL, NULL),
(2218, 272, 792, 5, 5, 'M', '2018-10-30', NULL, NULL),
(2219, 272, 793, 5, 5, 'M', '2018-10-30', NULL, NULL),
(2220, 282, 790, 10, 0, 'NA', '2018-10-30', NULL, NULL),
(2221, 282, 791, 10, 10, 'M', '2018-10-30', NULL, NULL),
(2222, 282, 792, 5, 3.5, 'A', '2018-10-30', NULL, NULL),
(2223, 282, 793, 5, 3.5, 'A', '2018-10-30', NULL, NULL),
(2224, 283, 790, 10, 7, 'A', '2018-10-30', NULL, NULL),
(2225, 283, 791, 10, 10, 'M', '2018-10-30', NULL, NULL),
(2226, 283, 792, 5, 5, 'M', '2018-10-30', NULL, NULL),
(2227, 283, 793, 5, 3.5, 'A', '2018-10-30', NULL, NULL),
(2228, 306, 790, 10, 0, 'NA', '2018-10-30', NULL, NULL),
(2229, 306, 791, 10, 7, 'A', '2018-10-30', NULL, NULL),
(2230, 306, 792, 5, 5, 'M', '2018-10-30', NULL, NULL),
(2231, 306, 793, 5, 5, 'M', '2018-10-30', NULL, NULL),
(2232, 290, 808, 10, 7, 'A', '2018-10-30', NULL, NULL),
(2233, 296, 808, 10, 7, 'A', '2018-10-30', NULL, NULL),
(2234, 307, 808, 10, 7, 'A', '2018-10-30', NULL, NULL),
(2235, 298, 808, 10, 7, 'A', '2018-10-30', NULL, NULL),
(2236, 291, 808, 10, 7, 'A', '2018-10-30', NULL, NULL),
(2237, 293, 808, 10, 7, 'A', '2018-10-30', NULL, NULL),
(2238, 299, 808, 10, 7, 'A', '2018-10-30', NULL, NULL),
(2239, 300, 808, 10, 7, 'A', '2018-10-30', NULL, NULL),
(2240, 289, 808, 10, 10, 'M', '2018-10-30', NULL, NULL),
(2241, 301, 808, 10, 10, 'M', '2018-10-30', NULL, NULL),
(2242, 295, 808, 10, 10, 'M', '2018-10-30', NULL, NULL),
(2243, 292, 808, 10, 10, 'M', '2018-10-30', NULL, NULL),
(2244, 284, 809, 15, 13.5, NULL, '2018-10-30', NULL, NULL),
(2245, 245, 809, 15, 12, NULL, '2018-10-30', NULL, NULL),
(2246, 243, 809, 15, 12, NULL, '2018-10-30', NULL, NULL),
(2247, 207, 809, 15, 13.5, NULL, '2018-10-30', NULL, NULL),
(2248, 248, 809, 15, 13.5, NULL, '2018-10-30', NULL, NULL),
(2249, 237, 810, 10, 7, 'A', '2018-10-31', NULL, NULL),
(2250, 238, 810, 10, 4, 'EA', '2018-10-31', NULL, NULL),
(2251, 239, 810, 10, 4, 'EA', '2018-10-31', NULL, NULL),
(2252, 273, 810, 10, 4, 'EA', '2018-10-31', NULL, NULL),
(2253, 250, 810, 10, 4, 'EA', '2018-10-31', NULL, NULL),
(2254, 285, 811, 10, 4, 'EA', '2018-10-31', NULL, NULL),
(2255, 241, 811, 10, 4, 'EA', '2018-10-31', NULL, NULL),
(2256, 284, 811, 10, 4, 'EA', '2018-10-31', NULL, NULL),
(2257, 245, 811, 10, 10, 'M', '2018-10-31', NULL, NULL),
(2258, 243, 811, 10, 10, 'M', '2018-10-31', NULL, NULL),
(2259, 248, 811, 10, 4, 'EA', '2018-10-31', NULL, NULL),
(2260, 207, 811, 10, 7, 'A', '2018-10-31', NULL, NULL),
(2261, 285, 809, 15, 9, NULL, '2018-10-31', NULL, NULL),
(2262, 306, 812, 10, 4, 'EA', '2018-10-31', NULL, NULL),
(2263, 282, 812, 10, 4, 'EA', '2018-10-31', NULL, NULL),
(2264, 303, 812, 10, 4, 'EA', '2018-10-31', NULL, NULL),
(2265, 272, 812, 10, 4, 'EA', '2018-10-31', NULL, NULL),
(2266, 305, 812, 10, 4, 'EA', '2018-10-31', NULL, NULL),
(2267, 304, 812, 10, 7, 'A', '2018-10-31', NULL, NULL),
(2268, 249, 812, 10, 7, 'A', '2018-10-31', NULL, NULL),
(2269, 250, 813, 10, 7, 'A', '2018-10-31', NULL, NULL),
(2270, 237, 813, 10, 4, 'EA', '2018-10-31', NULL, NULL),
(2271, 239, 813, 10, 4, 'EA', '2018-11-06', NULL, NULL),
(2272, 290, 818, 20, 20, 'M', '2018-12-11', NULL, NULL),
(2273, 290, 819, 20, 20, 'M', '2018-12-11', NULL, NULL),
(2274, 290, 820, 5, 5, 'M', '2018-12-11', NULL, NULL),
(2275, 290, 821, 5, 0, 'NA', '2018-12-11', NULL, NULL),
(2276, 290, 822, 5, 3.5, 'A', '2018-12-11', NULL, NULL),
(2277, 290, 823, 5, 5, 'M', '2018-12-11', NULL, NULL),
(2278, 290, 824, 10, 7, 'A', '2018-12-11', NULL, NULL),
(2279, 290, 825, 10, 7, 'A', '2018-12-11', NULL, NULL),
(2280, 290, 826, 5, 2, 'EA', '2018-12-11', NULL, NULL),
(2281, 293, 818, 20, 14, 'A', '2018-12-11', NULL, NULL),
(2282, 293, 819, 20, 8, 'EA', '2018-12-11', NULL, NULL),
(2283, 293, 820, 5, 0, 'NA', '2018-12-11', NULL, NULL),
(2284, 293, 821, 5, 2, 'EA', '2018-12-11', NULL, NULL),
(2285, 293, 822, 5, 5, 'M', '2018-12-11', NULL, NULL),
(2286, 293, 823, 5, 5, 'M', '2018-12-11', NULL, NULL),
(2287, 293, 824, 10, 0, 'NA', '2018-12-11', NULL, NULL),
(2288, 293, 825, 10, 10, 'M', '2018-12-11', NULL, NULL),
(2289, 293, 826, 5, 0, 'NA', '2018-12-11', NULL, NULL),
(2290, 299, 818, 20, 20, 'M', '2018-12-11', NULL, NULL),
(2291, 299, 819, 20, 20, 'M', '2018-12-11', NULL, NULL),
(2292, 299, 820, 5, 5, 'M', '2018-12-11', NULL, NULL),
(2293, 299, 821, 5, 2, 'EA', '2018-12-11', NULL, NULL),
(2294, 299, 822, 5, 5, 'M', '2018-12-11', NULL, NULL),
(2295, 299, 823, 5, 5, 'M', '2018-12-11', NULL, NULL),
(2296, 299, 824, 10, 4, 'EA', '2018-12-11', NULL, NULL),
(2297, 299, 825, 10, 7, 'A', '2018-12-11', NULL, NULL),
(2298, 299, 826, 5, 0, 'NA', '2018-12-11', NULL, NULL),
(2299, 289, 818, 20, 20, 'M', '2018-12-11', NULL, NULL),
(2300, 289, 819, 20, 20, 'M', '2018-12-11', NULL, NULL),
(2301, 289, 820, 5, 5, 'M', '2018-12-11', NULL, NULL),
(2302, 289, 821, 5, 5, 'M', '2018-12-11', NULL, NULL),
(2303, 289, 822, 5, 5, 'M', '2018-12-11', NULL, NULL),
(2304, 289, 823, 5, 5, 'M', '2018-12-11', NULL, NULL),
(2305, 289, 824, 10, 4, 'EA', '2018-12-11', NULL, NULL),
(2306, 289, 825, 10, 4, 'EA', '2018-12-11', NULL, NULL),
(2307, 289, 826, 5, 2, 'EA', '2018-12-11', NULL, NULL),
(2308, 292, 818, 20, 0, 'NA', '2018-12-11', NULL, NULL),
(2309, 292, 819, 20, 0, 'NA', '2018-12-11', NULL, NULL),
(2310, 292, 820, 5, 0, 'NA', '2018-12-11', NULL, NULL),
(2311, 292, 821, 5, 0, 'NA', '2018-12-11', NULL, NULL),
(2312, 292, 822, 5, 2, 'EA', '2018-12-11', NULL, NULL),
(2313, 292, 823, 5, 5, 'M', '2018-12-11', NULL, NULL),
(2314, 292, 824, 10, 0, 'NA', '2018-12-11', NULL, NULL),
(2315, 292, 825, 10, 7, 'A', '2018-12-11', NULL, NULL),
(2316, 292, 826, 5, 0, 'NA', '2018-12-11', NULL, NULL),
(2317, 308, 818, 20, 0, 'NA', '2018-12-11', NULL, NULL),
(2318, 308, 819, 20, 0, 'NA', '2018-12-11', NULL, NULL),
(2319, 308, 820, 5, 2, 'EA', '2018-12-11', NULL, NULL),
(2320, 308, 821, 5, 5, 'M', '2018-12-11', NULL, NULL),
(2321, 308, 822, 5, 5, 'M', '2018-12-11', NULL, NULL),
(2322, 308, 823, 5, 5, 'M', '2018-12-11', NULL, NULL),
(2323, 308, 824, 10, 0, 'NA', '2018-12-11', NULL, NULL),
(2324, 308, 825, 10, 7, 'A', '2018-12-11', NULL, NULL),
(2325, 308, 826, 5, 0, 'NA', '2018-12-11', NULL, NULL),
(2326, 301, 818, 20, 20, 'M', '2018-12-11', NULL, NULL),
(2327, 301, 819, 20, 8, 'EA', '2018-12-11', NULL, NULL),
(2328, 301, 820, 5, 5, 'M', '2018-12-11', NULL, NULL),
(2329, 301, 821, 5, 5, 'M', '2018-12-11', NULL, NULL),
(2330, 301, 822, 5, 5, 'M', '2018-12-11', NULL, NULL),
(2331, 301, 823, 5, 5, 'M', '2018-12-11', NULL, NULL),
(2332, 301, 824, 10, 4, 'EA', '2018-12-11', NULL, NULL),
(2333, 301, 825, 10, 10, 'M', '2018-12-11', NULL, NULL),
(2334, 301, 826, 5, 3.5, 'A', '2018-12-11', NULL, NULL),
(2335, 291, 818, 20, 20, 'M', '2018-12-11', NULL, NULL),
(2336, 291, 819, 20, 0, 'NA', '2018-12-11', NULL, NULL),
(2337, 291, 820, 5, 5, 'M', '2018-12-11', NULL, NULL),
(2338, 291, 821, 5, 3.5, 'A', '2018-12-11', NULL, NULL),
(2339, 291, 822, 5, 0, 'NA', '2018-12-11', NULL, NULL),
(2340, 291, 823, 5, 2, 'EA', '2018-12-11', NULL, NULL),
(2341, 291, 824, 10, 4, 'EA', '2018-12-11', NULL, NULL),
(2342, 291, 825, 10, 10, 'M', '2018-12-11', NULL, NULL),
(2343, 291, 826, 5, 3.5, 'A', '2018-12-11', NULL, NULL),
(2344, 298, 818, 20, 20, 'M', '2018-12-11', NULL, NULL),
(2345, 298, 819, 20, 0, 'NA', '2018-12-11', NULL, NULL),
(2346, 298, 820, 5, 2, 'EA', '2018-12-11', NULL, NULL),
(2347, 298, 821, 5, 0, 'NA', '2018-12-11', NULL, NULL),
(2348, 298, 822, 5, 0, 'NA', '2018-12-11', NULL, NULL),
(2349, 298, 823, 5, 5, 'M', '2018-12-11', NULL, NULL),
(2350, 298, 824, 10, 4, 'EA', '2018-12-11', NULL, NULL),
(2351, 298, 825, 10, 10, 'M', '2018-12-11', NULL, NULL),
(2352, 298, 826, 5, 3.5, 'A', '2018-12-11', NULL, NULL),
(2353, 294, 818, 20, 20, 'M', '2018-12-11', NULL, NULL),
(2354, 294, 819, 20, 8, 'EA', '2018-12-11', NULL, NULL),
(2355, 294, 820, 5, 5, 'M', '2018-12-11', NULL, NULL),
(2356, 294, 821, 5, 3.5, 'A', '2018-12-11', NULL, NULL),
(2357, 294, 822, 5, 5, 'M', '2018-12-11', NULL, NULL),
(2358, 294, 823, 5, 5, 'M', '2018-12-11', NULL, NULL),
(2359, 294, 824, 10, 4, 'EA', '2018-12-11', NULL, NULL),
(2360, 294, 825, 10, 10, 'M', '2018-12-11', NULL, NULL),
(2361, 294, 826, 5, 3.5, 'A', '2018-12-11', NULL, NULL),
(2362, 300, 818, 20, 20, 'M', '2018-12-11', NULL, NULL),
(2363, 300, 819, 20, 0, 'NA', '2018-12-11', NULL, NULL),
(2364, 300, 820, 5, 3.5, 'A', '2018-12-11', NULL, NULL),
(2365, 300, 821, 5, 5, 'M', '2018-12-11', NULL, NULL),
(2366, 300, 822, 5, 3.5, 'A', '2018-12-11', NULL, NULL),
(2367, 300, 823, 5, 0, 'NA', '2018-12-11', NULL, NULL),
(2368, 300, 824, 10, 4, 'EA', '2018-12-11', NULL, NULL),
(2369, 300, 825, 10, 10, 'M', '2018-12-11', NULL, NULL),
(2370, 300, 826, 5, 5, 'M', '2018-12-11', NULL, NULL),
(2371, 296, 818, 20, 20, 'M', '2018-12-11', NULL, NULL),
(2372, 296, 819, 20, 0, 'NA', '2018-12-11', NULL, NULL),
(2373, 296, 820, 5, 2, 'EA', '2018-12-11', NULL, NULL),
(2374, 296, 821, 5, 2, 'EA', '2018-12-11', NULL, NULL),
(2375, 296, 822, 5, 2, 'EA', '2018-12-11', NULL, NULL),
(2376, 296, 823, 5, 5, 'M', '2018-12-11', NULL, NULL),
(2377, 296, 824, 10, 4, 'EA', '2018-12-11', NULL, NULL),
(2378, 296, 825, 10, 7, 'A', '2018-12-11', NULL, NULL),
(2379, 296, 826, 5, 3.5, 'A', '2018-12-11', NULL, NULL),
(2380, 295, 818, 20, 0, 'NA', '2018-12-11', NULL, NULL),
(2381, 295, 819, 20, 20, 'M', '2018-12-11', NULL, NULL),
(2382, 295, 820, 5, 5, 'M', '2018-12-11', NULL, NULL),
(2383, 295, 821, 5, 2, 'EA', '2018-12-11', NULL, NULL),
(2384, 295, 822, 5, 5, 'M', '2018-12-11', NULL, NULL),
(2385, 295, 823, 5, 5, 'M', '2018-12-11', NULL, NULL),
(2386, 295, 824, 10, 4, 'EA', '2018-12-11', NULL, NULL),
(2387, 295, 825, 10, 10, 'M', '2018-12-11', NULL, NULL),
(2388, 295, 826, 5, 0, 'NA', '2018-12-11', NULL, NULL),
(2389, 307, 818, 20, 20, 'M', '2018-12-11', NULL, NULL),
(2390, 307, 819, 20, 0, 'NA', '2018-12-11', NULL, NULL),
(2391, 307, 820, 5, 3.5, 'A', '2018-12-11', NULL, NULL),
(2392, 307, 821, 5, 5, 'M', '2018-12-11', NULL, NULL),
(2393, 307, 822, 5, 5, 'M', '2018-12-11', NULL, NULL),
(2394, 307, 823, 5, 5, 'M', '2018-12-11', NULL, NULL),
(2395, 307, 824, 10, 4, 'EA', '2018-12-11', NULL, NULL),
(2396, 307, 825, 10, 7, 'A', '2018-12-11', NULL, NULL),
(2397, 307, 826, 5, 2, 'EA', '2018-12-11', NULL, NULL),
(2398, 250, 827, 10, 10, 'M', '2018-12-15', NULL, NULL),
(2399, 250, 828, 10, 4, 'EA', '2018-12-15', NULL, NULL),
(2400, 250, 829, 10, 7, 'A', '2018-12-15', NULL, NULL),
(2401, 250, 834, 10, 10, 'M', '2018-12-15', NULL, NULL),
(2402, 250, 835, 5, 5, 'M', '2018-12-15', NULL, NULL),
(2403, 250, 836, 5, 5, 'M', '2018-12-15', NULL, NULL),
(2404, 250, 837, 5, 5, 'M', '2018-12-15', NULL, NULL),
(2405, 237, 827, 10, 4, 'EA', '2018-12-15', NULL, NULL),
(2406, 237, 828, 10, 0, 'NA', '2018-12-15', NULL, NULL),
(2407, 237, 829, 10, 10, 'M', '2018-12-15', NULL, NULL),
(2408, 237, 834, 10, 4, 'EA', '2018-12-15', NULL, NULL),
(2409, 237, 835, 5, 5, 'M', '2018-12-15', NULL, NULL),
(2410, 237, 836, 5, 5, 'M', '2018-12-15', NULL, NULL),
(2411, 237, 837, 5, 5, 'M', '2018-12-15', NULL, NULL),
(2412, 273, 827, 10, 10, 'M', '2018-12-15', NULL, NULL),
(2413, 273, 828, 10, 7, 'A', '2018-12-15', NULL, NULL),
(2414, 273, 829, 10, 10, 'M', '2018-12-15', NULL, NULL),
(2415, 273, 834, 10, 4, 'EA', '2018-12-15', NULL, NULL),
(2416, 273, 835, 5, 5, 'M', '2018-12-15', NULL, NULL),
(2417, 273, 836, 5, 5, 'M', '2018-12-15', NULL, NULL),
(2418, 273, 837, 5, 5, 'M', '2018-12-15', NULL, NULL),
(2419, 238, 827, 10, 4, 'EA', '2018-12-15', NULL, NULL),
(2420, 238, 828, 10, 10, 'M', '2018-12-15', NULL, NULL),
(2421, 238, 829, 10, 4, 'EA', '2018-12-15', NULL, NULL),
(2422, 238, 834, 10, 0, 'NA', '2018-12-15', NULL, NULL),
(2423, 238, 835, 5, 5, 'M', '2018-12-15', NULL, NULL),
(2424, 238, 836, 5, 5, 'M', '2018-12-15', NULL, NULL),
(2425, 238, 837, 5, 5, 'M', '2018-12-15', NULL, NULL),
(2426, 239, 827, 10, 10, 'M', '2018-12-15', NULL, NULL),
(2427, 239, 828, 10, 10, 'M', '2018-12-15', NULL, NULL),
(2428, 239, 829, 10, 4, 'EA', '2018-12-15', NULL, NULL),
(2429, 239, 834, 10, 4, 'EA', '2018-12-15', NULL, NULL),
(2430, 239, 835, 5, 5, 'M', '2018-12-15', NULL, NULL),
(2431, 239, 836, 5, 5, 'M', '2018-12-15', NULL, NULL),
(2432, 239, 837, 5, 5, 'M', '2018-12-15', NULL, NULL),
(2433, 304, 838, 5, 5, 'M', '2018-12-18', NULL, NULL),
(2434, 304, 839, 5, 5, 'M', '2018-12-18', NULL, NULL),
(2435, 304, 840, 2, 2, 'M', '2018-12-18', NULL, NULL),
(2436, 304, 841, 2, 2, 'M', '2018-12-18', NULL, NULL),
(2437, 304, 842, 2, 0.8, 'EA', '2018-12-18', NULL, NULL),
(2438, 304, 843, 2, 2, 'M', '2018-12-18', NULL, NULL),
(2439, 304, 844, 2, 2, 'M', '2018-12-18', NULL, NULL),
(2440, 304, 845, 10, 10, 'M', '2018-12-18', NULL, NULL),
(2441, 304, 846, 10, 7, 'A', '2018-12-18', NULL, NULL),
(2442, 304, 847, 20, 7, 'NA', '2018-12-18', NULL, NULL),
(2443, 304, 849, 10, 4, 'EA', '2018-12-18', NULL, NULL),
(2444, 304, 850, 10, 4, 'EA', '2018-12-18', NULL, NULL),
(2445, 289, 816, 10, 0, 'NA', '2019-01-15', NULL, NULL),
(2446, 289, 856, 20, 0, 'NA', '2019-01-15', NULL, NULL),
(2447, 290, 816, 10, 7, 'A', '2019-01-15', NULL, NULL),
(2448, 290, 856, 20, 8, 'EA', '2019-01-15', NULL, NULL),
(2449, 291, 816, 10, 0, 'NA', '2019-01-15', NULL, NULL),
(2450, 291, 856, 20, 0, 'NA', '2019-01-15', NULL, NULL),
(2451, 292, 816, 10, 7, 'A', '2019-01-15', NULL, NULL),
(2452, 292, 856, 20, 14, 'A', '2019-01-15', NULL, NULL),
(2453, 293, 816, 10, 7, 'A', '2019-01-15', NULL, NULL),
(2454, 293, 856, 20, 14, 'A', '2019-01-15', NULL, NULL),
(2455, 294, 816, 10, 10, 'M', '2019-01-15', NULL, NULL),
(2456, 294, 856, 20, 14, 'A', '2019-01-15', NULL, NULL),
(2457, 295, 816, 10, 10, 'M', '2019-01-15', NULL, NULL),
(2458, 295, 856, 20, 14, 'A', '2019-01-15', NULL, NULL),
(2459, 308, 816, 10, 10, 'M', '2019-01-15', NULL, NULL),
(2460, 308, 856, 20, 8, 'EA', '2019-01-15', NULL, NULL),
(2461, 299, 816, 10, 7, 'A', '2019-01-15', NULL, NULL),
(2462, 299, 856, 20, 8, 'EA', '2019-01-15', NULL, NULL),
(2463, 300, 816, 10, 10, 'M', '2019-01-15', NULL, NULL),
(2464, 300, 856, 20, 14, 'A', '2019-01-15', NULL, NULL),
(2465, 301, 816, 10, 0, 'NA', '2019-01-15', NULL, NULL),
(2466, 301, 856, 20, 0, 'NA', '2019-01-15', NULL, NULL),
(2467, 294, 815, 10, 10, 'M', '2019-01-15', NULL, NULL),
(2468, 294, 854, 10, 10, 'M', '2019-01-15', NULL, NULL),
(2469, 294, 855, 10, 4, 'EA', '2019-01-15', NULL, NULL),
(2470, 289, 815, 10, 10, 'M', '2019-01-15', NULL, NULL),
(2471, 289, 854, 10, 10, 'M', '2019-01-15', NULL, NULL),
(2472, 289, 855, 10, 7, 'A', '2019-01-15', NULL, NULL),
(2473, 291, 815, 10, 4, 'EA', '2019-01-15', NULL, NULL),
(2474, 291, 854, 10, 4, 'EA', '2019-01-15', NULL, NULL),
(2475, 291, 855, 10, 4, 'EA', '2019-01-15', NULL, NULL),
(2476, 292, 815, 10, 10, 'M', '2019-01-15', NULL, NULL),
(2477, 292, 854, 10, 7, 'A', '2019-01-15', NULL, NULL),
(2478, 292, 855, 10, 0, 'NA', '2019-01-15', NULL, NULL),
(2479, 295, 815, 10, 10, 'M', '2019-01-15', NULL, NULL),
(2480, 295, 854, 10, 4, 'EA', '2019-01-15', NULL, NULL),
(2481, 295, 855, 10, 4, 'EA', '2019-01-15', NULL, NULL),
(2482, 299, 815, 10, 10, 'M', '2019-01-15', NULL, NULL),
(2483, 299, 854, 10, 10, 'M', '2019-01-15', NULL, NULL),
(2484, 299, 855, 10, 4, 'EA', '2019-01-15', NULL, NULL),
(2485, 300, 815, 10, 7, 'A', '2019-01-15', NULL, NULL),
(2486, 300, 854, 10, 7, 'A', '2019-01-15', NULL, NULL),
(2487, 300, 855, 10, 4, 'EA', '2019-01-15', NULL, NULL),
(2488, 301, 815, 10, 10, 'M', '2019-01-15', NULL, NULL),
(2489, 301, 854, 10, 10, 'M', '2019-01-15', NULL, NULL),
(2490, 301, 855, 10, 0, 'NA', '2019-01-15', NULL, NULL),
(2491, 274, 814, 5, 5, 'M', '2019-01-15', NULL, NULL),
(2492, 274, 857, 5, 5, 'M', '2019-01-15', NULL, NULL),
(2493, 274, 858, 5, 3.5, 'A', '2019-01-15', NULL, NULL),
(2494, 274, 859, 5, 5, 'M', '2019-01-15', NULL, NULL),
(2495, 277, 814, 5, 5, 'M', '2019-01-15', NULL, NULL),
(2496, 277, 857, 5, 3.5, 'A', '2019-01-15', NULL, NULL),
(2497, 277, 858, 5, 5, 'M', '2019-01-15', NULL, NULL),
(2498, 277, 859, 5, 5, 'M', '2019-01-15', NULL, NULL),
(2499, 303, 814, 5, 5, 'M', '2019-01-15', NULL, NULL),
(2500, 303, 857, 5, 5, 'M', '2019-01-15', NULL, NULL),
(2501, 303, 858, 5, 5, 'M', '2019-01-15', NULL, NULL),
(2502, 303, 859, 5, 5, 'M', '2019-01-15', NULL, NULL),
(2503, 278, 814, 5, 5, 'M', '2019-01-15', NULL, NULL),
(2504, 278, 857, 5, 3.5, 'A', '2019-01-15', NULL, NULL),
(2505, 278, 858, 5, 3.5, 'A', '2019-01-15', NULL, NULL),
(2506, 278, 859, 5, 5, 'M', '2019-01-15', NULL, NULL),
(2507, 304, 814, 5, 5, 'M', '2019-01-15', NULL, NULL),
(2508, 304, 857, 5, 5, 'M', '2019-01-15', NULL, NULL),
(2509, 304, 858, 5, 5, 'M', '2019-01-15', NULL, NULL),
(2510, 304, 859, 5, 5, 'M', '2019-01-15', NULL, NULL),
(2511, 305, 814, 5, 5, 'M', '2019-01-15', NULL, NULL),
(2512, 305, 857, 5, 5, 'M', '2019-01-15', NULL, NULL),
(2513, 305, 858, 5, 2, 'EA', '2019-01-15', NULL, NULL),
(2514, 305, 859, 5, 5, 'M', '2019-01-15', NULL, NULL),
(2515, 279, 814, 5, 3.5, 'A', '2019-01-15', NULL, NULL),
(2516, 279, 857, 5, 3.5, 'A', '2019-01-15', NULL, NULL),
(2517, 279, 858, 5, 2, 'EA', '2019-01-15', NULL, NULL),
(2518, 279, 859, 5, 3.5, 'A', '2019-01-15', NULL, NULL),
(2519, 282, 814, 5, 5, 'M', '2019-01-15', NULL, NULL),
(2520, 282, 857, 5, 3.5, 'A', '2019-01-15', NULL, NULL),
(2521, 282, 858, 5, 5, 'M', '2019-01-15', NULL, NULL),
(2522, 282, 859, 5, 5, 'M', '2019-01-15', NULL, NULL),
(2523, 283, 814, 5, 5, 'M', '2019-01-15', NULL, NULL),
(2524, 283, 857, 5, 5, 'M', '2019-01-15', NULL, NULL),
(2525, 283, 858, 5, 3.5, 'A', '2019-01-15', NULL, NULL),
(2526, 283, 859, 5, 5, 'M', '2019-01-15', NULL, NULL),
(2527, 306, 814, 5, 5, 'M', '2019-01-15', NULL, NULL),
(2528, 306, 857, 5, 5, 'M', '2019-01-15', NULL, NULL),
(2529, 306, 858, 5, 3.5, 'A', '2019-01-15', NULL, NULL),
(2530, 306, 859, 5, 5, 'M', '2019-01-15', NULL, NULL),
(2531, 305, 838, 5, 2, 'EA', '2019-01-29', NULL, NULL),
(2532, 305, 839, 5, 5, 'M', '2019-01-29', NULL, NULL),
(2533, 305, 840, 2, 2, 'M', '2019-01-29', NULL, NULL),
(2534, 305, 841, 2, 2, 'M', '2019-01-29', NULL, NULL),
(2535, 305, 842, 2, 1.4, 'A', '2019-01-29', NULL, NULL),
(2536, 305, 843, 2, 2, 'M', '2019-01-29', NULL, NULL),
(2537, 305, 844, 2, 2, 'M', '2019-01-29', NULL, NULL),
(2538, 305, 845, 10, 10, 'M', '2019-01-29', NULL, NULL),
(2539, 305, 846, 10, 10, 'M', '2019-01-29', NULL, NULL),
(2540, 305, 847, 20, 7, 'NA', '2019-01-29', NULL, NULL),
(2541, 305, 849, 10, 7, 'A', '2019-01-29', NULL, NULL),
(2542, 305, 850, 10, 4, 'EA', '2019-01-29', NULL, NULL),
(2543, 272, 838, 5, 5, 'M', '2019-01-29', NULL, NULL),
(2544, 272, 839, 5, 5, 'M', '2019-01-29', NULL, NULL),
(2545, 272, 840, 2, 2, 'M', '2019-01-29', NULL, NULL),
(2546, 272, 841, 2, 2, 'M', '2019-01-29', NULL, NULL),
(2547, 272, 842, 2, 2, 'M', '2019-01-29', NULL, NULL),
(2548, 272, 843, 2, 2, 'M', '2019-01-29', NULL, NULL),
(2549, 272, 844, 2, NULL, 'NE', '2019-01-29', NULL, NULL),
(2550, 272, 845, 10, 10, 'M', '2019-01-29', NULL, NULL),
(2551, 272, 846, 10, 0, 'NA', '2019-01-29', NULL, NULL),
(2552, 272, 847, 20, 14, 'A', '2019-01-29', NULL, NULL),
(2553, 272, 849, 10, 10, 'M', '2019-01-29', NULL, NULL),
(2554, 272, 850, 10, 10, 'M', '2019-01-29', NULL, NULL),
(2555, 306, 838, 5, 5, 'M', '2019-01-29', NULL, NULL),
(2556, 306, 839, 5, 5, 'M', '2019-01-29', NULL, NULL),
(2557, 306, 840, 2, 2, 'M', '2019-01-29', NULL, NULL),
(2558, 306, 841, 2, 2, 'M', '2019-01-29', NULL, NULL),
(2559, 306, 842, 2, 0.8, 'EA', '2019-01-29', NULL, NULL),
(2560, 306, 843, 2, 2, 'M', '2019-01-29', NULL, NULL),
(2561, 306, 844, 2, 2, 'M', '2019-01-29', NULL, NULL),
(2562, 306, 845, 10, 10, 'M', '2019-01-29', NULL, NULL),
(2563, 306, 846, 10, 7, 'A', '2019-01-29', NULL, NULL),
(2564, 306, 847, 20, 14, 'A', '2019-01-29', NULL, NULL),
(2565, 306, 849, 10, 7, 'A', '2019-01-29', NULL, NULL),
(2566, 306, 850, 10, 7, 'A', '2019-01-29', NULL, NULL),
(2567, 277, 838, 5, 0, 'NA', '2019-01-29', NULL, NULL),
(2568, 277, 839, 5, 5, 'M', '2019-01-29', NULL, NULL),
(2569, 277, 840, 2, 2, 'M', '2019-01-29', NULL, NULL),
(2570, 277, 841, 2, 2, 'M', '2019-01-29', NULL, NULL),
(2571, 277, 842, 2, 2, 'M', '2019-01-29', NULL, NULL),
(2572, 277, 843, 2, 2, 'M', '2019-01-29', NULL, NULL),
(2573, 277, 844, 2, 2, 'M', '2019-01-29', NULL, NULL),
(2574, 277, 845, 10, 10, 'M', '2019-01-29', NULL, NULL),
(2575, 277, 846, 10, 4, 'EA', '2019-01-29', NULL, NULL),
(2576, 277, 847, 20, 14, 'A', '2019-01-29', NULL, NULL),
(2577, 277, 849, 10, 0, 'NA', '2019-01-29', NULL, NULL),
(2578, 277, 850, 10, 0, 'NA', '2019-01-29', NULL, NULL),
(2579, 249, 838, 5, 5, 'M', '2019-01-29', NULL, NULL),
(2580, 249, 839, 5, 3.5, 'A', '2019-01-29', NULL, NULL),
(2581, 249, 840, 2, 2, 'M', '2019-01-29', NULL, NULL),
(2582, 249, 841, 2, 2, 'M', '2019-01-29', NULL, NULL),
(2583, 249, 842, 2, 0, 'NA', '2019-01-29', NULL, NULL),
(2584, 249, 843, 2, 2, 'M', '2019-01-29', NULL, NULL),
(2585, 249, 844, 2, 2, 'M', '2019-01-29', NULL, NULL),
(2586, 249, 845, 10, 10, 'M', '2019-01-29', NULL, NULL),
(2587, 249, 846, 10, 7, 'A', '2019-01-29', NULL, NULL),
(2588, 249, 847, 20, 8, 'EA', '2019-01-29', NULL, NULL),
(2589, 249, 849, 10, 10, 'M', '2019-01-29', NULL, NULL),
(2590, 249, 850, 10, 4, 'EA', '2019-01-29', NULL, NULL),
(2591, 282, 840, 2, 2, 'M', '2019-01-29', NULL, NULL),
(2592, 282, 841, 2, 2, 'M', '2019-01-29', NULL, NULL),
(2593, 282, 842, 2, 0.8, 'EA', '2019-01-29', NULL, NULL),
(2594, 282, 843, 2, 0.8, 'EA', '2019-01-29', NULL, NULL),
(2595, 282, 844, 2, 2, 'M', '2019-01-29', NULL, NULL),
(2596, 282, 845, 10, 10, 'M', '2019-01-29', NULL, NULL),
(2597, 282, 846, 10, 7, 'A', '2019-01-29', NULL, NULL),
(2598, 282, 847, 20, 14, 'A', '2019-01-29', NULL, NULL),
(2599, 282, 849, 10, 4, 'EA', '2019-01-29', NULL, NULL),
(2600, 282, 850, 10, 4, 'EA', '2019-01-29', NULL, NULL),
(2601, 279, 838, 5, 2, 'EA', '2019-01-29', NULL, NULL),
(2602, 279, 839, 5, 5, 'M', '2019-01-29', NULL, NULL),
(2603, 279, 840, 2, 2, 'M', '2019-01-29', NULL, NULL),
(2604, 279, 841, 2, 2, 'M', '2019-01-29', NULL, NULL),
(2605, 279, 842, 2, 2, 'M', '2019-01-29', NULL, NULL),
(2606, 279, 843, 2, 2, 'M', '2019-01-29', NULL, NULL),
(2607, 279, 844, 2, 1.4, 'A', '2019-01-29', NULL, NULL),
(2608, 279, 845, 10, 10, 'M', '2019-01-29', NULL, NULL),
(2609, 279, 846, 10, 10, 'M', '2019-01-29', NULL, NULL),
(2610, 279, 847, 20, 14, 'A', '2019-01-29', NULL, NULL),
(2611, 279, 849, 10, 4, 'EA', '2019-01-29', NULL, NULL),
(2612, 279, 850, 10, 7, 'A', '2019-01-29', NULL, NULL),
(2613, 283, 838, 5, 5, 'M', '2019-01-29', NULL, NULL),
(2614, 283, 839, 5, 5, 'M', '2019-01-29', NULL, NULL),
(2615, 283, 840, 2, 2, 'M', '2019-01-29', NULL, NULL),
(2616, 283, 841, 2, 2, 'M', '2019-01-29', NULL, NULL),
(2617, 283, 842, 2, 2, 'M', '2019-01-29', NULL, NULL),
(2618, 283, 843, 2, 2, 'M', '2019-01-29', NULL, NULL),
(2619, 283, 844, 2, 2, 'M', '2019-01-29', NULL, NULL),
(2620, 283, 845, 10, 4, 'EA', '2019-01-29', NULL, NULL),
(2621, 283, 846, 10, 10, 'M', '2019-01-29', NULL, NULL),
(2622, 283, 847, 20, 8, 'EA', '2019-01-29', NULL, NULL),
(2623, 283, 849, 10, 7, 'A', '2019-01-29', NULL, NULL),
(2624, 283, 850, 10, 10, 'M', '2019-01-29', NULL, NULL),
(2625, 278, 838, 5, 5, 'M', '2019-01-29', NULL, NULL),
(2626, 278, 839, 5, 5, 'M', '2019-01-29', NULL, NULL),
(2627, 278, 840, 2, 2, 'M', '2019-01-29', NULL, NULL),
(2628, 278, 841, 2, 2, 'M', '2019-01-29', NULL, NULL),
(2629, 278, 842, 2, 2, 'M', '2019-01-29', NULL, NULL),
(2630, 278, 843, 2, 2, 'M', '2019-01-29', NULL, NULL),
(2631, 278, 844, 2, 2, 'M', '2019-01-29', NULL, NULL),
(2632, 278, 845, 10, 10, 'M', '2019-01-29', NULL, NULL),
(2633, 278, 846, 10, 10, 'M', '2019-01-29', NULL, NULL),
(2634, 278, 847, 20, 14, 'A', '2019-01-29', NULL, NULL),
(2635, 278, 849, 10, 7, 'A', '2019-01-29', NULL, NULL),
(2636, 278, 850, 10, 10, 'M', '2019-01-29', NULL, NULL),
(2637, 281, 838, 5, 2, 'EA', '2019-01-29', NULL, NULL),
(2638, 281, 839, 5, 5, 'M', '2019-01-29', NULL, NULL),
(2639, 281, 840, 2, 2, 'M', '2019-01-29', NULL, NULL),
(2640, 281, 841, 2, 2, 'M', '2019-01-29', NULL, NULL),
(2641, 281, 842, 2, 2, 'M', '2019-01-29', NULL, NULL),
(2642, 281, 843, 2, 2, 'M', '2019-01-29', NULL, NULL),
(2643, 281, 844, 2, 2, 'M', '2019-01-29', NULL, NULL),
(2644, 281, 845, 10, 10, 'M', '2019-01-29', NULL, NULL),
(2645, 281, 846, 10, 7, 'A', '2019-01-29', NULL, NULL),
(2646, 281, 847, 20, 20, 'M', '2019-01-29', NULL, NULL),
(2647, 281, 849, 10, 0, 'NA', '2019-01-29', NULL, NULL),
(2648, 281, 850, 10, 7, 'A', '2019-01-29', NULL, NULL),
(2649, 274, 838, 5, 5, 'M', '2019-01-29', NULL, NULL),
(2650, 274, 839, 5, 5, 'M', '2019-01-29', NULL, NULL),
(2651, 274, 840, 2, 2, 'M', '2019-01-29', NULL, NULL),
(2652, 274, 841, 2, 2, 'M', '2019-01-29', NULL, NULL),
(2653, 274, 842, 2, 1.4, 'A', '2019-01-29', NULL, NULL),
(2654, 274, 843, 2, 2, 'M', '2019-01-29', NULL, NULL),
(2655, 274, 844, 2, 2, 'M', '2019-01-29', NULL, NULL),
(2656, 274, 845, 10, 10, 'M', '2019-01-29', NULL, NULL),
(2657, 274, 846, 10, 7, 'A', '2019-01-29', NULL, NULL),
(2658, 274, 847, 20, 14, 'A', '2019-01-29', NULL, NULL),
(2659, 274, 849, 10, 7, 'A', '2019-01-29', NULL, NULL),
(2660, 274, 850, 10, 10, 'M', '2019-01-29', NULL, NULL),
(2661, 303, 838, 5, 5, 'M', '2019-01-29', NULL, NULL),
(2662, 303, 839, 5, 5, 'M', '2019-01-29', NULL, NULL),
(2663, 303, 840, 2, 2, 'M', '2019-01-29', NULL, NULL),
(2664, 303, 841, 2, 2, 'M', '2019-01-29', NULL, NULL),
(2665, 303, 842, 2, 2, 'M', '2019-01-29', NULL, NULL),
(2666, 303, 843, 2, 2, 'M', '2019-01-29', NULL, NULL),
(2667, 303, 844, 2, 1.4, 'A', '2019-01-29', NULL, NULL),
(2668, 303, 845, 10, 10, 'M', '2019-01-29', NULL, NULL),
(2669, 303, 846, 10, 7, 'A', '2019-01-29', NULL, NULL),
(2670, 303, 847, 20, 8, 'EA', '2019-01-29', NULL, NULL),
(2671, 303, 849, 10, 7, 'A', '2019-01-29', NULL, NULL),
(2672, 303, 850, 10, 10, 'M', '2019-01-29', NULL, NULL),
(2673, 300, 864, 5, 5, 'M', '2019-01-31', NULL, NULL),
(2674, 300, 865, 5, 5, 'M', '2019-01-31', NULL, NULL),
(2675, 292, 864, 5, 3.5, 'A', '2019-01-31', NULL, NULL),
(2676, 292, 865, 5, 5, 'M', '2019-01-31', NULL, NULL),
(2677, 295, 864, 5, 3.5, 'A', '2019-01-31', NULL, NULL),
(2678, 295, 865, 5, 5, 'M', '2019-01-31', NULL, NULL),
(2679, 298, 864, 5, 5, 'M', '2019-01-31', NULL, NULL),
(2680, 298, 865, 5, 3.5, 'A', '2019-01-31', NULL, NULL),
(2681, 308, 864, 5, 5, 'M', '2019-01-31', NULL, NULL),
(2682, 308, 865, 5, 5, 'M', '2019-01-31', NULL, NULL),
(2683, 301, 864, 5, 3.5, 'A', '2019-01-31', NULL, NULL),
(2684, 301, 865, 5, 3.5, 'A', '2019-01-31', NULL, NULL),
(2685, 289, 851, 10, 4, 'EA', '2019-01-31', NULL, NULL),
(2686, 289, 853, 5, 5, 'M', '2019-01-31', NULL, NULL),
(2687, 289, 852, 10, 10, 'M', '2019-01-31', NULL, NULL),
(2688, 292, 851, 10, 4, 'EA', '2019-01-31', NULL, NULL),
(2689, 292, 853, 5, 5, 'M', '2019-01-31', NULL, NULL),
(2690, 292, 852, 10, 10, 'M', '2019-01-31', NULL, NULL),
(2691, 293, 851, 10, 4, 'EA', '2019-01-31', NULL, NULL),
(2692, 293, 853, 5, 5, 'M', '2019-01-31', NULL, NULL),
(2693, 293, 852, 10, 10, 'M', '2019-01-31', NULL, NULL),
(2694, 295, 851, 10, 4, 'EA', '2019-01-31', NULL, NULL),
(2695, 295, 853, 5, 5, 'M', '2019-01-31', NULL, NULL),
(2696, 295, 852, 10, 10, 'M', '2019-01-31', NULL, NULL),
(2697, 301, 851, 10, 7, 'A', '2019-01-31', NULL, NULL),
(2698, 301, 853, 5, 5, 'M', '2019-01-31', NULL, NULL),
(2699, 301, 852, 10, 10, 'M', '2019-01-31', NULL, NULL),
(2700, 300, 851, 10, 10, 'M', '2019-01-31', NULL, NULL),
(2701, 300, 853, 5, 5, 'M', '2019-01-31', NULL, NULL),
(2702, 300, 852, 10, 4, 'EA', '2019-01-31', NULL, NULL),
(2703, 308, 851, 10, 7, 'A', '2019-01-31', NULL, NULL),
(2704, 308, 853, 5, 5, 'M', '2019-01-31', NULL, NULL),
(2705, 308, 852, 10, 4, 'EA', '2019-01-31', NULL, NULL),
(2706, 292, 860, 10, 7, 'A', '2019-01-31', NULL, NULL),
(2707, 292, 861, 5, 2, 'EA', '2019-01-31', NULL, NULL),
(2708, 292, 862, 5, 2, 'EA', '2019-01-31', NULL, NULL),
(2709, 292, 863, 5, 2, 'EA', '2019-01-31', NULL, NULL),
(2710, 295, 860, 10, 4, 'EA', '2019-01-31', NULL, NULL),
(2711, 295, 861, 5, 5, 'M', '2019-01-31', NULL, NULL),
(2712, 295, 862, 5, 2, 'EA', '2019-01-31', NULL, NULL),
(2713, 295, 863, 5, 2, 'EA', '2019-01-31', NULL, NULL),
(2714, 299, 860, 10, 10, 'M', '2019-01-31', NULL, NULL),
(2715, 299, 861, 5, 5, 'M', '2019-01-31', NULL, NULL),
(2716, 299, 862, 5, 2, 'EA', '2019-01-31', NULL, NULL),
(2717, 299, 863, 5, 3.5, 'A', '2019-01-31', NULL, NULL),
(2718, 301, 860, 10, 10, 'M', '2019-01-31', NULL, NULL),
(2719, 301, 861, 5, 5, 'M', '2019-01-31', NULL, NULL),
(2720, 301, 862, 5, 5, 'M', '2019-01-31', NULL, NULL),
(2721, 301, 863, 5, 3.5, 'A', '2019-01-31', NULL, NULL),
(2722, 300, 860, 10, 7, 'A', '2019-01-31', NULL, NULL),
(2723, 300, 861, 5, 5, 'M', '2019-01-31', NULL, NULL),
(2724, 300, 862, 5, 5, 'M', '2019-01-31', NULL, NULL),
(2725, 300, 863, 5, 3.5, 'A', '2019-01-31', NULL, NULL),
(2726, 308, 860, 10, 4, 'EA', '2019-01-31', NULL, NULL),
(2727, 308, 861, 5, 5, 'M', '2019-01-31', NULL, NULL),
(2728, 308, 862, 5, 2, 'EA', '2019-01-31', NULL, NULL),
(2729, 308, 863, 5, 3.5, 'A', '2019-01-31', NULL, NULL),
(2730, 289, 864, 5, 5, 'M', '2019-01-31', NULL, NULL),
(2731, 289, 865, 5, 3.5, 'A', '2019-01-31', NULL, NULL),
(2732, 290, 851, 10, 4, 'EA', '2019-02-05', NULL, NULL),
(2733, 290, 853, 5, 5, 'M', '2019-02-05', NULL, NULL),
(2734, 290, 852, 10, 10, 'M', '2019-02-05', NULL, NULL),
(2735, 289, 860, 10, 10, 'M', '2019-02-05', NULL, NULL),
(2736, 289, 861, 5, 5, 'M', '2019-02-05', NULL, NULL),
(2737, 289, 862, 5, 2, 'EA', '2019-02-05', NULL, NULL),
(2738, 289, 863, 5, 3.5, 'A', '2019-02-05', NULL, NULL),
(2739, 291, 851, 10, 7, 'A', '2019-02-05', NULL, NULL),
(2740, 291, 853, 5, 5, 'M', '2019-02-05', NULL, NULL),
(2741, 291, 852, 10, 10, 'M', '2019-02-05', NULL, NULL),
(2742, 290, 860, 10, 10, 'M', '2019-02-05', NULL, NULL),
(2743, 290, 861, 5, 5, 'M', '2019-02-05', NULL, NULL),
(2744, 290, 862, 5, 2, 'EA', '2019-02-05', NULL, NULL),
(2745, 290, 863, 5, 2, 'EA', '2019-02-05', NULL, NULL),
(2746, 290, 864, 5, 2, 'EA', '2019-02-05', NULL, NULL),
(2747, 290, 865, 5, 3.5, 'A', '2019-02-05', NULL, NULL),
(2748, 293, 860, 10, 10, 'M', '2019-02-05', NULL, NULL),
(2749, 293, 861, 5, 5, 'M', '2019-02-05', NULL, NULL),
(2750, 293, 862, 5, 5, 'M', '2019-02-05', NULL, NULL),
(2751, 293, 863, 5, 2, 'EA', '2019-02-05', NULL, NULL),
(2752, 294, 864, 5, 5, 'M', '2019-02-05', NULL, NULL),
(2753, 294, 865, 5, 5, 'M', '2019-02-05', NULL, NULL),
(2754, 292, 867, 10, 4, 'EA', '2019-02-05', NULL, NULL),
(2755, 292, 868, 5, 2, 'EA', '2019-02-05', NULL, NULL),
(2756, 293, 864, 5, 5, 'M', '2019-02-05', NULL, NULL),
(2757, 293, 865, 5, 5, 'M', '2019-02-05', NULL, NULL),
(2758, 294, 851, 10, 4, 'EA', '2019-02-05', NULL, NULL),
(2759, 294, 853, 5, 5, 'M', '2019-02-05', NULL, NULL),
(2760, 294, 852, 10, 10, 'M', '2019-02-05', NULL, NULL),
(2761, 299, 867, 10, 7, 'A', '2019-02-05', NULL, NULL),
(2762, 299, 868, 5, 5, 'M', '2019-02-05', NULL, NULL),
(2763, 299, 864, 5, 3.5, 'A', '2019-02-05', NULL, NULL);
INSERT INTO `result` (`id`, `student_id`, `assessment_id`, `max_vote`, `user_vote`, `user_letter`, `date`, `was_absent`, `comment`) VALUES
(2764, 299, 865, 5, 5, 'M', '2019-02-05', NULL, NULL),
(2765, 299, 851, 10, 4, 'EA', '2019-02-05', NULL, NULL),
(2766, 299, 853, 5, 5, 'M', '2019-02-05', NULL, NULL),
(2767, 299, 852, 10, 4, 'EA', '2019-02-05', NULL, NULL),
(2768, 308, 878, 1, 0, 'NA', '2019-02-07', NULL, NULL),
(2769, 308, 879, 1, 1, 'M', '2019-02-07', NULL, NULL),
(2770, 308, 880, 1, 1, 'M', '2019-02-07', NULL, NULL),
(2771, 308, 881, 1, 1, 'M', '2019-02-07', NULL, NULL),
(2772, 308, 882, 1, 1, 'M', '2019-02-07', NULL, NULL),
(2773, 308, 883, 1, 0, 'NA', '2019-02-07', NULL, NULL),
(2774, 308, 885, 1, 0.7, 'A', '2019-02-07', NULL, NULL),
(2775, 308, 886, 1, 0.4, 'EA', '2019-02-07', NULL, NULL),
(2776, 308, 887, 1, 0.7, 'A', '2019-02-07', NULL, NULL),
(2777, 308, 871, 5, 5, 'M', '2019-02-07', NULL, NULL),
(2778, 308, 872, 5, 5, 'M', '2019-02-07', NULL, NULL),
(2779, 308, 873, 5, 5, 'M', '2019-02-07', NULL, NULL),
(2780, 308, 874, 5, 5, 'M', '2019-02-07', NULL, NULL),
(2781, 293, 878, 1, 0, 'NA', '2019-02-07', NULL, NULL),
(2782, 293, 879, 1, 1, 'M', '2019-02-07', NULL, NULL),
(2783, 293, 880, 1, 1, 'M', '2019-02-07', NULL, NULL),
(2784, 293, 881, 1, 1, 'M', '2019-02-07', NULL, NULL),
(2785, 293, 882, 1, 0, 'NA', '2019-02-07', NULL, NULL),
(2786, 293, 883, 1, 1, 'M', '2019-02-07', NULL, NULL),
(2787, 293, 885, 1, 1, 'M', '2019-02-07', NULL, NULL),
(2788, 293, 886, 1, 1, 'M', '2019-02-07', NULL, NULL),
(2789, 293, 887, 1, 0.7, 'A', '2019-02-07', NULL, NULL),
(2790, 293, 871, 5, 5, 'M', '2019-02-07', NULL, NULL),
(2791, 293, 872, 5, 5, 'M', '2019-02-07', NULL, NULL),
(2792, 293, 873, 5, 5, 'M', '2019-02-07', NULL, NULL),
(2793, 293, 874, 5, 5, 'M', '2019-02-07', NULL, NULL),
(2794, 301, 878, 1, 1, 'M', '2019-02-07', NULL, NULL),
(2795, 301, 879, 1, 1, 'M', '2019-02-07', NULL, NULL),
(2796, 301, 880, 1, 1, 'M', '2019-02-07', NULL, NULL),
(2797, 301, 881, 1, 1, 'M', '2019-02-07', NULL, NULL),
(2798, 301, 882, 1, 0, 'NA', '2019-02-07', NULL, NULL),
(2799, 301, 883, 1, 0, 'NA', '2019-02-07', NULL, NULL),
(2800, 301, 885, 1, 1, 'M', '2019-02-07', NULL, NULL),
(2801, 301, 886, 1, 1, 'M', '2019-02-07', NULL, NULL),
(2802, 301, 887, 1, 1, 'M', '2019-02-07', NULL, NULL),
(2803, 301, 871, 5, 5, 'M', '2019-02-07', NULL, NULL),
(2804, 301, 872, 5, 5, 'M', '2019-02-07', NULL, NULL),
(2805, 301, 873, 5, 5, 'M', '2019-02-07', NULL, NULL),
(2806, 301, 874, 5, 5, 'M', '2019-02-07', NULL, NULL),
(2807, 289, 878, 1, 1, 'M', '2019-02-07', NULL, NULL),
(2808, 289, 879, 1, 1, 'M', '2019-02-07', NULL, NULL),
(2809, 289, 880, 1, 1, 'M', '2019-02-07', NULL, NULL),
(2810, 289, 881, 1, 1, 'M', '2019-02-07', NULL, NULL),
(2811, 289, 882, 1, 0, 'NA', '2019-02-07', NULL, NULL),
(2812, 289, 883, 1, 1, 'M', '2019-02-07', NULL, NULL),
(2813, 289, 885, 1, 0.7, 'A', '2019-02-07', NULL, NULL),
(2814, 289, 886, 1, 0.7, 'A', '2019-02-07', NULL, NULL),
(2815, 289, 887, 1, 1, 'M', '2019-02-07', NULL, NULL),
(2816, 299, 878, 1, 1, 'M', '2019-02-07', NULL, NULL),
(2817, 299, 879, 1, 0.7, 'A', '2019-02-07', NULL, NULL),
(2818, 299, 880, 1, 1, 'M', '2019-02-07', NULL, NULL),
(2819, 299, 881, 1, 1, 'M', '2019-02-07', NULL, NULL),
(2820, 299, 882, 1, 1, 'M', '2019-02-07', NULL, NULL),
(2821, 299, 883, 1, 1, 'M', '2019-02-07', NULL, NULL),
(2822, 299, 885, 1, 1, 'M', '2019-02-07', NULL, NULL),
(2823, 299, 886, 1, 0.7, 'A', '2019-02-07', NULL, NULL),
(2824, 299, 887, 1, 0.7, 'A', '2019-02-07', NULL, NULL),
(2825, 290, 878, 1, 1, 'M', '2019-02-07', NULL, NULL),
(2826, 290, 879, 1, 1, 'M', '2019-02-07', NULL, NULL),
(2827, 290, 880, 1, 1, 'M', '2019-02-07', NULL, NULL),
(2828, 290, 881, 1, 1, 'M', '2019-02-07', NULL, NULL),
(2829, 290, 882, 1, 1, 'M', '2019-02-07', NULL, NULL),
(2830, 290, 883, 1, 0, 'NA', '2019-02-07', NULL, NULL),
(2831, 290, 885, 1, 0.7, 'A', '2019-02-07', NULL, NULL),
(2832, 290, 886, 1, 0.4, 'EA', '2019-02-07', NULL, NULL),
(2833, 290, 887, 1, 1, 'M', '2019-02-07', NULL, NULL),
(2834, 295, 878, 1, 0.7, 'A', '2019-02-07', NULL, NULL),
(2835, 295, 880, 1, 1, 'M', '2019-02-07', NULL, NULL),
(2836, 295, 881, 1, 1, 'M', '2019-02-07', NULL, NULL),
(2837, 295, 882, 1, 1, 'M', '2019-02-07', NULL, NULL),
(2838, 295, 883, 1, 0, 'NA', '2019-02-07', NULL, NULL),
(2839, 295, 885, 1, 1, 'M', '2019-02-07', NULL, NULL),
(2840, 295, 886, 1, 0.4, 'EA', '2019-02-07', NULL, NULL),
(2841, 295, 887, 1, 0.7, 'A', '2019-02-07', NULL, NULL),
(2842, 295, 871, 5, 5, 'M', '2019-02-07', NULL, NULL),
(2843, 295, 872, 5, 3.5, 'A', '2019-02-07', NULL, NULL),
(2844, 295, 873, 5, 5, 'M', '2019-02-07', NULL, NULL),
(2845, 295, 874, 5, 5, 'M', '2019-02-07', NULL, NULL),
(2846, 291, 878, 1, 1, 'M', '2019-02-07', NULL, NULL),
(2847, 291, 879, 1, 0, 'NA', '2019-02-07', NULL, NULL),
(2848, 291, 880, 1, 1, 'M', '2019-02-07', NULL, NULL),
(2849, 291, 881, 1, 1, 'M', '2019-02-07', NULL, NULL),
(2850, 291, 882, 1, 1, 'M', '2019-02-07', NULL, NULL),
(2851, 291, 883, 1, 0, 'NA', '2019-02-07', NULL, NULL),
(2852, 291, 885, 1, 1, 'M', '2019-02-07', NULL, NULL),
(2853, 291, 886, 1, 0, 'NA', '2019-02-07', NULL, NULL),
(2854, 291, 887, 1, 1, 'M', '2019-02-07', NULL, NULL),
(2855, 291, 871, 5, 5, 'M', '2019-02-07', NULL, NULL),
(2856, 291, 872, 5, 3.5, 'A', '2019-02-07', NULL, NULL),
(2857, 291, 873, 5, 5, 'M', '2019-02-07', NULL, NULL),
(2858, 291, 874, 5, 5, 'M', '2019-02-07', NULL, NULL),
(2859, 293, 867, 10, 7, 'A', '2019-02-14', NULL, NULL),
(2860, 293, 868, 5, 2, 'EA', '2019-02-14', NULL, NULL),
(2861, 291, 864, 5, 2, 'EA', '2019-02-14', NULL, NULL),
(2862, 291, 865, 5, 3.5, 'A', '2019-02-14', NULL, NULL),
(2863, 291, 860, 10, 10, 'M', '2019-02-14', NULL, NULL),
(2864, 291, 861, 5, 5, 'M', '2019-02-14', NULL, NULL),
(2865, 291, 862, 5, 5, 'M', '2019-02-14', NULL, NULL),
(2866, 291, 863, 5, 5, 'M', '2019-02-14', NULL, NULL),
(2867, 294, 867, 10, 0, 'NA', '2019-02-14', NULL, NULL),
(2868, 294, 868, 5, 2, 'EA', '2019-02-14', NULL, NULL),
(2869, 295, 867, 10, 4, 'EA', '2019-02-14', NULL, NULL),
(2870, 295, 868, 5, 2, 'EA', '2019-02-14', NULL, NULL),
(2871, 296, 851, 10, 0, 'NA', '2019-02-14', NULL, NULL),
(2872, 296, 853, 5, 5, 'M', '2019-02-14', NULL, NULL),
(2873, 296, 852, 10, 7, 'A', '2019-02-14', NULL, NULL),
(2874, 300, 867, 10, 4, 'EA', '2019-02-14', NULL, NULL),
(2875, 300, 868, 5, 3.5, 'A', '2019-02-14', NULL, NULL),
(2876, 301, 867, 10, 7, 'A', '2019-02-14', NULL, NULL),
(2877, 301, 868, 5, 3.5, 'A', '2019-02-14', NULL, NULL),
(2878, 296, 816, 10, 10, 'M', '2019-02-14', NULL, NULL),
(2879, 296, 856, 20, 14, 'A', '2019-02-14', NULL, NULL),
(2880, 298, 851, 10, 4, 'EA', '2019-02-14', NULL, NULL),
(2881, 298, 853, 5, 5, 'M', '2019-02-14', NULL, NULL),
(2882, 298, 852, 10, 7, 'A', '2019-02-14', NULL, NULL),
(2883, 274, 817, 5, 5, 'M', '2019-02-14', NULL, NULL),
(2884, 274, 894, 10, 7, 'A', '2019-02-14', NULL, NULL),
(2885, 274, 896, 10, 10, 'M', '2019-02-14', NULL, NULL),
(2886, 274, 895, 5, 5, 'M', '2019-02-14', NULL, NULL),
(2887, 303, 817, 5, 5, 'M', '2019-02-14', NULL, NULL),
(2888, 303, 894, 10, 7, 'A', '2019-02-14', NULL, NULL),
(2889, 303, 896, 10, 10, 'M', '2019-02-14', NULL, NULL),
(2890, 303, 895, 5, 5, 'M', '2019-02-14', NULL, NULL),
(2891, 278, 817, 5, 5, 'M', '2019-02-14', NULL, NULL),
(2892, 278, 894, 10, 7, 'A', '2019-02-14', NULL, NULL),
(2893, 278, 896, 10, 10, 'M', '2019-02-14', NULL, NULL),
(2894, 278, 895, 5, 5, 'M', '2019-02-14', NULL, NULL),
(2895, 305, 817, 5, 5, 'M', '2019-02-14', NULL, NULL),
(2896, 305, 894, 10, 7, 'A', '2019-02-14', NULL, NULL),
(2897, 305, 896, 10, 10, 'M', '2019-02-14', NULL, NULL),
(2898, 305, 895, 5, 5, 'M', '2019-02-14', NULL, NULL),
(2899, 282, 817, 5, 5, 'M', '2019-02-14', NULL, NULL),
(2900, 282, 894, 10, 7, 'A', '2019-02-14', NULL, NULL),
(2901, 282, 896, 10, 10, 'M', '2019-02-14', NULL, NULL),
(2902, 282, 895, 5, 5, 'M', '2019-02-14', NULL, NULL),
(2903, 249, 817, 5, 5, 'M', '2019-02-14', NULL, NULL),
(2904, 249, 894, 10, 4, 'EA', '2019-02-14', NULL, NULL),
(2905, 249, 896, 10, 10, 'M', '2019-02-14', NULL, NULL),
(2906, 249, 895, 5, 5, 'M', '2019-02-14', NULL, NULL),
(2907, 279, 817, 5, 2, 'EA', '2019-02-14', NULL, NULL),
(2908, 279, 894, 10, 7, 'A', '2019-02-14', NULL, NULL),
(2909, 279, 896, 10, 7, 'A', '2019-02-14', NULL, NULL),
(2910, 279, 895, 5, 5, 'M', '2019-02-14', NULL, NULL),
(2911, 281, 817, 5, 5, 'M', '2019-02-14', NULL, NULL),
(2912, 281, 894, 10, 7, 'A', '2019-02-14', NULL, NULL),
(2913, 281, 896, 10, 10, 'M', '2019-02-14', NULL, NULL),
(2914, 281, 895, 5, 5, 'M', '2019-02-14', NULL, NULL),
(2915, 306, 817, 5, 5, 'M', '2019-02-14', NULL, NULL),
(2916, 306, 894, 10, 4, 'EA', '2019-02-14', NULL, NULL),
(2917, 306, 896, 10, 10, 'M', '2019-02-14', NULL, NULL),
(2918, 306, 895, 5, 5, 'M', '2019-02-14', NULL, NULL),
(2919, 300, 878, 1, 0, 'NA', '2019-02-14', NULL, NULL),
(2920, 300, 879, 1, 1, 'M', '2019-02-14', NULL, NULL),
(2921, 300, 880, 1, 1, 'M', '2019-02-14', NULL, NULL),
(2922, 300, 881, 1, 1, 'M', '2019-02-14', NULL, NULL),
(2923, 300, 882, 1, 0, 'NA', '2019-02-14', NULL, NULL),
(2924, 300, 883, 1, 0, 'NA', '2019-02-14', NULL, NULL),
(2925, 300, 884, 1, 1, 'M', '2019-02-14', NULL, NULL),
(2926, 300, 886, 1, 1, 'M', '2019-02-14', NULL, NULL),
(2927, 300, 871, 5, 5, 'M', '2019-02-14', NULL, NULL),
(2928, 300, 872, 5, 5, 'M', '2019-02-14', NULL, NULL),
(2929, 300, 873, 5, 5, 'M', '2019-02-14', NULL, NULL),
(2930, 300, 874, 5, 5, 'M', '2019-02-14', NULL, NULL),
(2931, 300, 885, 1, 1, 'M', '2019-02-14', NULL, NULL),
(2932, 300, 887, 1, 1, 'M', '2019-02-14', NULL, NULL),
(2933, 292, 878, 1, 1, 'M', '2019-02-14', NULL, NULL),
(2934, 292, 879, 1, 1, 'M', '2019-02-14', NULL, NULL),
(2935, 292, 880, 1, 1, 'M', '2019-02-14', NULL, NULL),
(2936, 292, 881, 1, 1, 'M', '2019-02-14', NULL, NULL),
(2937, 292, 882, 1, 0, 'NA', '2019-02-14', NULL, NULL),
(2938, 292, 883, 1, 0, 'NA', '2019-02-14', NULL, NULL),
(2939, 292, 886, 1, 0.4, 'EA', '2019-02-14', NULL, NULL),
(2940, 292, 871, 5, 5, 'M', '2019-02-14', NULL, NULL),
(2941, 292, 872, 5, 5, 'M', '2019-02-14', NULL, NULL),
(2942, 292, 873, 5, 5, 'M', '2019-02-14', NULL, NULL),
(2943, 292, 874, 5, 5, 'M', '2019-02-14', NULL, NULL),
(2944, 292, 885, 1, 1, 'M', '2019-02-14', NULL, NULL),
(2945, 292, 887, 1, 1, 'M', '2019-02-14', NULL, NULL),
(2946, 207, 866, 5, 5, 'M', '2019-02-21', NULL, NULL),
(2947, 207, 903, 5, 5, 'M', '2019-02-21', NULL, NULL),
(2948, 207, 904, 5, 5, 'M', '2019-02-21', NULL, NULL),
(2949, 207, 905, 5, 0, 'NA', '2019-02-21', NULL, NULL),
(2950, 284, 866, 5, 3.5, 'A', '2019-02-21', NULL, NULL),
(2951, 284, 903, 5, 3.5, 'A', '2019-02-21', NULL, NULL),
(2952, 284, 904, 5, 3.5, 'A', '2019-02-21', NULL, NULL),
(2953, 284, 905, 5, 2, 'EA', '2019-02-21', NULL, NULL),
(2954, 243, 866, 5, 5, 'M', '2019-02-21', NULL, NULL),
(2955, 243, 903, 5, 2, 'EA', '2019-02-21', NULL, NULL),
(2956, 243, 904, 5, 3.5, 'A', '2019-02-21', NULL, NULL),
(2957, 243, 905, 5, 5, 'M', '2019-02-21', NULL, NULL),
(2958, 291, 869, 10, 10, 'M', '2019-02-21', NULL, NULL),
(2959, 291, 870, 10, 10, 'M', '2019-02-21', NULL, NULL),
(2960, 291, 875, 10, 4, 'EA', '2019-02-21', NULL, NULL),
(2961, 291, 876, 10, 4, 'EA', '2019-02-21', NULL, NULL),
(2962, 291, 877, 5, 5, 'M', '2019-02-21', NULL, NULL),
(2963, 292, 869, 10, 10, 'M', '2019-02-21', NULL, NULL),
(2964, 292, 870, 10, 10, 'M', '2019-02-21', NULL, NULL),
(2965, 292, 875, 10, 7, 'A', '2019-02-21', NULL, NULL),
(2966, 292, 876, 10, 4, 'EA', '2019-02-21', NULL, NULL),
(2967, 292, 877, 5, 5, 'M', '2019-02-21', NULL, NULL),
(2968, 293, 869, 10, 10, 'M', '2019-02-21', NULL, NULL),
(2969, 293, 870, 10, 10, 'M', '2019-02-21', NULL, NULL),
(2970, 293, 875, 10, 7, 'A', '2019-02-21', NULL, NULL),
(2971, 293, 876, 10, 4, 'EA', '2019-02-21', NULL, NULL),
(2972, 293, 877, 5, 5, 'M', '2019-02-21', NULL, NULL),
(2973, 295, 869, 10, 10, 'M', '2019-02-21', NULL, NULL),
(2974, 295, 870, 10, 4, 'EA', '2019-02-21', NULL, NULL),
(2975, 295, 875, 10, 7, 'A', '2019-02-21', NULL, NULL),
(2976, 295, 876, 10, 10, 'M', '2019-02-21', NULL, NULL),
(2977, 295, 877, 5, 5, 'M', '2019-02-21', NULL, NULL),
(2978, 308, 869, 10, 7, 'A', '2019-02-21', NULL, NULL),
(2979, 308, 870, 10, 4, 'EA', '2019-02-21', NULL, NULL),
(2980, 308, 875, 10, 4, 'EA', '2019-02-21', NULL, NULL),
(2981, 308, 876, 10, 4, 'EA', '2019-02-21', NULL, NULL),
(2982, 308, 877, 5, 5, 'M', '2019-02-21', NULL, NULL),
(2983, 300, 869, 10, 10, 'M', '2019-02-21', NULL, NULL),
(2984, 300, 870, 10, 10, 'M', '2019-02-21', NULL, NULL),
(2985, 300, 875, 10, 7, 'A', '2019-02-21', NULL, NULL),
(2986, 300, 876, 10, 4, 'EA', '2019-02-21', NULL, NULL),
(2987, 300, 877, 5, 5, 'M', '2019-02-21', NULL, NULL),
(2988, 298, 878, 1, 0.7, 'A', '2019-02-21', NULL, NULL),
(2989, 298, 880, 1, 1, 'M', '2019-02-21', NULL, NULL),
(2990, 298, 881, 1, 1, 'M', '2019-02-21', NULL, NULL),
(2991, 298, 882, 1, 1, 'M', '2019-02-21', NULL, NULL),
(2992, 298, 883, 1, 0, 'NA', '2019-02-21', NULL, NULL),
(2993, 298, 885, 1, 0.4, 'EA', '2019-02-21', NULL, NULL),
(2994, 298, 886, 1, 0.7, 'A', '2019-02-21', NULL, NULL),
(2995, 298, 887, 1, 1, 'M', '2019-02-21', NULL, NULL),
(2996, 298, 871, 5, 5, 'M', '2019-02-21', NULL, NULL),
(2997, 298, 872, 5, 5, 'M', '2019-02-21', NULL, NULL),
(2998, 298, 873, 5, 5, 'M', '2019-02-21', NULL, NULL),
(2999, 298, 874, 5, 5, 'M', '2019-02-21', NULL, NULL),
(3000, 292, 897, 5, 5, 'M', '2019-02-21', NULL, NULL),
(3001, 292, 910, 5, 0, 'NA', '2019-02-21', NULL, NULL),
(3002, 293, 897, 5, 2, 'EA', '2019-02-21', NULL, NULL),
(3003, 293, 910, 5, 2, 'EA', '2019-02-21', NULL, NULL),
(3004, 300, 897, 5, 5, 'M', '2019-02-21', NULL, NULL),
(3005, 300, 910, 5, 0, 'NA', '2019-02-21', NULL, NULL),
(3006, 301, 897, 5, 2, 'EA', '2019-02-21', NULL, NULL),
(3007, 301, 910, 5, 2, 'EA', '2019-02-21', NULL, NULL),
(3008, 289, 897, 5, 2, 'EA', '2019-02-21', NULL, NULL),
(3009, 289, 910, 5, 2, 'EA', '2019-02-21', NULL, NULL),
(3010, 290, 897, 5, 2, 'EA', '2019-02-21', NULL, NULL),
(3011, 290, 910, 5, 2, 'EA', '2019-02-21', NULL, NULL),
(3012, 296, 897, 5, 0, 'NA', '2019-02-21', NULL, NULL),
(3013, 296, 910, 5, 0, 'NA', '2019-02-21', NULL, NULL),
(3014, 298, 897, 5, 0, 'NA', '2019-02-21', NULL, NULL),
(3015, 298, 910, 5, 0, 'NA', '2019-02-21', NULL, NULL),
(3016, 294, 897, 5, 2, 'EA', '2019-02-21', NULL, NULL),
(3017, 294, 910, 5, 2, 'EA', '2019-02-21', NULL, NULL),
(3018, 308, 897, 5, 2, 'EA', '2019-02-21', NULL, NULL),
(3019, 308, 910, 5, 2, 'EA', '2019-02-21', NULL, NULL),
(3020, 295, 897, 5, 2, 'EA', '2019-02-21', NULL, NULL),
(3021, 295, 910, 5, 2, 'EA', '2019-02-21', NULL, NULL),
(3022, 298, 816, 10, 0, 'NA', '2019-02-21', NULL, NULL),
(3023, 298, 856, 20, 0, 'NA', '2019-02-21', NULL, NULL),
(3024, 296, 864, 5, 0, 'NA', '2019-02-21', NULL, NULL),
(3025, 296, 865, 5, 0, 'NA', '2019-02-21', NULL, NULL),
(3026, 296, 860, 10, 0, 'NA', '2019-02-21', NULL, NULL),
(3027, 296, 861, 5, 0, 'NA', '2019-02-21', NULL, NULL),
(3028, 296, 862, 5, 0, 'NA', '2019-02-21', NULL, NULL),
(3029, 296, 863, 5, 0, 'NA', '2019-02-21', NULL, NULL),
(3030, 296, 867, 10, 0, 'NA', '2019-02-21', NULL, NULL),
(3031, 296, 868, 5, 0, 'NA', '2019-02-21', NULL, NULL),
(3032, 291, 867, 10, 0, 'NA', '2019-02-21', NULL, NULL),
(3033, 291, 868, 5, 0, 'NA', '2019-02-21', NULL, NULL),
(3034, 290, 867, 10, 0, 'NA', '2019-02-21', NULL, NULL),
(3035, 290, 868, 5, 0, 'NA', '2019-02-21', NULL, NULL),
(3036, 289, 867, 10, 0, 'NA', '2019-02-21', NULL, NULL),
(3037, 289, 868, 5, 0, 'NA', '2019-02-21', NULL, NULL),
(3038, 296, 815, 10, 0, 'NA', '2019-02-21', NULL, NULL),
(3039, 296, 854, 10, 0, 'NA', '2019-02-21', NULL, NULL),
(3040, 296, 855, 10, 0, 'NA', '2019-02-21', NULL, NULL),
(3041, 308, 867, 10, 0, 'NA', '2019-02-21', NULL, NULL),
(3042, 308, 868, 5, 0, 'NA', '2019-02-21', NULL, NULL),
(3043, 298, 815, 10, 0, 'NA', '2019-02-21', NULL, NULL),
(3044, 298, 854, 10, 0, 'NA', '2019-02-21', NULL, NULL),
(3045, 298, 855, 10, 0, 'NA', '2019-02-21', NULL, NULL),
(3046, 298, 867, 10, 0, 'NA', '2019-02-21', NULL, NULL),
(3047, 298, 868, 5, 0, 'NA', '2019-02-21', NULL, NULL),
(3048, 298, 860, 10, 0, 'NA', '2019-02-21', NULL, NULL),
(3049, 298, 861, 5, 0, 'NA', '2019-02-21', NULL, NULL),
(3050, 298, 862, 5, 0, 'NA', '2019-02-21', NULL, NULL),
(3051, 298, 863, 5, 0, 'NA', '2019-02-21', NULL, NULL),
(3052, 293, 815, 10, 0, 'NA', '2019-02-21', NULL, NULL),
(3053, 293, 854, 10, 0, 'NA', '2019-02-21', NULL, NULL),
(3054, 293, 855, 10, 0, 'NA', '2019-02-21', NULL, NULL),
(3055, 285, 866, 5, 3.5, 'A', '2019-02-22', NULL, NULL),
(3056, 285, 903, 5, 5, 'M', '2019-02-22', NULL, NULL),
(3057, 285, 904, 5, 5, 'M', '2019-02-22', NULL, NULL),
(3058, 285, 905, 5, 5, 'M', '2019-02-22', NULL, NULL),
(3059, 245, 866, 5, 5, 'M', '2019-02-22', NULL, NULL),
(3060, 245, 903, 5, 5, 'M', '2019-02-22', NULL, NULL),
(3061, 245, 904, 5, 5, 'M', '2019-02-22', NULL, NULL),
(3062, 245, 905, 5, 3.5, 'A', '2019-02-22', NULL, NULL),
(3063, 248, 866, 5, 5, 'M', '2019-02-22', NULL, NULL),
(3064, 248, 903, 5, 3.5, 'A', '2019-02-22', NULL, NULL),
(3065, 248, 904, 5, 5, 'M', '2019-02-22', NULL, NULL),
(3066, 248, 905, 5, 5, 'M', '2019-02-22', NULL, NULL),
(3067, 241, 866, 5, 5, 'M', '2019-02-22', NULL, NULL),
(3068, 241, 903, 5, 3.5, 'A', '2019-02-22', NULL, NULL),
(3069, 241, 904, 5, 5, 'M', '2019-02-22', NULL, NULL),
(3070, 241, 905, 5, 5, 'M', '2019-02-22', NULL, NULL),
(3071, 298, 869, 10, 10, 'M', '2019-02-22', NULL, NULL),
(3072, 298, 870, 10, 4, 'EA', '2019-02-22', NULL, NULL),
(3073, 298, 875, 10, 4, 'EA', '2019-02-22', NULL, NULL),
(3074, 298, 876, 10, 0, 'NA', '2019-02-22', NULL, NULL),
(3075, 298, 877, 5, 2, 'EA', '2019-02-22', NULL, NULL),
(3076, 250, 911, 10, 10, 'M', '2019-02-22', NULL, NULL),
(3077, 250, 912, 10, 7, 'A', '2019-02-22', NULL, NULL),
(3078, 237, 911, 10, 4, 'EA', '2019-02-22', NULL, NULL),
(3079, 237, 912, 10, 4, 'EA', '2019-02-22', NULL, NULL),
(3080, 237, 913, 5, 5, 'M', '2019-02-22', NULL, NULL),
(3081, 238, 911, 10, 7, 'A', '2019-02-22', NULL, NULL),
(3082, 238, 912, 10, 7, 'A', '2019-02-22', NULL, NULL),
(3083, 238, 913, 5, 5, 'M', '2019-02-22', NULL, NULL),
(3084, 239, 911, 10, 4, 'EA', '2019-02-22', NULL, NULL),
(3085, 239, 912, 10, 0, 'NA', '2019-02-22', NULL, NULL),
(3086, 239, 913, 5, 3.5, 'A', '2019-02-22', NULL, NULL),
(3087, 273, 911, 10, 4, 'EA', '2019-02-22', NULL, NULL),
(3088, 273, 912, 10, 4, 'EA', '2019-02-22', NULL, NULL),
(3089, 273, 913, 5, 3.5, 'A', '2019-02-22', NULL, NULL),
(3090, 289, 914, 5, 3.5, 'A', '2019-04-02', NULL, NULL),
(3091, 289, 915, 5, 2, 'EA', '2019-04-02', NULL, NULL),
(3092, 289, 916, 5, 5, 'M', '2019-04-02', NULL, NULL),
(3093, 289, 919, 5, 2, 'EA', '2019-04-02', NULL, NULL),
(3094, 289, 917, 10, 10, 'M', '2019-04-02', NULL, NULL),
(3095, 289, 918, 5, 3.5, 'A', '2019-04-02', NULL, NULL),
(3096, 289, 889, 5, 5, 'M', '2019-04-02', NULL, NULL),
(3097, 289, 890, 5, 2, 'EA', '2019-04-02', NULL, NULL),
(3098, 289, 891, 5, 5, 'M', '2019-04-02', NULL, NULL),
(3099, 289, 892, 10, 7, 'A', '2019-04-02', NULL, NULL),
(3100, 289, 893, 5, 2, 'EA', '2019-04-02', NULL, NULL),
(3101, 290, 898, 5, 5, 'M', '2019-04-02', NULL, NULL),
(3102, 290, 899, 5, 3.5, 'A', '2019-04-02', NULL, NULL),
(3103, 290, 900, 5, 3.5, 'A', '2019-04-02', NULL, NULL),
(3104, 290, 901, 10, 10, 'M', '2019-04-02', NULL, NULL),
(3105, 290, 902, 5, 2, 'EA', '2019-04-02', NULL, NULL),
(3106, 292, 898, 5, 5, 'M', '2019-04-02', NULL, NULL),
(3107, 292, 899, 5, 3.5, 'A', '2019-04-02', NULL, NULL),
(3108, 292, 900, 5, 3.5, 'A', '2019-04-02', NULL, NULL),
(3109, 292, 901, 10, 7, 'A', '2019-04-02', NULL, NULL),
(3110, 292, 902, 5, 2, 'EA', '2019-04-02', NULL, NULL),
(3111, 292, 914, 5, 0, 'NA', '2019-04-02', NULL, NULL),
(3112, 292, 915, 5, 2, 'EA', '2019-04-02', NULL, NULL),
(3113, 292, 916, 5, 2, 'EA', '2019-04-02', NULL, NULL),
(3114, 292, 919, 5, 5, 'M', '2019-04-02', NULL, NULL),
(3115, 292, 917, 10, 7, 'A', '2019-04-02', NULL, NULL),
(3116, 292, 918, 5, 2, 'EA', '2019-04-02', NULL, NULL),
(3117, 293, 889, 5, 3.5, 'A', '2019-04-02', NULL, NULL),
(3118, 293, 890, 5, 5, 'M', '2019-04-02', NULL, NULL),
(3119, 293, 891, 5, 5, 'M', '2019-04-02', NULL, NULL),
(3120, 293, 892, 10, 4, 'EA', '2019-04-02', NULL, NULL),
(3121, 293, 893, 5, 3.5, 'A', '2019-04-02', NULL, NULL),
(3122, 293, 914, 5, 3.5, 'A', '2019-04-02', NULL, NULL),
(3123, 293, 915, 5, 3.5, 'A', '2019-04-02', NULL, NULL),
(3124, 293, 916, 5, 2, 'EA', '2019-04-02', NULL, NULL),
(3125, 293, 919, 5, 5, 'M', '2019-04-02', NULL, NULL),
(3126, 293, 917, 10, 10, 'M', '2019-04-02', NULL, NULL),
(3127, 293, 918, 5, 3.5, 'A', '2019-04-02', NULL, NULL),
(3128, 293, 898, 5, 5, 'M', '2019-04-02', NULL, NULL),
(3129, 293, 899, 5, 3.5, 'A', '2019-04-02', NULL, NULL),
(3130, 293, 900, 5, 2, 'EA', '2019-04-02', NULL, NULL),
(3131, 293, 901, 10, 10, 'M', '2019-04-02', NULL, NULL),
(3132, 293, 902, 5, 3.5, 'A', '2019-04-02', NULL, NULL),
(3133, 295, 889, 5, 5, 'M', '2019-04-02', NULL, NULL),
(3134, 295, 890, 5, 2, 'EA', '2019-04-02', NULL, NULL),
(3135, 295, 891, 5, 3.5, 'A', '2019-04-02', NULL, NULL),
(3136, 295, 892, 10, 4, 'EA', '2019-04-02', NULL, NULL),
(3137, 295, 893, 5, 2, 'EA', '2019-04-02', NULL, NULL),
(3138, 295, 898, 5, 5, 'M', '2019-04-02', NULL, NULL),
(3139, 295, 899, 5, 5, 'M', '2019-04-02', NULL, NULL),
(3140, 295, 900, 5, 3.5, 'A', '2019-04-02', NULL, NULL),
(3141, 295, 901, 10, 10, 'M', '2019-04-02', NULL, NULL),
(3142, 295, 902, 5, 3.5, 'A', '2019-04-02', NULL, NULL),
(3143, 294, 914, 5, 5, 'M', '2019-04-02', NULL, NULL),
(3144, 294, 915, 5, 3.5, 'A', '2019-04-02', NULL, NULL),
(3145, 294, 916, 5, 5, 'M', '2019-04-02', NULL, NULL),
(3146, 294, 919, 5, 5, 'M', '2019-04-02', NULL, NULL),
(3147, 294, 917, 10, 4, 'EA', '2019-04-02', NULL, NULL),
(3148, 294, 918, 5, 2, 'EA', '2019-04-02', NULL, NULL),
(3149, 296, 898, 5, 2, 'EA', '2019-04-25', NULL, NULL),
(3150, 296, 899, 5, 3.5, 'A', '2019-04-25', NULL, NULL),
(3151, 296, 900, 5, 2, 'EA', '2019-04-25', NULL, NULL),
(3152, 296, 901, 10, 10, 'M', '2019-04-25', NULL, NULL),
(3153, 296, 902, 5, 2, 'EA', '2019-04-25', NULL, NULL),
(3154, 296, 914, 5, 5, 'M', '2019-04-25', NULL, NULL),
(3155, 296, 915, 5, 2, 'EA', '2019-04-25', NULL, NULL),
(3156, 296, 916, 5, 3.5, 'A', '2019-04-25', NULL, NULL),
(3157, 296, 917, 10, 4, 'EA', '2019-04-25', NULL, NULL),
(3158, 296, 918, 5, 2, 'EA', '2019-04-25', NULL, NULL),
(3159, 300, 914, 5, 5, 'M', '2019-04-25', NULL, NULL),
(3160, 300, 915, 5, 3.5, 'A', '2019-04-25', NULL, NULL),
(3161, 300, 916, 5, 3.5, 'A', '2019-04-25', NULL, NULL),
(3162, 300, 917, 10, 4, 'EA', '2019-04-25', NULL, NULL),
(3163, 300, 918, 5, 2, 'EA', '2019-04-25', NULL, NULL),
(3164, 298, 914, 5, 3.5, 'A', '2019-04-25', NULL, NULL),
(3165, 298, 915, 5, 3.5, 'A', '2019-04-25', NULL, NULL),
(3166, 298, 916, 5, 5, 'M', '2019-04-25', NULL, NULL),
(3167, 298, 917, 10, 4, 'EA', '2019-04-25', NULL, NULL),
(3168, 298, 918, 5, 2, 'EA', '2019-04-25', NULL, NULL),
(3169, 300, 898, 5, 5, 'M', '2019-04-25', NULL, NULL),
(3170, 300, 899, 5, 2, 'EA', '2019-04-25', NULL, NULL),
(3171, 300, 900, 5, 2, 'EA', '2019-04-25', NULL, NULL),
(3172, 300, 901, 10, 7, 'A', '2019-04-25', NULL, NULL),
(3173, 300, 902, 5, 2, 'EA', '2019-04-25', NULL, NULL),
(3174, 300, 889, 5, 5, 'M', '2019-04-25', NULL, NULL),
(3175, 300, 890, 5, 5, 'M', '2019-04-25', NULL, NULL),
(3176, 300, 891, 5, 5, 'M', '2019-04-25', NULL, NULL),
(3177, 300, 892, 10, 10, 'M', '2019-04-25', NULL, NULL),
(3178, 300, 893, 5, 3.5, 'A', '2019-04-25', NULL, NULL),
(3179, 299, 889, 5, 3.5, 'A', '2019-04-25', NULL, NULL),
(3180, 299, 890, 5, 3.5, 'A', '2019-04-25', NULL, NULL),
(3181, 299, 891, 5, 5, 'M', '2019-04-25', NULL, NULL),
(3182, 299, 892, 10, 4, 'EA', '2019-04-25', NULL, NULL),
(3183, 299, 893, 5, 2, 'EA', '2019-04-25', NULL, NULL),
(3184, 295, 914, 5, 2, 'EA', '2019-04-25', NULL, NULL),
(3185, 295, 915, 5, 2, 'EA', '2019-04-25', NULL, NULL),
(3186, 295, 916, 5, 5, 'M', '2019-04-25', NULL, NULL),
(3187, 295, 917, 10, 4, 'EA', '2019-04-25', NULL, NULL),
(3188, 295, 918, 5, 2, 'EA', '2019-04-25', NULL, NULL),
(3189, 299, 914, 5, 3.5, 'A', '2019-04-25', NULL, NULL),
(3190, 299, 915, 5, 3.5, 'A', '2019-04-25', NULL, NULL),
(3191, 299, 916, 5, 5, 'M', '2019-04-25', NULL, NULL),
(3192, 299, 917, 10, 4, 'EA', '2019-04-25', NULL, NULL),
(3193, 299, 918, 5, 3.5, 'A', '2019-04-25', NULL, NULL),
(3194, 298, 889, 5, 3.5, 'A', '2019-04-25', NULL, NULL),
(3195, 298, 890, 5, 3.5, 'A', '2019-04-25', NULL, NULL),
(3196, 298, 891, 5, 2, 'EA', '2019-04-25', NULL, NULL),
(3197, 298, 892, 10, 4, 'EA', '2019-04-25', NULL, NULL),
(3198, 298, 893, 5, 2, 'EA', '2019-04-25', NULL, NULL),
(3199, 301, 898, 5, 5, 'M', '2019-04-25', NULL, NULL),
(3200, 301, 899, 5, 5, 'M', '2019-04-25', NULL, NULL),
(3201, 301, 900, 5, 5, 'M', '2019-04-25', NULL, NULL),
(3202, 301, 901, 10, 10, 'M', '2019-04-25', NULL, NULL),
(3203, 301, 902, 5, 5, 'M', '2019-04-25', NULL, NULL),
(3204, 301, 914, 5, 5, 'M', '2019-04-25', NULL, NULL),
(3205, 301, 915, 5, 3.5, 'A', '2019-04-25', NULL, NULL),
(3206, 301, 916, 5, 3.5, 'A', '2019-04-25', NULL, NULL),
(3207, 301, 917, 10, 0, 'NA', '2019-04-25', NULL, NULL),
(3208, 301, 918, 5, 3.5, 'A', '2019-04-25', NULL, NULL),
(3209, 308, 889, 5, 3.5, 'A', '2019-04-30', NULL, NULL),
(3210, 308, 890, 5, 3.5, 'A', '2019-04-30', NULL, NULL),
(3211, 308, 891, 5, 3.5, 'A', '2019-04-30', NULL, NULL),
(3212, 308, 892, 10, 7, 'A', '2019-04-30', NULL, NULL),
(3213, 308, 893, 5, 3.5, 'A', '2019-04-30', NULL, NULL),
(3214, 308, 898, 5, 5, 'M', '2019-04-30', NULL, NULL),
(3215, 308, 899, 5, 3.5, 'A', '2019-04-30', NULL, NULL),
(3216, 308, 900, 5, 3.5, 'A', '2019-04-30', NULL, NULL),
(3217, 308, 901, 10, 7, 'A', '2019-04-30', NULL, NULL),
(3218, 308, 902, 5, 2, 'EA', '2019-04-30', NULL, NULL),
(3219, 308, 914, 5, 3.5, 'A', '2019-04-30', NULL, NULL),
(3220, 308, 915, 5, 3.5, 'A', '2019-04-30', NULL, NULL),
(3221, 308, 916, 5, 3.5, 'A', '2019-04-30', NULL, NULL),
(3222, 308, 917, 10, 10, 'M', '2019-04-30', NULL, NULL),
(3223, 308, 918, 5, 3.5, 'A', '2019-04-30', NULL, NULL),
(3224, 293, 942, 10, 4, 'EA', '2019-05-14', NULL, NULL),
(3225, 295, 942, 10, 7, 'A', '2019-05-14', NULL, NULL),
(3226, 299, 942, 10, 10, 'M', '2019-05-14', NULL, NULL),
(3227, 300, 942, 10, 4, 'EA', '2019-05-14', NULL, NULL),
(3228, 294, 942, 10, 7, 'A', '2019-05-14', NULL, NULL),
(3229, 295, 943, 10, 7, 'A', '2019-05-14', NULL, NULL),
(3230, 301, 942, 10, 7, 'A', '2019-05-14', NULL, NULL),
(3231, 308, 942, 10, 4, 'EA', '2019-05-14', NULL, NULL),
(3232, 301, 944, 10, 10, 'M', '2019-05-21', NULL, NULL),
(3233, 301, 945, 5, 5, 'M', '2019-05-21', NULL, NULL),
(3234, 300, 944, 10, 7, 'A', '2019-05-21', NULL, NULL),
(3235, 300, 945, 5, 3.5, 'A', '2019-05-21', NULL, NULL),
(3236, 293, 943, 10, 4, 'EA', '2019-05-21', NULL, NULL),
(3237, 294, 943, 10, 4, 'EA', '2019-05-21', NULL, NULL),
(3238, 299, 943, 10, 7, 'A', '2019-05-21', NULL, NULL),
(3239, 301, 943, 10, 4, 'EA', '2019-05-21', NULL, NULL),
(3240, 300, 943, 10, 7, 'A', '2019-05-21', NULL, NULL),
(3241, 299, 944, 10, NULL, 'NE', '2019-05-23', NULL, NULL),
(3242, 299, 945, 5, NULL, 'NE', '2019-05-23', NULL, NULL),
(3243, 289, 951, 10, 7, 'A', '2019-05-28', NULL, NULL),
(3244, 289, 952, 5, 2, 'EA', '2019-05-28', NULL, NULL),
(3245, 290, 951, 10, 7, 'A', '2019-05-28', NULL, NULL),
(3246, 290, 952, 5, 3.5, 'A', '2019-05-28', NULL, NULL),
(3247, 292, 951, 10, 7, 'A', '2019-05-28', NULL, NULL),
(3248, 292, 952, 5, 0, 'NA', '2019-05-28', NULL, NULL),
(3249, 293, 951, 10, 4, 'EA', '2019-05-28', NULL, NULL),
(3250, 293, 952, 5, 3.5, 'A', '2019-05-28', NULL, NULL),
(3251, 294, 951, 10, 4, 'EA', '2019-05-28', NULL, NULL),
(3252, 294, 952, 5, 2, 'EA', '2019-05-28', NULL, NULL),
(3253, 295, 951, 10, 4, 'EA', '2019-05-28', NULL, NULL),
(3254, 295, 952, 5, 3.5, 'A', '2019-05-28', NULL, NULL),
(3255, 299, 951, 10, 10, 'M', '2019-05-28', NULL, NULL),
(3256, 299, 952, 5, 3.5, 'A', '2019-05-28', NULL, NULL),
(3257, 300, 951, 10, 4, 'EA', '2019-05-28', NULL, NULL),
(3258, 300, 952, 5, 3.5, 'A', '2019-05-28', NULL, NULL),
(3259, 301, 951, 10, 0, 'NA', '2019-05-28', NULL, NULL),
(3260, 301, 952, 5, 2, 'EA', '2019-05-28', NULL, NULL),
(3261, 308, 951, 10, 4, 'EA', '2019-05-28', NULL, NULL),
(3262, 308, 952, 5, 2, 'EA', '2019-05-28', NULL, NULL),
(3263, 308, 944, 10, 4, 'EA', '2019-05-28', NULL, NULL),
(3264, 308, 945, 5, 3.5, 'A', '2019-05-28', NULL, NULL),
(3265, 295, 944, 10, 4, 'EA', '2019-05-28', NULL, NULL),
(3266, 295, 945, 5, 3.5, 'A', '2019-05-28', NULL, NULL),
(3267, 296, 944, 10, 7, 'A', '2019-05-28', NULL, NULL),
(3268, 296, 945, 5, 3.5, 'A', '2019-05-28', NULL, NULL),
(3269, 290, 944, 10, 0, 'NA', '2019-05-28', NULL, NULL),
(3270, 290, 945, 5, 2, 'EA', '2019-05-28', NULL, NULL),
(3271, 296, 951, 10, 0, 'NA', '2019-05-28', NULL, NULL),
(3272, 296, 952, 5, 0, 'NA', '2019-05-28', NULL, NULL),
(3273, 296, 930, 10, 0, 'NA', '2019-05-28', NULL, NULL),
(3274, 296, 928, 10, 0, 'NA', '2019-05-28', NULL, NULL),
(3275, 296, 929, 10, 0, 'NA', '2019-05-28', NULL, NULL),
(3276, 296, 931, 10, 0, 'NA', '2019-05-28', NULL, NULL),
(3277, 296, 932, 10, 0, 'NA', '2019-05-28', NULL, NULL),
(3278, 298, 930, 10, 0, 'NA', '2019-05-28', NULL, NULL),
(3279, 298, 928, 10, 0, 'NA', '2019-05-28', NULL, NULL),
(3280, 298, 929, 10, 0, 'NA', '2019-05-28', NULL, NULL),
(3281, 298, 931, 10, 0, 'NA', '2019-05-28', NULL, NULL),
(3282, 298, 932, 10, 0, 'NA', '2019-05-28', NULL, NULL),
(3283, 298, 943, 10, 0, 'NA', '2019-05-28', NULL, NULL),
(3284, 296, 943, 10, 0, 'NA', '2019-05-28', NULL, NULL),
(3285, 289, 930, 10, 7, 'A', '2019-05-31', NULL, NULL),
(3286, 289, 928, 10, 7, 'A', '2019-05-31', NULL, NULL),
(3287, 289, 929, 10, 7, 'A', '2019-05-31', NULL, NULL),
(3288, 289, 931, 10, 4, 'EA', '2019-05-31', NULL, NULL),
(3289, 289, 932, 10, 4, 'EA', '2019-05-31', NULL, NULL),
(3290, 279, 926, 5, 2, 'EA', '2019-06-14', NULL, NULL),
(3291, 279, 927, 5, 2, 'EA', '2019-06-14', NULL, NULL),
(3292, 279, 920, 10, 10, 'M', '2019-06-14', NULL, NULL),
(3293, 279, 921, 5, 5, 'M', '2019-06-14', NULL, NULL),
(3294, 279, 922, 5, 5, 'M', '2019-06-14', NULL, NULL),
(3295, 279, 923, 5, 3.5, 'A', '2019-06-14', NULL, NULL),
(3296, 279, 924, 10, 7, 'A', '2019-06-14', NULL, NULL),
(3297, 279, 925, 10, 10, 'M', '2019-06-14', NULL, NULL),
(3298, 304, 926, 5, 2, 'EA', '2019-06-14', NULL, NULL),
(3299, 304, 927, 5, 2, 'EA', '2019-06-14', NULL, NULL),
(3300, 304, 920, 10, 10, 'M', '2019-06-14', NULL, NULL),
(3301, 304, 921, 5, 5, 'M', '2019-06-14', NULL, NULL),
(3302, 304, 922, 5, 5, 'M', '2019-06-14', NULL, NULL),
(3303, 304, 923, 5, 3.5, 'A', '2019-06-14', NULL, NULL),
(3304, 304, 924, 10, 7, 'A', '2019-06-14', NULL, NULL),
(3305, 304, 925, 10, 10, 'M', '2019-06-14', NULL, NULL),
(3306, 278, 920, 10, 10, 'M', '2019-06-14', NULL, NULL),
(3307, 278, 921, 5, 5, 'M', '2019-06-14', NULL, NULL),
(3308, 278, 922, 5, 5, 'M', '2019-06-14', NULL, NULL),
(3309, 278, 923, 5, 3.5, 'A', '2019-06-14', NULL, NULL),
(3310, 278, 924, 10, 10, 'M', '2019-06-14', NULL, NULL),
(3311, 278, 925, 10, 10, 'M', '2019-06-14', NULL, NULL),
(3312, 277, 920, 10, 10, 'M', '2019-06-14', NULL, NULL),
(3313, 277, 921, 5, 5, 'M', '2019-06-14', NULL, NULL),
(3314, 277, 922, 5, 5, 'M', '2019-06-14', NULL, NULL),
(3315, 277, 923, 5, 5, 'M', '2019-06-14', NULL, NULL),
(3316, 278, 926, 5, 0, 'NA', '2019-06-14', NULL, NULL),
(3317, 278, 927, 5, 0, 'NA', '2019-06-14', NULL, NULL),
(3318, 277, 926, 5, 0, 'NA', '2019-06-14', NULL, NULL),
(3319, 277, 927, 5, 0, 'NA', '2019-06-14', NULL, NULL),
(3320, 282, 926, 5, 3.5, 'A', '2019-06-14', NULL, NULL),
(3321, 282, 927, 5, 3.5, 'A', '2019-06-14', NULL, NULL),
(3322, 282, 920, 10, 10, 'M', '2019-06-14', NULL, NULL),
(3323, 282, 921, 5, 5, 'M', '2019-06-14', NULL, NULL),
(3324, 282, 922, 5, 5, 'M', '2019-06-14', NULL, NULL),
(3325, 282, 923, 5, 3.5, 'A', '2019-06-14', NULL, NULL),
(3326, 282, 924, 10, 7, 'A', '2019-06-14', NULL, NULL),
(3327, 282, 925, 10, 10, 'M', '2019-06-14', NULL, NULL),
(3328, 303, 926, 5, 2, 'EA', '2019-06-14', NULL, NULL),
(3329, 303, 927, 5, 2, 'EA', '2019-06-14', NULL, NULL),
(3330, 303, 920, 10, 10, 'M', '2019-06-14', NULL, NULL),
(3331, 303, 921, 5, 5, 'M', '2019-06-14', NULL, NULL),
(3332, 303, 922, 5, 5, 'M', '2019-06-14', NULL, NULL),
(3333, 303, 923, 5, 3.5, 'A', '2019-06-14', NULL, NULL),
(3334, 303, 924, 10, 7, 'A', '2019-06-14', NULL, NULL),
(3335, 303, 925, 10, 10, 'M', '2019-06-14', NULL, NULL),
(3336, 306, 933, 5, 0, 'NA', '2019-06-14', NULL, NULL),
(3337, 306, 934, 5, 0, 'NA', '2019-06-14', NULL, NULL),
(3338, 306, 935, 10, 10, 'M', '2019-06-14', NULL, NULL),
(3339, 306, 936, 5, 5, 'M', '2019-06-14', NULL, NULL),
(3340, 306, 938, 5, 5, 'M', '2019-06-14', NULL, NULL),
(3341, 306, 941, 10, 10, 'M', '2019-06-14', NULL, NULL),
(3342, 306, 940, 20, 20, 'M', '2019-06-14', NULL, NULL),
(3343, 305, 933, 5, 0, 'NA', '2019-06-14', NULL, NULL),
(3344, 305, 934, 5, 0, 'NA', '2019-06-14', NULL, NULL),
(3345, 305, 935, 10, 10, 'M', '2019-06-14', NULL, NULL),
(3346, 305, 936, 5, 5, 'M', '2019-06-14', NULL, NULL),
(3347, 305, 938, 5, 5, 'M', '2019-06-14', NULL, NULL),
(3348, 305, 941, 10, 10, 'M', '2019-06-14', NULL, NULL),
(3349, 305, 940, 20, 20, 'M', '2019-06-14', NULL, NULL),
(3350, 274, 933, 5, 0, 'NA', '2019-06-14', NULL, NULL),
(3351, 274, 934, 5, 0, 'NA', '2019-06-14', NULL, NULL),
(3352, 274, 935, 10, 10, 'M', '2019-06-14', NULL, NULL),
(3353, 274, 936, 5, 5, 'M', '2019-06-14', NULL, NULL),
(3354, 274, 938, 5, 5, 'M', '2019-06-14', NULL, NULL),
(3355, 274, 941, 10, 10, 'M', '2019-06-14', NULL, NULL),
(3356, 274, 940, 20, 20, 'M', '2019-06-14', NULL, NULL),
(3357, 272, 933, 5, 2, 'EA', '2019-06-14', NULL, NULL),
(3358, 272, 934, 5, 2, 'EA', '2019-06-14', NULL, NULL),
(3359, 272, 935, 10, 10, 'M', '2019-06-14', NULL, NULL),
(3360, 272, 936, 5, 5, 'M', '2019-06-14', NULL, NULL),
(3361, 272, 938, 5, 5, 'M', '2019-06-14', NULL, NULL),
(3362, 272, 941, 10, 10, 'M', '2019-06-14', NULL, NULL),
(3363, 272, 940, 20, 20, 'M', '2019-06-14', NULL, NULL),
(3364, 249, 933, 5, 3.5, 'A', '2019-06-14', NULL, NULL),
(3365, 249, 934, 5, 2, 'EA', '2019-06-14', NULL, NULL),
(3366, 249, 935, 10, 10, 'M', '2019-06-14', NULL, NULL),
(3367, 249, 936, 5, 5, 'M', '2019-06-14', NULL, NULL),
(3368, 249, 938, 5, 5, 'M', '2019-06-14', NULL, NULL),
(3369, 249, 941, 10, 10, 'M', '2019-06-14', NULL, NULL),
(3370, 249, 940, 20, 20, 'M', '2019-06-14', NULL, NULL),
(3371, 281, 926, 5, 3.5, 'A', '2019-06-14', NULL, NULL),
(3372, 281, 927, 5, 2, 'EA', '2019-06-14', NULL, NULL),
(3373, 281, 920, 10, 10, 'M', '2019-06-14', NULL, NULL),
(3374, 281, 921, 5, 5, 'M', '2019-06-14', NULL, NULL),
(3375, 281, 922, 5, 5, 'M', '2019-06-14', NULL, NULL),
(3376, 281, 923, 5, 3.5, 'A', '2019-06-14', NULL, NULL),
(3377, 281, 924, 10, 7, 'A', '2019-06-14', NULL, NULL),
(3378, 281, 925, 10, 10, 'M', '2019-06-14', NULL, NULL),
(3379, 278, 888, 5, 5, 'M', '2019-06-14', NULL, NULL),
(3380, 278, 906, 10, 4, 'EA', '2019-06-14', NULL, NULL),
(3381, 278, 909, 10, 7, 'A', '2019-06-14', NULL, NULL),
(3382, 278, 907, 10, 7, 'A', '2019-06-14', NULL, NULL),
(3383, 278, 908, 5, 3.5, 'A', '2019-06-14', NULL, NULL),
(3384, 279, 888, 5, 3.5, 'A', '2019-06-14', NULL, NULL),
(3385, 279, 906, 10, 4, 'EA', '2019-06-14', NULL, NULL),
(3386, 279, 909, 10, 4, 'EA', '2019-06-14', NULL, NULL),
(3387, 279, 907, 10, 7, 'A', '2019-06-14', NULL, NULL),
(3388, 279, 908, 5, 0, 'NA', '2019-06-14', NULL, NULL),
(3389, 277, 888, 5, 2, 'EA', '2019-06-14', NULL, NULL),
(3390, 277, 906, 10, 0, 'NA', '2019-06-14', NULL, NULL),
(3391, 277, 909, 10, 7, 'A', '2019-06-14', NULL, NULL),
(3392, 277, 907, 10, 0, 'NA', '2019-06-14', NULL, NULL),
(3393, 277, 908, 5, 5, 'M', '2019-06-14', NULL, NULL),
(3394, 282, 888, 5, 3.5, 'A', '2019-06-14', NULL, NULL),
(3395, 282, 906, 10, 10, 'M', '2019-06-14', NULL, NULL),
(3396, 282, 909, 10, 0, 'NA', '2019-06-14', NULL, NULL),
(3397, 282, 907, 10, 7, 'A', '2019-06-14', NULL, NULL),
(3398, 282, 908, 5, 0, 'NA', '2019-06-14', NULL, NULL),
(3399, 283, 888, 5, 3.5, 'A', '2019-06-14', NULL, NULL),
(3400, 283, 906, 10, 7, 'A', '2019-06-14', NULL, NULL),
(3401, 283, 909, 10, 4, 'EA', '2019-06-14', NULL, NULL),
(3402, 283, 907, 10, 7, 'A', '2019-06-14', NULL, NULL),
(3403, 283, 908, 5, 0, 'NA', '2019-06-14', NULL, NULL),
(3404, 274, 888, 5, 5, 'M', '2019-06-14', NULL, NULL),
(3405, 274, 906, 10, 10, 'M', '2019-06-14', NULL, NULL),
(3406, 274, 909, 10, 10, 'M', '2019-06-14', NULL, NULL),
(3407, 274, 907, 10, 10, 'M', '2019-06-14', NULL, NULL),
(3408, 274, 908, 5, 0, 'NA', '2019-06-14', NULL, NULL),
(3409, 303, 888, 5, 2, 'EA', '2019-06-14', NULL, NULL),
(3410, 303, 906, 10, 10, 'M', '2019-06-14', NULL, NULL),
(3411, 303, 909, 10, 0, 'NA', '2019-06-14', NULL, NULL),
(3412, 303, 907, 10, 10, 'M', '2019-06-14', NULL, NULL),
(3413, 303, 908, 5, 5, 'M', '2019-06-14', NULL, NULL),
(3414, 305, 888, 5, 5, 'M', '2019-06-14', NULL, NULL),
(3415, 305, 906, 10, 4, 'EA', '2019-06-14', NULL, NULL),
(3416, 305, 909, 10, 7, 'A', '2019-06-14', NULL, NULL),
(3417, 305, 907, 10, 7, 'A', '2019-06-14', NULL, NULL),
(3418, 305, 908, 5, 5, 'M', '2019-06-14', NULL, NULL),
(3419, 304, 888, 5, 5, 'M', '2019-06-14', NULL, NULL),
(3420, 304, 906, 10, 7, 'A', '2019-06-14', NULL, NULL),
(3421, 304, 909, 10, 10, 'M', '2019-06-14', NULL, NULL),
(3422, 304, 907, 10, 10, 'M', '2019-06-14', NULL, NULL),
(3423, 304, 908, 5, 0, 'NA', '2019-06-14', NULL, NULL),
(3424, 281, 888, 5, 3.5, 'A', '2019-06-14', NULL, NULL),
(3425, 281, 906, 10, 4, 'EA', '2019-06-14', NULL, NULL),
(3426, 281, 909, 10, 4, 'EA', '2019-06-14', NULL, NULL),
(3427, 281, 907, 10, 7, 'A', '2019-06-14', NULL, NULL),
(3428, 281, 908, 5, 0, 'NA', '2019-06-14', NULL, NULL),
(3429, 249, 946, 10, 4, 'EA', '2019-06-14', NULL, NULL),
(3430, 249, 947, 10, 10, 'M', '2019-06-14', NULL, NULL),
(3431, 272, 946, 10, 4, 'EA', '2019-06-14', NULL, NULL),
(3432, 272, 947, 10, 10, 'M', '2019-06-14', NULL, NULL),
(3433, 278, 946, 10, 7, 'A', '2019-06-14', NULL, NULL),
(3434, 278, 947, 10, 7, 'A', '2019-06-14', NULL, NULL),
(3435, 279, 946, 10, 7, 'A', '2019-06-14', NULL, NULL),
(3436, 279, 947, 10, 10, 'M', '2019-06-14', NULL, NULL),
(3437, 277, 946, 10, 7, 'A', '2019-06-14', NULL, NULL),
(3438, 277, 947, 10, 4, 'EA', '2019-06-14', NULL, NULL),
(3439, 282, 946, 10, 10, 'M', '2019-06-14', NULL, NULL),
(3440, 282, 947, 10, 4, 'EA', '2019-06-14', NULL, NULL),
(3441, 283, 946, 10, 7, 'A', '2019-06-14', NULL, NULL),
(3442, 283, 947, 10, 4, 'EA', '2019-06-14', NULL, NULL),
(3443, 274, 946, 10, 7, 'A', '2019-06-14', NULL, NULL),
(3444, 274, 947, 10, 4, 'EA', '2019-06-14', NULL, NULL),
(3445, 303, 946, 10, 7, 'A', '2019-06-14', NULL, NULL),
(3446, 303, 947, 10, 7, 'A', '2019-06-14', NULL, NULL),
(3447, 305, 946, 10, 4, 'EA', '2019-06-14', NULL, NULL),
(3448, 305, 947, 10, 7, 'A', '2019-06-14', NULL, NULL),
(3449, 306, 946, 10, 4, 'EA', '2019-06-14', NULL, NULL),
(3450, 306, 947, 10, 7, 'A', '2019-06-14', NULL, NULL),
(3451, 304, 946, 10, 4, 'EA', '2019-06-14', NULL, NULL),
(3452, 304, 947, 10, 4, 'EA', '2019-06-14', NULL, NULL),
(3453, 281, 946, 10, 10, 'M', '2019-06-14', NULL, NULL),
(3454, 281, 947, 10, 7, 'A', '2019-06-14', NULL, NULL),
(3455, 249, 948, 10, 4, 'EA', '2019-06-14', NULL, NULL),
(3456, 249, 949, 10, 10, 'M', '2019-06-14', NULL, NULL),
(3457, 249, 950, 5, 5, 'M', '2019-06-14', NULL, NULL),
(3458, 272, 948, 10, 7, 'A', '2019-06-14', NULL, NULL),
(3459, 272, 949, 10, 7, 'A', '2019-06-14', NULL, NULL),
(3460, 272, 950, 5, 3.5, 'A', '2019-06-14', NULL, NULL),
(3461, 278, 948, 10, 7, 'A', '2019-06-14', NULL, NULL),
(3462, 278, 949, 10, 0, 'NA', '2019-06-14', NULL, NULL),
(3463, 278, 950, 5, 0, 'NA', '2019-06-14', NULL, NULL),
(3464, 279, 948, 10, 4, 'EA', '2019-06-14', NULL, NULL),
(3465, 279, 949, 10, 10, 'M', '2019-06-14', NULL, NULL),
(3466, 279, 950, 5, 5, 'M', '2019-06-14', NULL, NULL),
(3467, 277, 948, 10, 4, 'EA', '2019-06-14', NULL, NULL),
(3468, 277, 949, 10, 7, 'A', '2019-06-14', NULL, NULL),
(3469, 277, 950, 5, 2, 'EA', '2019-06-14', NULL, NULL),
(3470, 282, 948, 10, 7, 'A', '2019-06-14', NULL, NULL),
(3471, 282, 949, 10, 7, 'A', '2019-06-14', NULL, NULL),
(3472, 282, 950, 5, 5, 'M', '2019-06-14', NULL, NULL),
(3473, 283, 948, 10, 4, 'EA', '2019-06-14', NULL, NULL),
(3474, 283, 949, 10, 0, 'NA', '2019-06-14', NULL, NULL),
(3475, 283, 950, 5, 0, 'NA', '2019-06-14', NULL, NULL),
(3476, 274, 948, 10, 7, 'A', '2019-06-14', NULL, NULL),
(3477, 274, 949, 10, 10, 'M', '2019-06-14', NULL, NULL),
(3478, 274, 950, 5, 5, 'M', '2019-06-14', NULL, NULL),
(3479, 303, 948, 10, 0, 'NA', '2019-06-14', NULL, NULL),
(3480, 303, 949, 10, 0, 'NA', '2019-06-14', NULL, NULL),
(3481, 303, 950, 5, 2, 'EA', '2019-06-14', NULL, NULL),
(3482, 305, 948, 10, 7, 'A', '2019-06-14', NULL, NULL),
(3483, 305, 949, 10, 0, 'NA', '2019-06-14', NULL, NULL),
(3484, 305, 950, 5, 2, 'EA', '2019-06-14', NULL, NULL),
(3485, 306, 948, 10, 4, 'EA', '2019-06-14', NULL, NULL),
(3486, 306, 949, 10, 7, 'A', '2019-06-14', NULL, NULL),
(3487, 306, 950, 5, 3.5, 'A', '2019-06-14', NULL, NULL),
(3488, 304, 948, 10, 7, 'A', '2019-06-14', NULL, NULL),
(3489, 304, 949, 10, 7, 'A', '2019-06-14', NULL, NULL),
(3490, 304, 950, 5, 2, 'EA', '2019-06-14', NULL, NULL),
(3491, 290, 930, 10, 7, 'A', '2019-06-14', NULL, NULL),
(3492, 290, 928, 10, 7, 'A', '2019-06-14', NULL, NULL),
(3493, 290, 929, 10, 7, 'A', '2019-06-14', NULL, NULL),
(3494, 290, 931, 10, 7, 'A', '2019-06-14', NULL, NULL),
(3495, 290, 932, 10, 7, 'A', '2019-06-14', NULL, NULL),
(3496, 292, 930, 10, 0, 'NA', '2019-06-14', NULL, NULL),
(3497, 292, 928, 10, 4, 'EA', '2019-06-14', NULL, NULL),
(3498, 292, 929, 10, 7, 'A', '2019-06-14', NULL, NULL),
(3499, 292, 931, 10, 4, 'EA', '2019-06-14', NULL, NULL),
(3500, 292, 932, 10, 7, 'A', '2019-06-14', NULL, NULL),
(3501, 293, 930, 10, 7, 'A', '2019-06-14', NULL, NULL),
(3502, 293, 928, 10, 10, 'M', '2019-06-14', NULL, NULL),
(3503, 293, 929, 10, 7, 'A', '2019-06-14', NULL, NULL),
(3504, 293, 931, 10, 7, 'A', '2019-06-14', NULL, NULL),
(3505, 293, 932, 10, 7, 'A', '2019-06-14', NULL, NULL),
(3506, 295, 930, 10, 10, 'M', '2019-06-14', NULL, NULL),
(3507, 295, 928, 10, 10, 'M', '2019-06-14', NULL, NULL),
(3508, 295, 929, 10, 7, 'A', '2019-06-14', NULL, NULL),
(3509, 295, 931, 10, 7, 'A', '2019-06-14', NULL, NULL),
(3510, 295, 932, 10, 4, 'EA', '2019-06-14', NULL, NULL),
(3511, 299, 930, 10, 4, 'EA', '2019-06-14', NULL, NULL),
(3512, 299, 928, 10, 7, 'A', '2019-06-14', NULL, NULL),
(3513, 299, 929, 10, 7, 'A', '2019-06-14', NULL, NULL),
(3514, 299, 931, 10, 7, 'A', '2019-06-14', NULL, NULL),
(3515, 299, 932, 10, 7, 'A', '2019-06-14', NULL, NULL),
(3516, 301, 930, 10, 7, 'A', '2019-06-14', NULL, NULL),
(3517, 301, 928, 10, 7, 'A', '2019-06-14', NULL, NULL),
(3518, 301, 929, 10, 7, 'A', '2019-06-14', NULL, NULL),
(3519, 301, 931, 10, 4, 'EA', '2019-06-14', NULL, NULL),
(3520, 301, 932, 10, 4, 'EA', '2019-06-14', NULL, NULL),
(3521, 300, 928, 10, 10, 'M', '2019-06-14', NULL, NULL),
(3522, 300, 929, 10, 7, 'A', '2019-06-14', NULL, NULL),
(3523, 300, 931, 10, 7, 'A', '2019-06-14', NULL, NULL),
(3524, 300, 932, 10, 7, 'A', '2019-06-14', NULL, NULL),
(3525, 300, 930, 10, 7, 'A', '2019-06-14', NULL, NULL),
(3526, 308, 930, 10, 7, 'A', '2019-06-14', NULL, NULL),
(3527, 308, 928, 10, 10, 'M', '2019-06-14', NULL, NULL),
(3528, 308, 929, 10, 7, 'A', '2019-06-14', NULL, NULL),
(3529, 308, 931, 10, 4, 'EA', '2019-06-14', NULL, NULL),
(3530, 308, 932, 10, 7, 'A', '2019-06-14', NULL, NULL),
(3531, 291, 951, 10, 0, 'NA', '2019-06-14', NULL, NULL),
(3532, 291, 952, 5, 0, 'NA', '2019-06-14', NULL, NULL),
(3533, 298, 951, 10, 0, 'NA', '2019-06-14', NULL, NULL),
(3534, 298, 952, 5, 0, 'NA', '2019-06-14', NULL, NULL),
(3535, 298, 944, 10, 0, 'NA', '2019-06-14', NULL, NULL),
(3536, 298, 945, 5, 0, 'NA', '2019-06-14', NULL, NULL),
(3537, 294, 944, 10, 0, 'NA', '2019-06-14', NULL, NULL),
(3538, 294, 945, 5, 0, 'NA', '2019-06-14', NULL, NULL),
(3539, 296, 942, 10, 0, 'NA', '2019-06-14', NULL, NULL),
(3540, 298, 942, 10, 0, 'NA', '2019-06-14', NULL, NULL),
(3541, 298, 898, 5, 0, 'NA', '2019-06-14', NULL, NULL),
(3542, 298, 899, 5, 0, 'NA', '2019-06-14', NULL, NULL),
(3543, 298, 900, 5, 0, 'NA', '2019-06-14', NULL, NULL),
(3544, 298, 901, 10, 0, 'NA', '2019-06-14', NULL, NULL),
(3545, 298, 902, 5, 0, 'NA', '2019-06-14', NULL, NULL),
(3546, 296, 889, 5, 0, 'NA', '2019-06-14', NULL, NULL),
(3547, 296, 890, 5, 0, 'NA', '2019-06-14', NULL, NULL),
(3548, 296, 891, 5, 0, 'NA', '2019-06-14', NULL, NULL),
(3549, 296, 892, 10, 0, 'NA', '2019-06-14', NULL, NULL),
(3550, 296, 893, 5, 0, 'NA', '2019-06-14', NULL, NULL),
(3551, 292, 944, 10, 0, 'NA', '2019-06-14', NULL, NULL),
(3552, 292, 945, 5, 0, 'NA', '2019-06-14', NULL, NULL),
(3553, 292, 942, 10, 0, 'NA', '2019-06-14', NULL, NULL),
(3554, 292, 943, 10, 0, 'NA', '2019-06-14', NULL, NULL),
(3555, 291, 944, 10, 0, 'NA', '2019-06-14', NULL, NULL),
(3556, 291, 945, 5, 0, 'NA', '2019-06-14', NULL, NULL),
(3557, 291, 943, 10, 0, 'NA', '2019-06-14', NULL, NULL),
(3558, 291, 942, 10, 0, 'NA', '2019-06-14', NULL, NULL),
(3559, 291, 914, 5, 0, 'NA', '2019-06-14', NULL, NULL),
(3560, 291, 915, 5, 0, 'NA', '2019-06-14', NULL, NULL),
(3561, 291, 916, 5, 0, 'NA', '2019-06-14', NULL, NULL),
(3562, 291, 919, 5, 0, 'NA', '2019-06-14', NULL, NULL),
(3563, 291, 917, 10, 0, 'NA', '2019-06-14', NULL, NULL),
(3564, 291, 918, 5, 0, 'NA', '2019-06-14', NULL, NULL),
(3565, 291, 898, 5, 0, 'NA', '2019-06-14', NULL, NULL),
(3566, 291, 899, 5, 0, 'NA', '2019-06-14', NULL, NULL),
(3567, 291, 900, 5, 0, 'NA', '2019-06-14', NULL, NULL),
(3568, 291, 901, 10, 0, 'NA', '2019-06-14', NULL, NULL),
(3569, 291, 902, 5, 0, 'NA', '2019-06-14', NULL, NULL),
(3570, 290, 943, 10, 0, 'NA', '2019-06-14', NULL, NULL),
(3571, 290, 942, 10, 0, 'NA', '2019-06-14', NULL, NULL),
(3572, 289, 944, 10, 0, 'NA', '2019-06-14', NULL, NULL),
(3573, 289, 945, 5, 0, 'NA', '2019-06-14', NULL, NULL),
(3574, 289, 943, 10, 0, 'NA', '2019-06-14', NULL, NULL),
(3575, 289, 942, 10, 0, 'NA', '2019-06-14', NULL, NULL),
(3576, 289, 898, 5, 0, 'NA', '2019-06-14', NULL, NULL),
(3577, 289, 899, 5, 0, 'NA', '2019-06-14', NULL, NULL),
(3578, 289, 900, 5, 0, 'NA', '2019-06-14', NULL, NULL),
(3579, 289, 901, 10, 0, 'NA', '2019-06-14', NULL, NULL),
(3580, 289, 902, 5, 0, 'NA', '2019-06-14', NULL, NULL),
(3581, 290, 914, 5, 0, 'NA', '2019-06-14', NULL, NULL),
(3582, 290, 915, 5, 0, 'NA', '2019-06-14', NULL, NULL),
(3583, 290, 916, 5, 0, 'NA', '2019-06-14', NULL, NULL),
(3584, 290, 919, 5, 0, 'NA', '2019-06-14', NULL, NULL),
(3585, 290, 917, 10, 0, 'NA', '2019-06-14', NULL, NULL),
(3586, 290, 918, 5, 0, 'NA', '2019-06-14', NULL, NULL),
(3587, 290, 889, 5, 0, 'NA', '2019-06-14', NULL, NULL),
(3588, 290, 890, 5, 0, 'NA', '2019-06-14', NULL, NULL),
(3589, 290, 891, 5, 0, 'NA', '2019-06-14', NULL, NULL),
(3590, 290, 892, 10, 0, 'NA', '2019-06-14', NULL, NULL),
(3591, 290, 893, 5, 0, 'NA', '2019-06-14', NULL, NULL),
(3592, 294, 898, 5, 0, 'NA', '2019-06-14', NULL, NULL),
(3593, 294, 899, 5, 0, 'NA', '2019-06-14', NULL, NULL),
(3594, 294, 900, 5, 0, 'NA', '2019-06-14', NULL, NULL),
(3595, 294, 901, 10, 0, 'NA', '2019-06-14', NULL, NULL),
(3596, 294, 902, 5, 0, 'NA', '2019-06-14', NULL, NULL),
(3597, 322, 981, 5, 5, 'M', '2019-10-17', NULL, NULL),
(3598, 322, 1000, 5, 5, 'M', '2019-10-17', NULL, NULL),
(3599, 309, 981, 5, 5, 'M', '2019-10-17', NULL, NULL),
(3600, 309, 1000, 5, 3.5, 'A', '2019-10-17', NULL, NULL),
(3601, 311, 981, 5, 5, 'M', '2019-10-17', NULL, NULL),
(3602, 311, 1000, 5, 5, 'M', '2019-10-17', NULL, NULL),
(3603, 316, 981, 5, 5, 'M', '2019-10-17', NULL, NULL),
(3604, 316, 1000, 5, 3.5, 'A', '2019-10-17', NULL, NULL),
(3605, 314, 981, 5, 5, 'M', '2019-10-17', NULL, NULL),
(3606, 314, 1000, 5, 5, 'M', '2019-10-17', NULL, NULL),
(3607, 315, 981, 5, 5, 'M', '2019-10-17', NULL, NULL),
(3608, 315, 1000, 5, 5, 'M', '2019-10-17', NULL, NULL),
(3609, 311, 978, 5, 5, 'M', '2019-10-17', NULL, NULL),
(3610, 311, 980, 5, 3.5, 'A', '2019-10-17', NULL, NULL),
(3611, 311, 979, 10, 10, 'M', '2019-10-17', NULL, NULL),
(3612, 310, 978, 5, 5, 'M', '2019-10-17', NULL, NULL),
(3613, 310, 980, 5, 2, 'EA', '2019-10-17', NULL, NULL),
(3614, 310, 979, 10, 7, 'A', '2019-10-17', NULL, NULL),
(3615, 322, 978, 5, 5, 'M', '2019-10-22', NULL, NULL),
(3616, 322, 980, 5, 3.5, 'A', '2019-10-22', NULL, NULL),
(3617, 322, 979, 10, 4, 'EA', '2019-10-22', NULL, NULL),
(3618, 309, 978, 5, 5, 'M', '2019-10-22', NULL, NULL),
(3619, 309, 980, 5, 3.5, 'A', '2019-10-22', NULL, NULL),
(3620, 309, 979, 10, 4, 'EA', '2019-10-22', NULL, NULL),
(3621, 291, 978, 5, 3.5, 'A', '2019-10-22', NULL, NULL),
(3622, 291, 980, 5, 2, 'EA', '2019-10-22', NULL, NULL),
(3623, 291, 979, 10, 7, 'A', '2019-10-22', NULL, NULL),
(3624, 317, 978, 5, 5, 'M', '2019-10-22', NULL, NULL),
(3625, 317, 980, 5, 5, 'M', '2019-10-22', NULL, NULL),
(3626, 317, 979, 10, 10, 'M', '2019-10-22', NULL, NULL),
(3627, 294, 978, 5, 3.5, 'A', '2019-10-22', NULL, NULL),
(3628, 294, 980, 5, 5, 'M', '2019-10-22', NULL, NULL),
(3629, 294, 979, 10, 10, 'M', '2019-10-22', NULL, NULL),
(3630, 316, 978, 5, 5, 'M', '2019-10-22', NULL, NULL),
(3631, 316, 980, 5, 5, 'M', '2019-10-22', NULL, NULL),
(3632, 316, 979, 10, 10, 'M', '2019-10-22', NULL, NULL),
(3633, 323, 978, 5, 5, 'M', '2019-10-22', NULL, NULL),
(3634, 323, 980, 5, 5, 'M', '2019-10-22', NULL, NULL),
(3635, 323, 979, 10, 10, 'M', '2019-10-22', NULL, NULL),
(3636, 314, 978, 5, 5, 'M', '2019-10-22', NULL, NULL),
(3637, 314, 980, 5, 2, 'EA', '2019-10-22', NULL, NULL),
(3638, 314, 979, 10, 4, 'EA', '2019-10-22', NULL, NULL),
(3639, 315, 978, 5, 5, 'M', '2019-10-22', NULL, NULL),
(3640, 315, 980, 5, 5, 'M', '2019-10-22', NULL, NULL),
(3641, 315, 979, 10, 10, 'M', '2019-10-22', NULL, NULL),
(3642, 312, 995, 10, 7, 'A', '2019-10-22', NULL, NULL),
(3643, 323, 995, 10, 10, 'M', '2019-10-22', NULL, NULL),
(3644, 317, 995, 10, 4, 'EA', '2019-10-22', NULL, NULL),
(3645, 315, 995, 10, 4, 'EA', '2019-10-22', NULL, NULL),
(3646, 309, 995, 10, 7, 'A', '2019-10-22', NULL, NULL),
(3647, 322, 995, 10, 4, 'EA', '2019-10-22', NULL, NULL),
(3648, 314, 995, 10, 4, 'EA', '2019-10-22', NULL, NULL),
(3649, 310, 981, 5, 2, 'EA', '2019-10-22', NULL, NULL),
(3650, 310, 1000, 5, 5, 'M', '2019-10-22', NULL, NULL),
(3651, 312, 981, 5, 5, 'M', '2019-10-22', NULL, NULL),
(3652, 312, 1000, 5, 5, 'M', '2019-10-22', NULL, NULL),
(3653, 323, 981, 5, 3.5, 'A', '2019-10-22', NULL, NULL),
(3654, 323, 1000, 5, 5, 'M', '2019-10-22', NULL, NULL),
(3655, 317, 981, 5, 5, 'M', '2019-10-22', NULL, NULL),
(3656, 317, 1000, 5, 5, 'M', '2019-10-22', NULL, NULL),
(3657, 303, 986, 5, 5, 'M', '2019-10-22', NULL, NULL),
(3658, 303, 987, 5, 5, 'M', '2019-10-22', NULL, NULL),
(3659, 303, 988, 5, 5, 'M', '2019-10-22', NULL, NULL),
(3660, 303, 991, 5, 0, 'NA', '2019-10-22', NULL, NULL),
(3661, 303, 985, 5, 5, 'M', '2019-10-22', NULL, NULL),
(3662, 303, 989, 20, 8, 'EA', '2019-10-22', NULL, NULL),
(3663, 303, 990, 10, 0, 'NA', '2019-10-22', NULL, NULL),
(3664, 304, 986, 5, 5, 'M', '2019-10-22', NULL, NULL),
(3665, 304, 987, 5, 5, 'M', '2019-10-22', NULL, NULL),
(3666, 304, 988, 5, 5, 'M', '2019-10-22', NULL, NULL),
(3667, 304, 991, 5, 0, 'NA', '2019-10-22', NULL, NULL),
(3668, 304, 985, 5, 5, 'M', '2019-10-22', NULL, NULL),
(3669, 304, 989, 20, 8, 'EA', '2019-10-22', NULL, NULL),
(3670, 304, 990, 10, 0, 'NA', '2019-10-22', NULL, NULL),
(3671, 279, 986, 5, 3.5, 'A', '2019-10-22', NULL, NULL),
(3672, 279, 987, 5, 2, 'EA', '2019-10-22', NULL, NULL),
(3673, 279, 988, 5, 5, 'M', '2019-10-22', NULL, NULL),
(3674, 279, 991, 5, 2, 'EA', '2019-10-22', NULL, NULL),
(3675, 279, 985, 5, 5, 'M', '2019-10-22', NULL, NULL),
(3676, 279, 989, 20, 14, 'A', '2019-10-22', NULL, NULL),
(3677, 279, 990, 10, 4, 'EA', '2019-10-22', NULL, NULL),
(3678, 281, 986, 5, 0, 'NA', '2019-10-22', NULL, NULL),
(3679, 281, 987, 5, 2, 'EA', '2019-10-22', NULL, NULL),
(3680, 281, 988, 5, 5, 'M', '2019-10-22', NULL, NULL),
(3681, 281, 991, 5, 3.5, 'A', '2019-10-22', NULL, NULL),
(3682, 281, 985, 5, 5, 'M', '2019-10-22', NULL, NULL),
(3683, 281, 989, 20, 8, 'EA', '2019-10-22', NULL, NULL);
INSERT INTO `result` (`id`, `student_id`, `assessment_id`, `max_vote`, `user_vote`, `user_letter`, `date`, `was_absent`, `comment`) VALUES
(3684, 281, 990, 10, 4, 'EA', '2019-10-22', NULL, NULL),
(3685, 324, 986, 5, 0, 'NA', '2019-10-22', NULL, NULL),
(3686, 324, 987, 5, 2, 'EA', '2019-10-22', NULL, NULL),
(3687, 324, 988, 5, 5, 'M', '2019-10-22', NULL, NULL),
(3688, 324, 991, 5, 3.5, 'A', '2019-10-22', NULL, NULL),
(3689, 324, 985, 5, 5, 'M', '2019-10-22', NULL, NULL),
(3690, 324, 989, 20, 8, 'EA', '2019-10-22', NULL, NULL),
(3691, 324, 990, 10, 4, 'EA', '2019-10-22', NULL, NULL),
(3692, 329, 986, 5, 5, 'M', '2019-10-22', NULL, NULL),
(3693, 329, 987, 5, 3.5, 'A', '2019-10-22', NULL, NULL),
(3694, 329, 988, 5, 5, 'M', '2019-10-22', NULL, NULL),
(3695, 329, 991, 5, 5, 'M', '2019-10-22', NULL, NULL),
(3696, 329, 985, 5, 5, 'M', '2019-10-22', NULL, NULL),
(3697, 329, 989, 20, 14, 'A', '2019-10-22', NULL, NULL),
(3698, 329, 990, 10, 7, 'A', '2019-10-22', NULL, NULL),
(3699, 274, 986, 5, 0, 'NA', '2019-10-22', NULL, NULL),
(3700, 274, 987, 5, 3.5, 'A', '2019-10-22', NULL, NULL),
(3701, 274, 988, 5, 5, 'M', '2019-10-22', NULL, NULL),
(3702, 274, 991, 5, 2, 'EA', '2019-10-22', NULL, NULL),
(3703, 274, 985, 5, 5, 'M', '2019-10-22', NULL, NULL),
(3704, 274, 989, 20, 8, 'EA', '2019-10-22', NULL, NULL),
(3705, 274, 990, 10, 4, 'EA', '2019-10-22', NULL, NULL),
(3706, 294, 995, 10, 4, 'EA', '2019-10-22', NULL, NULL),
(3707, 310, 995, 10, 7, 'A', '2019-10-22', NULL, NULL),
(3708, 318, 983, 5, 3.5, 'A', '2019-10-23', NULL, NULL),
(3709, 318, 984, 10, 7, 'A', '2019-10-23', NULL, NULL),
(3710, 318, 992, 5, 2, 'EA', '2019-10-23', NULL, NULL),
(3711, 318, 993, 5, 2, 'EA', '2019-10-23', NULL, NULL),
(3712, 318, 994, 10, 4, 'EA', '2019-10-23', NULL, NULL),
(3713, 289, 982, 5, 2, 'EA', '2019-10-23', NULL, NULL),
(3714, 289, 983, 5, 2, 'EA', '2019-10-23', NULL, NULL),
(3715, 289, 984, 10, 4, 'EA', '2019-10-23', NULL, NULL),
(3716, 283, 982, 5, 5, 'M', '2019-10-23', NULL, NULL),
(3717, 283, 983, 5, 3.5, 'A', '2019-10-23', NULL, NULL),
(3718, 283, 984, 10, 7, 'A', '2019-10-23', NULL, NULL),
(3719, 308, 982, 5, 5, 'M', '2019-10-23', NULL, NULL),
(3720, 308, 983, 5, 3.5, 'A', '2019-10-23', NULL, NULL),
(3721, 308, 984, 10, 7, 'A', '2019-10-23', NULL, NULL),
(3722, 321, 982, 5, 5, 'M', '2019-10-23', NULL, NULL),
(3723, 321, 983, 5, 5, 'M', '2019-10-23', NULL, NULL),
(3724, 321, 984, 10, 7, 'A', '2019-10-23', NULL, NULL),
(3725, 301, 982, 5, 3.5, 'A', '2019-10-23', NULL, NULL),
(3726, 301, 983, 5, 5, 'M', '2019-10-23', NULL, NULL),
(3727, 301, 984, 10, 7, 'A', '2019-10-23', NULL, NULL),
(3728, 319, 982, 5, 2, 'EA', '2019-10-23', NULL, NULL),
(3729, 319, 983, 5, 3.5, 'A', '2019-10-23', NULL, NULL),
(3730, 319, 984, 10, 7, 'A', '2019-10-23', NULL, NULL),
(3731, 282, 982, 5, 5, 'M', '2019-10-23', NULL, NULL),
(3732, 282, 983, 5, 5, 'M', '2019-10-23', NULL, NULL),
(3733, 282, 984, 10, 10, 'M', '2019-10-23', NULL, NULL),
(3734, 283, 992, 5, 5, 'M', '2019-10-23', NULL, NULL),
(3735, 283, 993, 5, 3.5, 'A', '2019-10-23', NULL, NULL),
(3736, 283, 994, 10, 4, 'EA', '2019-10-23', NULL, NULL),
(3737, 289, 992, 5, 3.5, 'A', '2019-10-23', NULL, NULL),
(3738, 289, 993, 5, 3.5, 'A', '2019-10-23', NULL, NULL),
(3739, 289, 994, 10, 4, 'EA', '2019-10-23', NULL, NULL),
(3740, 293, 992, 5, 5, 'M', '2019-10-23', NULL, NULL),
(3741, 293, 993, 5, 5, 'M', '2019-10-23', NULL, NULL),
(3742, 293, 994, 10, 4, 'EA', '2019-10-23', NULL, NULL),
(3743, 299, 992, 5, 3.5, 'A', '2019-10-23', NULL, NULL),
(3744, 299, 993, 5, 2, 'EA', '2019-10-23', NULL, NULL),
(3745, 299, 994, 10, 4, 'EA', '2019-10-23', NULL, NULL),
(3746, 301, 992, 5, 2, 'EA', '2019-10-23', NULL, NULL),
(3747, 301, 993, 5, 5, 'M', '2019-10-23', NULL, NULL),
(3748, 301, 994, 10, 4, 'EA', '2019-10-23', NULL, NULL),
(3749, 319, 992, 5, 5, 'M', '2019-10-23', NULL, NULL),
(3750, 319, 993, 5, 5, 'M', '2019-10-23', NULL, NULL),
(3751, 319, 994, 10, 4, 'EA', '2019-10-23', NULL, NULL),
(3752, 321, 992, 5, 5, 'M', '2019-10-23', NULL, NULL),
(3753, 321, 993, 5, 5, 'M', '2019-10-23', NULL, NULL),
(3754, 321, 994, 10, 4, 'EA', '2019-10-23', NULL, NULL),
(3755, 282, 992, 5, 2, 'EA', '2019-10-23', NULL, NULL),
(3756, 282, 993, 5, 5, 'M', '2019-10-23', NULL, NULL),
(3757, 282, 994, 10, 4, 'EA', '2019-10-23', NULL, NULL),
(3758, 301, 996, 5, 2, 'EA', '2019-10-23', NULL, NULL),
(3759, 301, 997, 5, 3.5, 'A', '2019-10-23', NULL, NULL),
(3760, 301, 998, 10, 7, 'A', '2019-10-23', NULL, NULL),
(3761, 289, 996, 5, 2, 'EA', '2019-10-23', NULL, NULL),
(3762, 289, 997, 5, 3.5, 'A', '2019-10-23', NULL, NULL),
(3763, 289, 998, 10, 7, 'A', '2019-10-23', NULL, NULL),
(3764, 290, 996, 5, 3.5, 'A', '2019-10-23', NULL, NULL),
(3765, 290, 997, 5, 3.5, 'A', '2019-10-23', NULL, NULL),
(3766, 290, 998, 10, 4, 'EA', '2019-10-23', NULL, NULL),
(3767, 293, 996, 5, 3.5, 'A', '2019-10-23', NULL, NULL),
(3768, 293, 997, 5, 2, 'EA', '2019-10-23', NULL, NULL),
(3769, 293, 998, 10, 7, 'A', '2019-10-23', NULL, NULL),
(3770, 308, 996, 5, 3.5, 'A', '2019-10-23', NULL, NULL),
(3771, 308, 997, 5, 3.5, 'A', '2019-10-23', NULL, NULL),
(3772, 308, 998, 10, 7, 'A', '2019-10-23', NULL, NULL),
(3773, 319, 996, 5, 2, 'EA', '2019-10-23', NULL, NULL),
(3774, 319, 997, 5, 3.5, 'A', '2019-10-23', NULL, NULL),
(3775, 319, 998, 10, 7, 'A', '2019-10-23', NULL, NULL),
(3776, 321, 996, 5, 5, 'M', '2019-10-23', NULL, NULL),
(3777, 321, 997, 5, 3.5, 'A', '2019-10-23', NULL, NULL),
(3778, 321, 998, 10, 7, 'A', '2019-10-23', NULL, NULL),
(3779, 311, 995, 10, 7, 'A', '2019-10-24', NULL, NULL),
(3780, 291, 995, 10, 4, 'EA', '2019-10-24', NULL, NULL),
(3781, 312, 978, 5, 5, 'M', '2019-11-02', NULL, NULL),
(3782, 312, 980, 5, 3.5, 'A', '2019-11-02', NULL, NULL),
(3783, 312, 979, 10, 10, 'M', '2019-11-02', NULL, NULL),
(3784, 278, 986, 5, 5, 'M', '2019-11-02', NULL, NULL),
(3785, 278, 987, 5, 5, 'M', '2019-11-02', NULL, NULL),
(3786, 278, 988, 5, 3.5, 'A', '2019-11-02', NULL, NULL),
(3787, 278, 991, 5, 3.5, 'A', '2019-11-02', NULL, NULL),
(3788, 278, 985, 5, 3.5, 'A', '2019-11-02', NULL, NULL),
(3789, 278, 989, 20, 14, 'A', '2019-11-02', NULL, NULL),
(3790, 278, 990, 10, 4, 'EA', '2019-11-02', NULL, NULL),
(3791, 327, 986, 5, 2, 'EA', '2019-11-02', NULL, NULL),
(3792, 327, 987, 5, 5, 'M', '2019-11-02', NULL, NULL),
(3793, 327, 988, 5, 5, 'M', '2019-11-02', NULL, NULL),
(3794, 327, 991, 5, 5, 'M', '2019-11-02', NULL, NULL),
(3795, 327, 985, 5, 5, 'M', '2019-11-02', NULL, NULL),
(3796, 327, 989, 20, 14, 'A', '2019-11-02', NULL, NULL),
(3797, 328, 986, 5, 5, 'M', '2019-11-02', NULL, NULL),
(3798, 328, 987, 5, 2, 'EA', '2019-11-02', NULL, NULL),
(3799, 328, 988, 5, 5, 'M', '2019-11-02', NULL, NULL),
(3800, 328, 991, 5, 5, 'M', '2019-11-02', NULL, NULL),
(3801, 328, 985, 5, 2, 'EA', '2019-11-02', NULL, NULL),
(3802, 328, 989, 20, 8, 'EA', '2019-11-02', NULL, NULL),
(3803, 291, 981, 5, 0, 'NA', '2019-11-02', NULL, NULL),
(3804, 291, 1000, 5, 0, 'NA', '2019-11-02', NULL, NULL),
(3805, 294, 981, 5, 0, 'NA', '2019-11-02', NULL, NULL),
(3806, 294, 1000, 5, 0, 'NA', '2019-11-02', NULL, NULL),
(3807, 294, 1002, 10, 0, 'NA', '2019-11-02', NULL, NULL),
(3808, 315, 1002, 10, 4, 'EA', '2019-12-11', NULL, NULL),
(3809, 309, 1002, 10, 4, 'EA', '2019-12-11', NULL, NULL),
(3810, 311, 1002, 10, 7, 'A', '2019-12-11', NULL, NULL),
(3811, 317, 1002, 10, 0, 'NA', '2019-12-11', NULL, NULL),
(3812, 312, 1002, 10, 4, 'EA', '2019-12-11', NULL, NULL),
(3813, 314, 1002, 10, 4, 'EA', '2019-12-11', NULL, NULL),
(3814, 311, 1003, 10, 10, 'M', '2019-12-11', NULL, NULL),
(3815, 311, 1004, 5, 5, 'M', '2019-12-11', NULL, NULL),
(3816, 311, 1005, 5, 3.5, 'A', '2019-12-11', NULL, NULL),
(3817, 322, 1003, 10, 10, 'M', '2019-12-11', NULL, NULL),
(3818, 322, 1004, 5, 0, 'NA', '2019-12-11', NULL, NULL),
(3819, 322, 1005, 5, 3.5, 'A', '2019-12-11', NULL, NULL),
(3820, 309, 1003, 10, 10, 'M', '2019-12-11', NULL, NULL),
(3821, 309, 1004, 5, 5, 'M', '2019-12-11', NULL, NULL),
(3822, 309, 1005, 5, 5, 'M', '2019-12-11', NULL, NULL),
(3823, 310, 1003, 10, 7, 'A', '2019-12-11', NULL, NULL),
(3824, 310, 1004, 5, 5, 'M', '2019-12-11', NULL, NULL),
(3825, 310, 1005, 5, 3.5, 'A', '2019-12-11', NULL, NULL),
(3826, 317, 1003, 10, 10, 'M', '2019-12-11', NULL, NULL),
(3827, 317, 1004, 5, 5, 'M', '2019-12-11', NULL, NULL),
(3828, 317, 1005, 5, 3.5, 'A', '2019-12-11', NULL, NULL),
(3829, 294, 1003, 10, 4, 'EA', '2019-12-11', NULL, NULL),
(3830, 294, 1004, 5, 3.5, 'A', '2019-12-11', NULL, NULL),
(3831, 294, 1005, 5, 5, 'M', '2019-12-11', NULL, NULL),
(3832, 316, 1003, 10, 7, 'A', '2019-12-11', NULL, NULL),
(3833, 316, 1004, 5, 2, 'EA', '2019-12-11', NULL, NULL),
(3834, 316, 1005, 5, 3.5, 'A', '2019-12-11', NULL, NULL),
(3835, 312, 1003, 10, 7, 'A', '2019-12-11', NULL, NULL),
(3836, 312, 1004, 5, 5, 'M', '2019-12-11', NULL, NULL),
(3837, 312, 1005, 5, 3.5, 'A', '2019-12-11', NULL, NULL),
(3838, 323, 1003, 10, 10, 'M', '2019-12-11', NULL, NULL),
(3839, 323, 1004, 5, 5, 'M', '2019-12-11', NULL, NULL),
(3840, 323, 1005, 5, 5, 'M', '2019-12-11', NULL, NULL),
(3841, 314, 1003, 10, 10, 'M', '2019-12-11', NULL, NULL),
(3842, 314, 1005, 5, 2, 'EA', '2019-12-11', NULL, NULL),
(3843, 315, 1003, 10, 10, 'M', '2019-12-11', NULL, NULL),
(3844, 315, 1004, 5, 5, 'M', '2019-12-11', NULL, NULL),
(3845, 315, 1005, 5, 3.5, 'A', '2019-12-11', NULL, NULL),
(3846, 322, 1002, 10, 4, 'EA', '2019-12-11', NULL, NULL),
(3847, 299, 1010, 5, 0, 'NA', '2019-12-11', NULL, NULL),
(3848, 299, 1011, 5, 5, 'M', '2019-12-11', NULL, NULL),
(3849, 299, 1012, 2, 2, 'M', '2019-12-11', NULL, NULL),
(3850, 299, 1013, 2, 2, 'M', '2019-12-11', NULL, NULL),
(3851, 299, 1014, 2, 2, 'M', '2019-12-11', NULL, NULL),
(3852, 299, 1015, 2, 2, 'M', '2019-12-11', NULL, NULL),
(3853, 299, 1016, 2, 2, 'M', '2019-12-11', NULL, NULL),
(3854, 299, 1017, 10, 10, 'M', '2019-12-11', NULL, NULL),
(3855, 299, 1018, 10, 4, 'EA', '2019-12-11', NULL, NULL),
(3856, 299, 1019, 20, 20, 'M', '2019-12-11', NULL, NULL),
(3857, 299, 1020, 10, 10, 'M', '2019-12-11', NULL, NULL),
(3858, 299, 1021, 10, 10, 'M', '2019-12-11', NULL, NULL),
(3859, 290, 1010, 5, 3.5, 'A', '2019-12-11', NULL, NULL),
(3860, 290, 1011, 5, 5, 'M', '2019-12-11', NULL, NULL),
(3861, 290, 1012, 2, 2, 'M', '2019-12-11', NULL, NULL),
(3862, 290, 1013, 2, 2, 'M', '2019-12-11', NULL, NULL),
(3863, 290, 1014, 2, 2, 'M', '2019-12-11', NULL, NULL),
(3864, 290, 1015, 2, 2, 'M', '2019-12-11', NULL, NULL),
(3865, 290, 1016, 2, 2, 'M', '2019-12-11', NULL, NULL),
(3866, 290, 1017, 10, 10, 'M', '2019-12-11', NULL, NULL),
(3867, 290, 1018, 10, 7, 'A', '2019-12-11', NULL, NULL),
(3868, 290, 1019, 20, 14, 'A', '2019-12-11', NULL, NULL),
(3869, 290, 1020, 10, 0, 'NA', '2019-12-11', NULL, NULL),
(3870, 290, 1021, 10, 10, 'M', '2019-12-11', NULL, NULL),
(3871, 318, 1010, 5, 3.5, 'A', '2019-12-11', NULL, NULL),
(3872, 318, 1011, 5, 3.5, 'A', '2019-12-11', NULL, NULL),
(3873, 318, 1012, 2, 2, 'M', '2019-12-11', NULL, NULL),
(3874, 318, 1013, 2, 2, 'M', '2019-12-11', NULL, NULL),
(3875, 318, 1014, 2, 2, 'M', '2019-12-11', NULL, NULL),
(3876, 318, 1015, 2, 2, 'M', '2019-12-11', NULL, NULL),
(3877, 318, 1016, 2, 2, 'M', '2019-12-11', NULL, NULL),
(3878, 318, 1017, 10, 7, 'A', '2019-12-11', NULL, NULL),
(3879, 318, 1018, 10, 10, 'M', '2019-12-11', NULL, NULL),
(3880, 318, 1019, 20, 20, 'M', '2019-12-11', NULL, NULL),
(3881, 318, 1020, 10, 4, 'EA', '2019-12-11', NULL, NULL),
(3882, 318, 1021, 10, 0, 'NA', '2019-12-11', NULL, NULL),
(3883, 289, 1010, 5, 3.5, 'A', '2019-12-11', NULL, NULL),
(3884, 289, 1011, 5, 3.5, 'A', '2019-12-11', NULL, NULL),
(3885, 289, 1012, 2, 2, 'M', '2019-12-11', NULL, NULL),
(3886, 289, 1013, 2, 2, 'M', '2019-12-11', NULL, NULL),
(3887, 289, 1014, 2, 1.4, 'A', '2019-12-11', NULL, NULL),
(3888, 289, 1015, 2, 1.4, 'A', '2019-12-11', NULL, NULL),
(3889, 289, 1016, 2, 2, 'M', '2019-12-11', NULL, NULL),
(3890, 289, 1017, 10, 7, 'A', '2019-12-11', NULL, NULL),
(3891, 289, 1018, 10, 7, 'A', '2019-12-11', NULL, NULL),
(3892, 289, 1019, 20, 20, 'M', '2019-12-11', NULL, NULL),
(3893, 289, 1020, 10, 7, 'A', '2019-12-11', NULL, NULL),
(3894, 289, 1021, 10, 7, 'A', '2019-12-11', NULL, NULL),
(3895, 308, 1010, 5, 3.5, 'A', '2019-12-11', NULL, NULL),
(3896, 308, 1011, 5, 5, 'M', '2019-12-11', NULL, NULL),
(3897, 308, 1012, 2, 2, 'M', '2019-12-11', NULL, NULL),
(3898, 308, 1013, 2, 2, 'M', '2019-12-11', NULL, NULL),
(3899, 308, 1014, 2, 2, 'M', '2019-12-11', NULL, NULL),
(3900, 308, 1015, 2, 2, 'M', '2019-12-11', NULL, NULL),
(3901, 308, 1016, 2, 2, 'M', '2019-12-11', NULL, NULL),
(3902, 308, 1017, 10, 10, 'M', '2019-12-11', NULL, NULL),
(3903, 308, 1018, 10, 7, 'A', '2019-12-11', NULL, NULL),
(3904, 308, 1019, 20, 20, 'M', '2019-12-11', NULL, NULL),
(3905, 308, 1020, 10, 10, 'M', '2019-12-11', NULL, NULL),
(3906, 308, 1021, 10, 4, 'EA', '2019-12-11', NULL, NULL),
(3907, 293, 1010, 5, 0, 'NA', '2019-12-11', NULL, NULL),
(3908, 293, 1011, 5, 5, 'M', '2019-12-11', NULL, NULL),
(3909, 293, 1012, 2, 2, 'M', '2019-12-11', NULL, NULL),
(3910, 293, 1013, 2, 2, 'M', '2019-12-11', NULL, NULL),
(3911, 293, 1014, 2, 2, 'M', '2019-12-11', NULL, NULL),
(3912, 293, 1015, 2, 2, 'M', '2019-12-11', NULL, NULL),
(3913, 293, 1016, 2, 2, 'M', '2019-12-11', NULL, NULL),
(3914, 293, 1017, 10, 7, 'A', '2019-12-11', NULL, NULL),
(3915, 293, 1018, 10, 4, 'EA', '2019-12-11', NULL, NULL),
(3916, 293, 1019, 20, 14, 'A', '2019-12-11', NULL, NULL),
(3917, 293, 1020, 10, 10, 'M', '2019-12-11', NULL, NULL),
(3918, 293, 1021, 10, 10, 'M', '2019-12-11', NULL, NULL),
(3919, 301, 1010, 5, 0, 'NA', '2019-12-11', NULL, NULL),
(3920, 301, 1011, 5, 3.5, 'A', '2019-12-11', NULL, NULL),
(3921, 301, 1012, 2, 2, 'M', '2019-12-11', NULL, NULL),
(3922, 301, 1013, 2, 2, 'M', '2019-12-11', NULL, NULL),
(3923, 301, 1014, 2, 2, 'M', '2019-12-11', NULL, NULL),
(3924, 301, 1015, 2, 2, 'M', '2019-12-11', NULL, NULL),
(3925, 301, 1016, 2, 2, 'M', '2019-12-11', NULL, NULL),
(3926, 301, 1017, 10, 10, 'M', '2019-12-11', NULL, NULL),
(3927, 301, 1018, 10, 10, 'M', '2019-12-11', NULL, NULL),
(3928, 301, 1019, 20, 20, 'M', '2019-12-11', NULL, NULL),
(3929, 301, 1020, 10, 7, 'A', '2019-12-11', NULL, NULL),
(3930, 301, 1021, 10, 10, 'M', '2019-12-11', NULL, NULL),
(3931, 283, 1010, 5, 5, 'M', '2019-12-11', NULL, NULL),
(3932, 283, 1011, 5, 5, 'M', '2019-12-11', NULL, NULL),
(3933, 283, 1012, 2, 2, 'M', '2019-12-11', NULL, NULL),
(3934, 283, 1013, 2, 2, 'M', '2019-12-11', NULL, NULL),
(3935, 283, 1014, 2, 2, 'M', '2019-12-11', NULL, NULL),
(3936, 283, 1015, 2, 2, 'M', '2019-12-11', NULL, NULL),
(3937, 283, 1016, 2, 1.4, 'A', '2019-12-11', NULL, NULL),
(3938, 283, 1017, 10, 7, 'A', '2019-12-11', NULL, NULL),
(3939, 283, 1018, 10, 4, 'EA', '2019-12-11', NULL, NULL),
(3940, 283, 1019, 20, 20, 'M', '2019-12-11', NULL, NULL),
(3941, 283, 1020, 10, 7, 'A', '2019-12-11', NULL, NULL),
(3942, 283, 1021, 10, 10, 'M', '2019-12-11', NULL, NULL),
(3943, 319, 1010, 5, 3.5, 'A', '2019-12-11', NULL, NULL),
(3944, 319, 1011, 5, 5, 'M', '2019-12-11', NULL, NULL),
(3945, 319, 1012, 2, 2, 'M', '2019-12-11', NULL, NULL),
(3946, 319, 1013, 2, 2, 'M', '2019-12-11', NULL, NULL),
(3947, 319, 1014, 2, 1.4, 'A', '2019-12-11', NULL, NULL),
(3948, 319, 1015, 2, 2, 'M', '2019-12-11', NULL, NULL),
(3949, 319, 1016, 2, 2, 'M', '2019-12-11', NULL, NULL),
(3950, 319, 1017, 10, 10, 'M', '2019-12-11', NULL, NULL),
(3951, 319, 1018, 10, 4, 'EA', '2019-12-11', NULL, NULL),
(3952, 319, 1019, 20, 14, 'A', '2019-12-11', NULL, NULL),
(3953, 319, 1020, 10, 0, 'NA', '2019-12-11', NULL, NULL),
(3954, 319, 1021, 10, 4, 'EA', '2019-12-11', NULL, NULL),
(3955, 321, 1010, 5, 0, 'NA', '2019-12-11', NULL, NULL),
(3956, 321, 1011, 5, 5, 'M', '2019-12-11', NULL, NULL),
(3957, 321, 1012, 2, 2, 'M', '2019-12-11', NULL, NULL),
(3958, 321, 1013, 2, 2, 'M', '2019-12-11', NULL, NULL),
(3959, 321, 1014, 2, 2, 'M', '2019-12-11', NULL, NULL),
(3960, 321, 1015, 2, 2, 'M', '2019-12-11', NULL, NULL),
(3961, 321, 1016, 2, 2, 'M', '2019-12-11', NULL, NULL),
(3962, 321, 1017, 10, 10, 'M', '2019-12-11', NULL, NULL),
(3963, 321, 1018, 10, 4, 'EA', '2019-12-11', NULL, NULL),
(3964, 321, 1019, 20, 14, 'A', '2019-12-11', NULL, NULL),
(3965, 321, 1020, 10, 10, 'M', '2019-12-11', NULL, NULL),
(3966, 321, 1021, 10, 10, 'M', '2019-12-11', NULL, NULL),
(3967, 282, 1010, 5, 3.5, 'A', '2019-12-11', NULL, NULL),
(3968, 282, 1011, 5, 5, 'M', '2019-12-11', NULL, NULL),
(3969, 282, 1012, 2, 2, 'M', '2019-12-11', NULL, NULL),
(3970, 282, 1013, 2, 2, 'M', '2019-12-11', NULL, NULL),
(3971, 282, 1014, 2, 2, 'M', '2019-12-11', NULL, NULL),
(3972, 282, 1015, 2, 1.4, 'A', '2019-12-11', NULL, NULL),
(3973, 282, 1016, 2, 2, 'M', '2019-12-11', NULL, NULL),
(3974, 282, 1017, 10, 7, 'A', '2019-12-11', NULL, NULL),
(3975, 282, 1018, 10, 4, 'EA', '2019-12-11', NULL, NULL),
(3976, 282, 1019, 20, 14, 'A', '2019-12-11', NULL, NULL),
(3977, 282, 1020, 10, 7, 'A', '2019-12-11', NULL, NULL),
(3978, 282, 1021, 10, 10, 'M', '2019-12-11', NULL, NULL),
(3979, 312, 1022, 10, 10, 'M', '2019-12-12', NULL, NULL),
(3980, 312, 1023, 10, 4, 'EA', '2019-12-12', NULL, NULL),
(3981, 312, 1024, 5, 2, 'EA', '2019-12-12', NULL, NULL),
(3982, 312, 1025, 5, 5, 'M', '2019-12-12', NULL, NULL),
(3983, 312, 1026, 5, 5, 'M', '2019-12-12', NULL, NULL),
(3984, 312, 1027, 5, 5, 'M', '2019-12-12', NULL, NULL),
(3985, 312, 1028, 10, 7, 'A', '2019-12-12', NULL, NULL),
(3986, 312, 1029, 10, 7, 'A', '2019-12-12', NULL, NULL),
(3987, 312, 1030, 5, 5, 'M', '2019-12-12', NULL, NULL),
(3988, 316, 1022, 10, 10, 'M', '2019-12-12', NULL, NULL),
(3989, 316, 1023, 10, 0, 'NA', '2019-12-12', NULL, NULL),
(3990, 316, 1024, 5, 5, 'M', '2019-12-12', NULL, NULL),
(3991, 316, 1025, 5, 5, 'M', '2019-12-12', NULL, NULL),
(3992, 316, 1026, 5, 5, 'M', '2019-12-12', NULL, NULL),
(3993, 316, 1027, 5, 3.5, 'A', '2019-12-12', NULL, NULL),
(3994, 316, 1028, 10, 4, 'EA', '2019-12-12', NULL, NULL),
(3995, 316, 1029, 10, 7, 'A', '2019-12-12', NULL, NULL),
(3996, 316, 1030, 5, 2, 'EA', '2019-12-12', NULL, NULL),
(3997, 316, 1031, 10, 4, 'EA', '2019-12-12', NULL, NULL),
(3998, 312, 1031, 10, 7, 'A', '2019-12-12', NULL, NULL),
(3999, 317, 1022, 10, 7, 'A', '2019-12-12', NULL, NULL),
(4000, 317, 1023, 10, 10, 'M', '2019-12-12', NULL, NULL),
(4001, 317, 1024, 5, 5, 'M', '2019-12-12', NULL, NULL),
(4002, 317, 1025, 5, 5, 'M', '2019-12-12', NULL, NULL),
(4003, 317, 1026, 5, 5, 'M', '2019-12-12', NULL, NULL),
(4004, 317, 1027, 5, 3.5, 'A', '2019-12-12', NULL, NULL),
(4005, 317, 1028, 10, 7, 'A', '2019-12-12', NULL, NULL),
(4006, 317, 1029, 10, 10, 'M', '2019-12-12', NULL, NULL),
(4007, 317, 1030, 5, 3.5, 'A', '2019-12-12', NULL, NULL),
(4008, 317, 1031, 10, 7, 'A', '2019-12-12', NULL, NULL),
(4009, 317, 1032, 10, 7, 'A', '2019-12-12', NULL, NULL),
(4010, 316, 1032, 10, 10, 'M', '2019-12-12', NULL, NULL),
(4011, 312, 1032, 10, 10, 'M', '2019-12-12', NULL, NULL),
(4012, 314, 1022, 10, 10, 'M', '2019-12-12', NULL, NULL),
(4013, 314, 1023, 10, 10, 'M', '2019-12-12', NULL, NULL),
(4014, 314, 1028, 10, 7, 'A', '2019-12-12', NULL, NULL),
(4015, 314, 1029, 10, 7, 'A', '2019-12-12', NULL, NULL),
(4016, 314, 1030, 5, 5, 'M', '2019-12-12', NULL, NULL),
(4017, 314, 1032, 10, 4, 'EA', '2019-12-12', NULL, NULL),
(4018, 314, 1024, 5, 5, 'M', '2019-12-12', NULL, NULL),
(4019, 314, 1025, 5, 5, 'M', '2019-12-12', NULL, NULL),
(4020, 314, 1026, 5, 5, 'M', '2019-12-12', NULL, NULL),
(4021, 314, 1027, 5, 5, 'M', '2019-12-12', NULL, NULL),
(4022, 314, 1031, 10, 4, 'EA', '2019-12-12', NULL, NULL),
(4023, 323, 1022, 10, 4, 'EA', '2019-12-12', NULL, NULL),
(4024, 323, 1023, 10, 10, 'M', '2019-12-12', NULL, NULL),
(4025, 323, 1028, 10, 0, 'NA', '2019-12-12', NULL, NULL),
(4026, 323, 1029, 10, 7, 'A', '2019-12-12', NULL, NULL),
(4027, 323, 1030, 5, 3.5, 'A', '2019-12-12', NULL, NULL),
(4028, 323, 1032, 10, 4, 'EA', '2019-12-12', NULL, NULL),
(4029, 323, 1024, 5, 0, 'NA', '2019-12-12', NULL, NULL),
(4030, 323, 1025, 5, 2, 'EA', '2019-12-12', NULL, NULL),
(4031, 323, 1026, 5, 5, 'M', '2019-12-12', NULL, NULL),
(4032, 323, 1027, 5, 5, 'M', '2019-12-12', NULL, NULL),
(4033, 323, 1031, 10, 4, 'EA', '2019-12-12', NULL, NULL),
(4034, 291, 1022, 10, 7, 'A', '2019-12-12', NULL, NULL),
(4035, 291, 1023, 10, 10, 'M', '2019-12-12', NULL, NULL),
(4036, 291, 1028, 10, 7, 'A', '2019-12-12', NULL, NULL),
(4037, 291, 1029, 10, 4, 'EA', '2019-12-12', NULL, NULL),
(4038, 291, 1030, 5, 5, 'M', '2019-12-12', NULL, NULL),
(4039, 291, 1032, 10, 10, 'M', '2019-12-12', NULL, NULL),
(4040, 291, 1024, 5, 5, 'M', '2019-12-12', NULL, NULL),
(4041, 291, 1025, 5, 5, 'M', '2019-12-12', NULL, NULL),
(4042, 291, 1026, 5, 5, 'M', '2019-12-12', NULL, NULL),
(4043, 291, 1027, 5, 3.5, 'A', '2019-12-12', NULL, NULL),
(4044, 291, 1031, 10, 4, 'EA', '2019-12-12', NULL, NULL),
(4045, 311, 1022, 10, 10, 'M', '2019-12-12', NULL, NULL),
(4046, 311, 1023, 10, 10, 'M', '2019-12-12', NULL, NULL),
(4047, 311, 1028, 10, 7, 'A', '2019-12-12', NULL, NULL),
(4048, 311, 1029, 10, 4, 'EA', '2019-12-12', NULL, NULL),
(4049, 311, 1030, 5, 5, 'M', '2019-12-12', NULL, NULL),
(4050, 311, 1032, 10, 7, 'A', '2019-12-12', NULL, NULL),
(4051, 311, 1024, 5, 5, 'M', '2019-12-12', NULL, NULL),
(4052, 311, 1025, 5, 2, 'EA', '2019-12-12', NULL, NULL),
(4053, 311, 1026, 5, 5, 'M', '2019-12-12', NULL, NULL),
(4054, 311, 1027, 5, 5, 'M', '2019-12-12', NULL, NULL),
(4055, 311, 1031, 10, 7, 'A', '2019-12-12', NULL, NULL),
(4056, 330, 1022, 10, 7, 'A', '2019-12-12', NULL, NULL),
(4057, 330, 1023, 10, 0, 'NA', '2019-12-12', NULL, NULL),
(4058, 330, 1028, 10, 0, 'NA', '2019-12-12', NULL, NULL),
(4059, 330, 1029, 10, 10, 'M', '2019-12-12', NULL, NULL),
(4060, 330, 1030, 5, 0, 'NA', '2019-12-12', NULL, NULL),
(4061, 330, 1032, 10, 7, 'A', '2019-12-12', NULL, NULL),
(4062, 330, 1024, 5, 2, 'EA', '2019-12-12', NULL, NULL),
(4063, 330, 1025, 5, 3.5, 'A', '2019-12-12', NULL, NULL),
(4064, 330, 1026, 5, 3.5, 'A', '2019-12-12', NULL, NULL),
(4065, 330, 1027, 5, 5, 'M', '2019-12-12', NULL, NULL),
(4066, 330, 1031, 10, 7, 'A', '2019-12-12', NULL, NULL),
(4067, 294, 1022, 10, 4, 'EA', '2019-12-12', NULL, NULL),
(4068, 294, 1023, 10, 10, 'M', '2019-12-12', NULL, NULL),
(4069, 294, 1028, 10, 7, 'A', '2019-12-12', NULL, NULL),
(4070, 294, 1029, 10, 7, 'A', '2019-12-12', NULL, NULL),
(4071, 294, 1030, 5, 3.5, 'A', '2019-12-12', NULL, NULL),
(4072, 294, 1032, 10, 4, 'EA', '2019-12-12', NULL, NULL),
(4073, 294, 1024, 5, 5, 'M', '2019-12-12', NULL, NULL),
(4074, 294, 1025, 5, 3.5, 'A', '2019-12-12', NULL, NULL),
(4075, 294, 1026, 5, 5, 'M', '2019-12-12', NULL, NULL),
(4076, 294, 1027, 5, 5, 'M', '2019-12-12', NULL, NULL),
(4077, 294, 1031, 10, 4, 'EA', '2019-12-12', NULL, NULL),
(4078, 322, 1022, 10, 10, 'M', '2019-12-12', NULL, NULL),
(4079, 322, 1023, 10, 10, 'M', '2019-12-12', NULL, NULL),
(4080, 322, 1028, 10, 10, 'M', '2019-12-12', NULL, NULL),
(4081, 322, 1029, 10, 7, 'A', '2019-12-12', NULL, NULL),
(4082, 322, 1030, 5, 2, 'EA', '2019-12-12', NULL, NULL),
(4083, 322, 1032, 10, 10, 'M', '2019-12-12', NULL, NULL),
(4084, 322, 1024, 5, 5, 'M', '2019-12-12', NULL, NULL),
(4085, 322, 1025, 5, 5, 'M', '2019-12-12', NULL, NULL),
(4086, 322, 1026, 5, 5, 'M', '2019-12-12', NULL, NULL),
(4087, 322, 1027, 5, 3.5, 'A', '2019-12-12', NULL, NULL),
(4088, 322, 1031, 10, 7, 'A', '2019-12-12', NULL, NULL),
(4089, 309, 1022, 10, 0, 'NA', '2019-12-12', NULL, NULL),
(4090, 309, 1023, 10, 7, 'A', '2019-12-12', NULL, NULL),
(4091, 309, 1028, 10, 0, 'NA', '2019-12-12', NULL, NULL),
(4092, 309, 1029, 10, 7, 'A', '2019-12-12', NULL, NULL),
(4093, 309, 1030, 5, 3.5, 'A', '2019-12-12', NULL, NULL),
(4094, 309, 1032, 10, 7, 'A', '2019-12-12', NULL, NULL),
(4095, 309, 1024, 5, 5, 'M', '2019-12-12', NULL, NULL),
(4096, 309, 1025, 5, 5, 'M', '2019-12-12', NULL, NULL),
(4097, 309, 1026, 5, 5, 'M', '2019-12-12', NULL, NULL),
(4098, 309, 1027, 5, 5, 'M', '2019-12-12', NULL, NULL),
(4099, 309, 1031, 10, 0, 'NA', '2019-12-12', NULL, NULL),
(4100, 310, 1022, 10, 10, 'M', '2019-12-12', NULL, NULL),
(4101, 310, 1023, 10, 10, 'M', '2019-12-12', NULL, NULL),
(4102, 310, 1028, 10, 4, 'EA', '2019-12-12', NULL, NULL),
(4103, 310, 1029, 10, 7, 'A', '2019-12-12', NULL, NULL),
(4104, 310, 1030, 5, 0, 'NA', '2019-12-12', NULL, NULL),
(4105, 310, 1032, 10, 7, 'A', '2019-12-12', NULL, NULL),
(4106, 310, 1024, 5, 5, 'M', '2019-12-12', NULL, NULL),
(4107, 310, 1025, 5, 5, 'M', '2019-12-12', NULL, NULL),
(4108, 310, 1026, 5, 5, 'M', '2019-12-12', NULL, NULL),
(4109, 310, 1027, 5, 5, 'M', '2019-12-12', NULL, NULL),
(4110, 310, 1031, 10, 7, 'A', '2019-12-12', NULL, NULL),
(4111, 315, 1022, 10, 10, 'M', '2019-12-12', NULL, NULL),
(4112, 315, 1023, 10, 10, 'M', '2019-12-12', NULL, NULL),
(4113, 315, 1028, 10, 4, 'EA', '2019-12-12', NULL, NULL),
(4114, 315, 1029, 10, 7, 'A', '2019-12-12', NULL, NULL),
(4115, 315, 1030, 5, 5, 'M', '2019-12-12', NULL, NULL),
(4116, 315, 1032, 10, 10, 'M', '2019-12-12', NULL, NULL),
(4117, 315, 1024, 5, 5, 'M', '2019-12-12', NULL, NULL),
(4118, 315, 1025, 5, 5, 'M', '2019-12-12', NULL, NULL),
(4119, 315, 1026, 5, 5, 'M', '2019-12-12', NULL, NULL),
(4120, 315, 1027, 5, 5, 'M', '2019-12-12', NULL, NULL),
(4121, 315, 1031, 10, 4, 'EA', '2019-12-12', NULL, NULL),
(4122, 291, 1079, 5, 5, 'M', '2020-01-30', NULL, NULL),
(4123, 291, 1080, 5, 3.5, 'A', '2020-01-30', NULL, NULL),
(4124, 291, 1081, 5, 5, 'M', '2020-01-30', NULL, NULL),
(4125, 291, 1082, 10, 4, 'EA', '2020-01-30', NULL, NULL),
(4126, 291, 1083, 5, 2, 'EA', '2020-01-30', NULL, NULL),
(4127, 309, 1079, 5, 2, 'EA', '2020-01-30', NULL, NULL),
(4128, 309, 1080, 5, 3.5, 'A', '2020-01-30', NULL, NULL),
(4129, 309, 1081, 5, 3.5, 'A', '2020-01-30', NULL, NULL),
(4130, 309, 1082, 10, 10, 'M', '2020-01-30', NULL, NULL),
(4131, 309, 1083, 5, 3.5, 'A', '2020-01-30', NULL, NULL),
(4132, 310, 1079, 5, 3.5, 'A', '2020-01-30', NULL, NULL),
(4133, 310, 1080, 5, 3.5, 'A', '2020-01-30', NULL, NULL),
(4134, 310, 1081, 5, 3.5, 'A', '2020-01-30', NULL, NULL),
(4135, 310, 1082, 10, 4, 'EA', '2020-01-30', NULL, NULL),
(4136, 310, 1083, 5, 0, 'NA', '2020-01-30', NULL, NULL),
(4137, 311, 1079, 5, 5, 'M', '2020-01-30', NULL, NULL),
(4138, 311, 1080, 5, 5, 'M', '2020-01-30', NULL, NULL),
(4139, 311, 1081, 5, 3.5, 'A', '2020-01-30', NULL, NULL),
(4140, 311, 1082, 10, 7, 'A', '2020-01-30', NULL, NULL),
(4141, 311, 1083, 5, 2, 'EA', '2020-01-30', NULL, NULL),
(4142, 312, 1079, 5, 3.5, 'A', '2020-01-30', NULL, NULL),
(4143, 312, 1080, 5, 2, 'EA', '2020-01-30', NULL, NULL),
(4144, 312, 1081, 5, 2, 'EA', '2020-01-30', NULL, NULL),
(4145, 312, 1082, 10, 4, 'EA', '2020-01-30', NULL, NULL),
(4146, 312, 1083, 5, 2, 'EA', '2020-01-30', NULL, NULL),
(4147, 314, 1079, 5, 3.5, 'A', '2020-01-30', NULL, NULL),
(4148, 314, 1080, 5, 3.5, 'A', '2020-01-30', NULL, NULL),
(4149, 314, 1081, 5, 3.5, 'A', '2020-01-30', NULL, NULL),
(4150, 314, 1082, 10, 4, 'EA', '2020-01-30', NULL, NULL),
(4151, 314, 1083, 5, 2, 'EA', '2020-01-30', NULL, NULL),
(4152, 315, 1079, 5, 5, 'M', '2020-01-30', NULL, NULL),
(4153, 315, 1080, 5, 3.5, 'A', '2020-01-30', NULL, NULL),
(4154, 315, 1081, 5, 3.5, 'A', '2020-01-30', NULL, NULL),
(4155, 315, 1082, 10, 4, 'EA', '2020-01-30', NULL, NULL),
(4156, 315, 1083, 5, 3.5, 'A', '2020-01-30', NULL, NULL),
(4157, 323, 1079, 5, 3.5, 'A', '2020-01-30', NULL, NULL),
(4158, 323, 1080, 5, 2, 'EA', '2020-01-30', NULL, NULL),
(4159, 323, 1081, 5, 2, 'EA', '2020-01-30', NULL, NULL),
(4160, 323, 1082, 10, 0, 'NA', '2020-01-30', NULL, NULL),
(4161, 323, 1083, 5, 2, 'EA', '2020-01-30', NULL, NULL),
(4162, 317, 1079, 5, 5, 'M', '2020-01-30', NULL, NULL),
(4163, 317, 1080, 5, 3.5, 'A', '2020-01-30', NULL, NULL),
(4164, 317, 1081, 5, 3.5, 'A', '2020-01-30', NULL, NULL),
(4165, 317, 1082, 10, 4, 'EA', '2020-01-30', NULL, NULL),
(4166, 322, 1079, 5, 5, 'M', '2020-01-30', NULL, NULL),
(4167, 322, 1080, 5, 3.5, 'A', '2020-01-30', NULL, NULL),
(4168, 322, 1081, 5, 3.5, 'A', '2020-01-30', NULL, NULL),
(4169, 322, 1082, 10, 4, 'EA', '2020-01-30', NULL, NULL),
(4170, 322, 1083, 5, 3.5, 'A', '2020-01-30', NULL, NULL),
(4171, 317, 1083, 5, 3.5, 'A', '2020-01-30', NULL, NULL),
(4172, 294, 1079, 5, NULL, 'NE', '2020-01-30', NULL, NULL),
(4173, 294, 1080, 5, NULL, 'NE', '2020-01-30', NULL, NULL),
(4174, 294, 1081, 5, NULL, 'NE', '2020-01-30', NULL, NULL),
(4175, 294, 1082, 10, NULL, 'NE', '2020-01-30', NULL, NULL),
(4176, 294, 1083, 5, NULL, 'NE', '2020-01-30', NULL, NULL),
(4177, 316, 1079, 5, NULL, 'NE', '2020-01-30', NULL, NULL),
(4178, 316, 1080, 5, NULL, 'NE', '2020-01-30', NULL, NULL),
(4179, 316, 1081, 5, NULL, 'NE', '2020-01-30', NULL, NULL),
(4180, 316, 1082, 10, NULL, 'NE', '2020-01-30', NULL, NULL),
(4181, 316, 1083, 5, NULL, 'NE', '2020-01-30', NULL, NULL),
(4182, 330, 1079, 5, NULL, 'NE', '2020-01-30', NULL, NULL),
(4183, 330, 1080, 5, NULL, 'NE', '2020-01-30', NULL, NULL),
(4184, 330, 1081, 5, NULL, 'NE', '2020-01-30', NULL, NULL),
(4185, 330, 1082, 10, NULL, 'NE', '2020-01-30', NULL, NULL),
(4186, 330, 1083, 5, NULL, 'NE', '2020-01-30', NULL, NULL),
(4187, 322, 1052, 10, 7, 'A', '2020-02-04', NULL, NULL),
(4188, 322, 1053, 5, 2, 'EA', '2020-02-04', NULL, NULL),
(4189, 322, 1054, 5, 2, 'EA', '2020-02-04', NULL, NULL),
(4190, 309, 1052, 10, 7, 'A', '2020-02-04', NULL, NULL),
(4191, 309, 1053, 5, 2, 'EA', '2020-02-04', NULL, NULL),
(4192, 309, 1054, 5, 3.5, 'A', '2020-02-04', NULL, NULL),
(4193, 310, 1052, 10, 7, 'A', '2020-02-04', NULL, NULL),
(4194, 310, 1053, 5, 3.5, 'A', '2020-02-04', NULL, NULL),
(4195, 310, 1054, 5, 3.5, 'A', '2020-02-04', NULL, NULL),
(4196, 311, 1052, 10, 4, 'EA', '2020-02-04', NULL, NULL),
(4197, 311, 1053, 5, 3.5, 'A', '2020-02-04', NULL, NULL),
(4198, 311, 1054, 5, 3.5, 'A', '2020-02-04', NULL, NULL),
(4199, 317, 1052, 10, 4, 'EA', '2020-02-04', NULL, NULL),
(4200, 317, 1053, 5, 2, 'EA', '2020-02-04', NULL, NULL),
(4201, 317, 1054, 5, 3.5, 'A', '2020-02-04', NULL, NULL),
(4202, 316, 1052, 10, 7, 'A', '2020-02-04', NULL, NULL),
(4203, 316, 1053, 5, 2, 'EA', '2020-02-04', NULL, NULL),
(4204, 316, 1054, 5, 2, 'EA', '2020-02-04', NULL, NULL),
(4205, 314, 1052, 10, 4, 'EA', '2020-02-04', NULL, NULL),
(4206, 314, 1053, 5, 2, 'EA', '2020-02-04', NULL, NULL),
(4207, 314, 1054, 5, 2, 'EA', '2020-02-04', NULL, NULL),
(4208, 323, 1052, 10, 7, 'A', '2020-02-04', NULL, NULL),
(4209, 323, 1053, 5, 3.5, 'A', '2020-02-04', NULL, NULL),
(4210, 323, 1054, 5, 3.5, 'A', '2020-02-04', NULL, NULL),
(4211, 315, 1052, 10, 7, 'A', '2020-02-04', NULL, NULL),
(4212, 315, 1053, 5, 2, 'EA', '2020-02-04', NULL, NULL),
(4213, 315, 1054, 5, 2, 'EA', '2020-02-04', NULL, NULL),
(4214, 322, 1077, 5, 2, 'EA', '2020-02-04', NULL, NULL),
(4215, 322, 1078, 5, 2, 'EA', '2020-02-04', NULL, NULL),
(4216, 322, 1084, 5, 5, 'M', '2020-02-04', NULL, NULL),
(4217, 294, 1077, 5, 3.5, 'A', '2020-02-04', NULL, NULL),
(4218, 294, 1078, 5, 2, 'EA', '2020-02-04', NULL, NULL),
(4219, 294, 1084, 5, 5, 'M', '2020-02-04', NULL, NULL),
(4220, 309, 1077, 5, 3.5, 'A', '2020-02-04', NULL, NULL),
(4221, 309, 1078, 5, 3.5, 'A', '2020-02-04', NULL, NULL),
(4222, 309, 1084, 5, 3.5, 'A', '2020-02-04', NULL, NULL),
(4223, 330, 1077, 5, 3.5, 'A', '2020-02-04', NULL, NULL),
(4224, 330, 1078, 5, 2, 'EA', '2020-02-04', NULL, NULL),
(4225, 330, 1084, 5, 3.5, 'A', '2020-02-04', NULL, NULL),
(4226, 317, 1077, 5, 2, 'EA', '2020-02-04', NULL, NULL),
(4227, 317, 1078, 5, 3.5, 'A', '2020-02-04', NULL, NULL),
(4228, 317, 1084, 5, 3.5, 'A', '2020-02-04', NULL, NULL),
(4229, 316, 1077, 5, 2, 'EA', '2020-02-04', NULL, NULL),
(4230, 316, 1078, 5, 3.5, 'A', '2020-02-04', NULL, NULL),
(4231, 316, 1084, 5, 2, 'EA', '2020-02-04', NULL, NULL),
(4232, 312, 1052, 10, 7, 'A', '2020-02-04', NULL, NULL),
(4233, 312, 1053, 5, 3.5, 'A', '2020-02-04', NULL, NULL),
(4234, 312, 1054, 5, 3.5, 'A', '2020-02-04', NULL, NULL),
(4235, 322, 1055, 5, 3.5, 'A', '2020-02-04', NULL, NULL),
(4236, 322, 1056, 5, 3.5, 'A', '2020-02-04', NULL, NULL),
(4237, 322, 1057, 5, 3.5, 'A', '2020-02-04', NULL, NULL),
(4238, 309, 1055, 5, 2, 'EA', '2020-02-04', NULL, NULL),
(4239, 309, 1056, 5, 2, 'EA', '2020-02-04', NULL, NULL),
(4240, 309, 1057, 5, 3.5, 'A', '2020-02-04', NULL, NULL),
(4241, 330, 1055, 5, 0, 'NA', '2020-02-04', NULL, NULL),
(4242, 330, 1056, 5, 2, 'EA', '2020-02-04', NULL, NULL),
(4243, 330, 1057, 5, 3.5, 'A', '2020-02-04', NULL, NULL),
(4244, 291, 1055, 5, 0, 'NA', '2020-02-04', NULL, NULL),
(4245, 291, 1056, 5, 5, 'M', '2020-02-04', NULL, NULL),
(4246, 291, 1057, 5, 5, 'M', '2020-02-04', NULL, NULL),
(4247, 316, 1055, 5, 2, 'EA', '2020-02-04', NULL, NULL),
(4248, 316, 1056, 5, 3.5, 'A', '2020-02-04', NULL, NULL),
(4249, 316, 1057, 5, 5, 'M', '2020-02-04', NULL, NULL),
(4250, 317, 1055, 5, 3.5, 'A', '2020-02-04', NULL, NULL),
(4251, 317, 1056, 5, 3.5, 'A', '2020-02-04', NULL, NULL),
(4252, 317, 1057, 5, 2, 'EA', '2020-02-04', NULL, NULL),
(4253, 314, 1055, 5, 2, 'EA', '2020-02-04', NULL, NULL),
(4254, 314, 1056, 5, 5, 'M', '2020-02-04', NULL, NULL),
(4255, 314, 1057, 5, 5, 'M', '2020-02-04', NULL, NULL),
(4256, 315, 1055, 5, 3.5, 'A', '2020-02-04', NULL, NULL),
(4257, 315, 1056, 5, 2, 'EA', '2020-02-04', NULL, NULL),
(4258, 315, 1057, 5, 3.5, 'A', '2020-02-04', NULL, NULL),
(4259, 312, 1077, 5, 2, 'EA', '2020-02-04', NULL, NULL),
(4260, 312, 1078, 5, 2, 'EA', '2020-02-04', NULL, NULL),
(4261, 312, 1084, 5, 2, 'EA', '2020-02-04', NULL, NULL),
(4262, 323, 1077, 5, 3.5, 'A', '2020-02-04', NULL, NULL),
(4263, 323, 1078, 5, 2, 'EA', '2020-02-04', NULL, NULL),
(4264, 323, 1084, 5, 2, 'EA', '2020-02-04', NULL, NULL),
(4265, 314, 1077, 5, 5, 'M', '2020-02-04', NULL, NULL),
(4266, 314, 1078, 5, 5, 'M', '2020-02-04', NULL, NULL),
(4267, 314, 1084, 5, 2, 'EA', '2020-02-04', NULL, NULL),
(4268, 315, 1077, 5, 2, 'EA', '2020-02-04', NULL, NULL),
(4269, 315, 1078, 5, 2, 'EA', '2020-02-04', NULL, NULL),
(4270, 315, 1084, 5, 3.5, 'A', '2020-02-04', NULL, NULL),
(4271, 311, 1055, 5, 2, 'EA', '2020-03-04', NULL, NULL),
(4272, 311, 1056, 5, 5, 'M', '2020-03-04', NULL, NULL),
(4273, 311, 1057, 5, 3.5, 'A', '2020-03-04', NULL, NULL),
(4274, 289, 1104, 5, 3.5, 'A', '2020-03-04', NULL, NULL),
(4275, 289, 1105, 5, 5, 'M', '2020-03-04', NULL, NULL),
(4276, 289, 1107, 5, 3.5, 'A', '2020-03-04', NULL, NULL),
(4277, 289, 1109, 5, 3.5, 'A', '2020-03-04', NULL, NULL),
(4278, 293, 1104, 5, 3.5, 'A', '2020-03-04', NULL, NULL),
(4279, 293, 1105, 5, 5, 'M', '2020-03-04', NULL, NULL),
(4280, 293, 1107, 5, 3.5, 'A', '2020-03-04', NULL, NULL),
(4281, 293, 1109, 5, 2, 'EA', '2020-03-04', NULL, NULL),
(4282, 319, 1104, 5, 3.5, 'A', '2020-03-04', NULL, NULL),
(4283, 319, 1105, 5, 5, 'M', '2020-03-04', NULL, NULL),
(4284, 319, 1107, 5, 5, 'M', '2020-03-04', NULL, NULL),
(4285, 319, 1109, 5, 2, 'EA', '2020-03-04', NULL, NULL),
(4286, 308, 1104, 5, 3.5, 'A', '2020-03-04', NULL, NULL),
(4287, 308, 1105, 5, 5, 'M', '2020-03-04', NULL, NULL),
(4288, 308, 1107, 5, 3.5, 'A', '2020-03-04', NULL, NULL),
(4289, 308, 1109, 5, 2, 'EA', '2020-03-04', NULL, NULL),
(4290, 282, 1104, 5, 3.5, 'A', '2020-03-04', NULL, NULL),
(4291, 282, 1105, 5, 5, 'M', '2020-03-04', NULL, NULL),
(4292, 282, 1107, 5, 5, 'M', '2020-03-04', NULL, NULL),
(4293, 282, 1109, 5, 3.5, 'A', '2020-03-04', NULL, NULL),
(4294, 299, 1104, 5, 3.5, 'A', '2020-03-04', NULL, NULL),
(4295, 299, 1105, 5, 5, 'M', '2020-03-04', NULL, NULL),
(4296, 299, 1107, 5, 3.5, 'A', '2020-03-04', NULL, NULL),
(4297, 299, 1109, 5, 2, 'EA', '2020-03-04', NULL, NULL),
(4298, 283, 1104, 5, 5, 'M', '2020-03-04', NULL, NULL),
(4299, 283, 1105, 5, 5, 'M', '2020-03-04', NULL, NULL),
(4300, 283, 1107, 5, 2, 'EA', '2020-03-04', NULL, NULL),
(4301, 283, 1109, 5, 3.5, 'A', '2020-03-04', NULL, NULL),
(4302, 321, 1104, 5, 5, 'M', '2020-03-04', NULL, NULL),
(4303, 321, 1105, 5, 5, 'M', '2020-03-04', NULL, NULL),
(4304, 321, 1107, 5, 2, 'EA', '2020-03-04', NULL, NULL),
(4305, 321, 1109, 5, 2, 'EA', '2020-03-04', NULL, NULL),
(4306, 301, 1104, 5, 3.5, 'A', '2020-03-04', NULL, NULL),
(4307, 301, 1105, 5, 5, 'M', '2020-03-04', NULL, NULL),
(4308, 301, 1107, 5, 5, 'M', '2020-03-04', NULL, NULL),
(4309, 301, 1109, 5, 3.5, 'A', '2020-03-04', NULL, NULL),
(4310, 250, 1059, 5, 2, 'EA', '2020-03-04', NULL, NULL),
(4311, 250, 1060, 5, 3.5, 'A', '2020-03-04', NULL, NULL),
(4312, 250, 1061, 5, 2, 'EA', '2020-03-04', NULL, NULL),
(4313, 250, 1075, 10, 4, 'EA', '2020-03-04', NULL, NULL),
(4314, 237, 1059, 5, 2, 'EA', '2020-03-04', NULL, NULL),
(4315, 237, 1061, 5, 2, 'EA', '2020-03-04', NULL, NULL),
(4316, 237, 1075, 10, 4, 'EA', '2020-03-04', NULL, NULL),
(4317, 238, 1059, 5, 2, 'EA', '2020-03-04', NULL, NULL),
(4318, 238, 1060, 5, 2, 'EA', '2020-03-04', NULL, NULL),
(4319, 238, 1061, 5, 3.5, 'A', '2020-03-04', NULL, NULL),
(4320, 238, 1075, 10, 7, 'A', '2020-03-04', NULL, NULL),
(4321, 239, 1059, 5, 3.5, 'A', '2020-03-04', NULL, NULL),
(4322, 239, 1060, 5, 3.5, 'A', '2020-03-04', NULL, NULL),
(4323, 239, 1061, 5, 2, 'EA', '2020-03-04', NULL, NULL),
(4324, 239, 1075, 10, 4, 'EA', '2020-03-04', NULL, NULL),
(4325, 250, 1071, 5, 2, 'EA', '2020-03-04', NULL, NULL),
(4326, 250, 1072, 5, 3.5, 'A', '2020-03-04', NULL, NULL),
(4327, 250, 1073, 5, 3.5, 'A', '2020-03-04', NULL, NULL),
(4328, 250, 1076, 5, 3.5, 'A', '2020-03-04', NULL, NULL),
(4329, 239, 1071, 5, 2, 'EA', '2020-03-04', NULL, NULL),
(4330, 239, 1072, 5, 3.5, 'A', '2020-03-04', NULL, NULL),
(4331, 239, 1073, 5, 3.5, 'A', '2020-03-04', NULL, NULL),
(4332, 239, 1076, 5, 2, 'EA', '2020-03-04', NULL, NULL),
(4333, 273, 1071, 5, 2, 'EA', '2020-03-04', NULL, NULL),
(4334, 273, 1072, 5, 3.5, 'A', '2020-03-04', NULL, NULL),
(4335, 273, 1073, 5, 3.5, 'A', '2020-03-04', NULL, NULL),
(4336, 273, 1076, 5, 3.5, 'A', '2020-03-04', NULL, NULL),
(4337, 250, 1063, 5, 5, 'M', '2020-03-04', NULL, NULL),
(4338, 250, 1064, 5, 5, 'M', '2020-03-04', NULL, NULL),
(4339, 250, 1065, 5, 2, 'EA', '2020-03-04', NULL, NULL),
(4340, 250, 1111, 10, 10, 'M', '2020-03-04', NULL, NULL),
(4341, 237, 1063, 5, 5, 'M', '2020-03-04', NULL, NULL),
(4342, 237, 1064, 5, 5, 'M', '2020-03-04', NULL, NULL),
(4343, 237, 1065, 5, 5, 'M', '2020-03-04', NULL, NULL),
(4344, 237, 1111, 10, 10, 'M', '2020-03-04', NULL, NULL),
(4345, 238, 1063, 5, 2, 'EA', '2020-03-04', NULL, NULL),
(4346, 238, 1064, 5, 2, 'EA', '2020-03-04', NULL, NULL),
(4347, 238, 1065, 5, 2, 'EA', '2020-03-04', NULL, NULL),
(4348, 238, 1111, 10, 4, 'EA', '2020-03-04', NULL, NULL),
(4349, 250, 1067, 5, 5, 'M', '2020-03-04', NULL, NULL),
(4350, 250, 1068, 5, 5, 'M', '2020-03-04', NULL, NULL),
(4351, 250, 1069, 5, 3.5, 'A', '2020-03-04', NULL, NULL),
(4352, 250, 1112, 5, 5, 'M', '2020-03-04', NULL, NULL),
(4353, 237, 1067, 5, 5, 'M', '2020-03-04', NULL, NULL),
(4354, 237, 1068, 5, 3.5, 'A', '2020-03-04', NULL, NULL),
(4355, 237, 1069, 5, 2, 'EA', '2020-03-04', NULL, NULL),
(4356, 237, 1112, 5, 2, 'EA', '2020-03-04', NULL, NULL),
(4357, 239, 1067, 5, 5, 'M', '2020-03-04', NULL, NULL),
(4358, 239, 1068, 5, 5, 'M', '2020-03-04', NULL, NULL),
(4359, 239, 1069, 5, 3.5, 'A', '2020-03-04', NULL, NULL),
(4360, 239, 1112, 5, 5, 'M', '2020-03-04', NULL, NULL),
(4361, 273, 1059, 5, 3.5, 'A', '2020-03-04', NULL, NULL),
(4362, 273, 1060, 5, 2, 'EA', '2020-03-04', NULL, NULL),
(4363, 273, 1061, 5, 2, 'EA', '2020-03-04', NULL, NULL),
(4364, 273, 1075, 10, 4, 'EA', '2020-03-04', NULL, NULL),
(4365, 324, 1108, 10, 4, 'EA', '2020-03-04', NULL, NULL),
(4366, 274, 1108, 10, 7, 'A', '2020-03-04', NULL, NULL),
(4367, 303, 1108, 10, 0, 'NA', '2020-03-04', NULL, NULL),
(4368, 304, 1108, 10, 7, 'A', '2020-03-04', NULL, NULL),
(4369, 278, 1108, 10, 4, 'EA', '2020-03-04', NULL, NULL),
(4370, 305, 1108, 10, 4, 'EA', '2020-03-04', NULL, NULL),
(4371, 279, 1108, 10, 10, 'M', '2020-03-04', NULL, NULL),
(4372, 326, 1108, 10, 4, 'EA', '2020-03-04', NULL, NULL),
(4373, 281, 1108, 10, 10, 'M', '2020-03-04', NULL, NULL),
(4374, 327, 1108, 10, 10, 'M', '2020-03-04', NULL, NULL),
(4375, 328, 1108, 10, 4, 'EA', '2020-03-04', NULL, NULL),
(4376, 306, 1108, 10, 0, 'NA', '2020-03-04', NULL, NULL),
(4377, 289, 1100, 5, 2, 'EA', '2020-03-04', NULL, NULL),
(4378, 289, 1101, 10, 4, 'EA', '2020-03-04', NULL, NULL),
(4379, 289, 1110, 5, 2, 'EA', '2020-03-04', NULL, NULL),
(4380, 293, 1100, 5, 2, 'EA', '2020-03-04', NULL, NULL),
(4381, 293, 1101, 10, 4, 'EA', '2020-03-04', NULL, NULL),
(4382, 293, 1110, 5, 2, 'EA', '2020-03-04', NULL, NULL),
(4383, 319, 1100, 5, 2, 'EA', '2020-03-04', NULL, NULL),
(4384, 319, 1101, 10, 4, 'EA', '2020-03-04', NULL, NULL),
(4385, 319, 1110, 5, 2, 'EA', '2020-03-04', NULL, NULL),
(4386, 308, 1100, 5, 2, 'EA', '2020-03-04', NULL, NULL),
(4387, 308, 1101, 10, 4, 'EA', '2020-03-04', NULL, NULL),
(4388, 308, 1110, 5, 0, 'NA', '2020-03-04', NULL, NULL),
(4389, 299, 1100, 5, 2, 'EA', '2020-03-04', NULL, NULL),
(4390, 299, 1101, 10, 4, 'EA', '2020-03-04', NULL, NULL),
(4391, 299, 1110, 5, 2, 'EA', '2020-03-04', NULL, NULL),
(4392, 282, 1100, 5, 0, 'NA', '2020-03-04', NULL, NULL),
(4393, 282, 1101, 10, 0, 'NA', '2020-03-04', NULL, NULL),
(4394, 282, 1110, 5, 2, 'EA', '2020-03-04', NULL, NULL),
(4395, 301, 1100, 5, 0, 'NA', '2020-03-04', NULL, NULL),
(4396, 301, 1101, 10, 0, 'NA', '2020-03-04', NULL, NULL),
(4397, 301, 1110, 5, 5, 'M', '2020-03-04', NULL, NULL),
(4415, 322, 1152, 25, 11.5, NULL, '2020-10-18', NULL, NULL),
(4416, 322, 1153, 6, 6, NULL, '2020-10-18', NULL, NULL),
(4417, 347, 1151, 28, 13, NULL, '2020-10-18', NULL, NULL),
(4418, 355, 1151, 28, 17.5, NULL, '2020-10-18', NULL, NULL),
(4419, 348, 1151, 28, 22.5, NULL, '2020-10-18', NULL, NULL),
(4420, 349, 1151, 28, 7, NULL, '2020-10-18', NULL, NULL),
(4421, 350, 1151, 28, 23, NULL, '2020-10-18', NULL, NULL),
(4422, 351, 1151, 28, 12.5, NULL, '2020-10-18', NULL, NULL),
(4423, 352, 1151, 28, 17, NULL, '2020-10-18', NULL, NULL),
(4424, 353, 1151, 28, 13, NULL, '2020-10-18', NULL, NULL),
(4425, 354, 1151, 28, 16.5, NULL, '2020-10-18', NULL, NULL),
(4426, 356, 1151, 28, 14, NULL, '2020-10-18', NULL, NULL),
(4427, 357, 1151, 28, 19, NULL, '2020-10-18', NULL, NULL),
(4428, 358, 1151, 28, 20.5, NULL, '2020-10-18', NULL, NULL),
(4429, 359, 1151, 28, 13, NULL, '2020-10-18', NULL, NULL),
(4430, 347, 1154, 16, 9, NULL, '2020-10-18', NULL, NULL),
(4431, 348, 1154, 16, 10, NULL, '2020-10-18', NULL, NULL),
(4432, 349, 1154, 16, 10, NULL, '2020-10-18', NULL, NULL),
(4433, 350, 1154, 16, 6, NULL, '2020-10-18', NULL, NULL),
(4434, 351, 1154, 16, 7, NULL, '2020-10-18', NULL, NULL),
(4435, 352, 1154, 16, 15, NULL, '2020-10-18', NULL, NULL),
(4436, 353, 1154, 16, 7, NULL, '2020-10-18', NULL, NULL),
(4437, 354, 1154, 16, 14, NULL, '2020-10-18', NULL, NULL),
(4438, 355, 1154, 16, 13, NULL, '2020-10-18', NULL, NULL),
(4439, 356, 1154, 16, 12, NULL, '2020-10-18', NULL, NULL),
(4440, 357, 1154, 16, 9, NULL, '2020-10-18', NULL, NULL),
(4441, 358, 1154, 16, 15, NULL, '2020-10-18', NULL, NULL),
(4442, 359, 1154, 16, 15, NULL, '2020-10-18', NULL, NULL),
(4443, 309, 1152, 25, 19, NULL, '2020-10-18', NULL, NULL),
(4444, 309, 1153, 6, 6, NULL, '2020-10-18', NULL, NULL),
(4445, 310, 1152, 25, 19, NULL, '2020-10-18', NULL, NULL),
(4446, 310, 1153, 6, 4, NULL, '2020-10-18', NULL, NULL),
(4447, 311, 1152, 25, 16, NULL, '2020-10-18', NULL, NULL),
(4448, 311, 1153, 6, 1, NULL, '2020-10-18', NULL, NULL),
(4449, 362, 1152, 25, 9, NULL, '2020-10-18', NULL, NULL),
(4450, 363, 1152, 25, 8, NULL, '2020-10-18', NULL, NULL),
(4451, 363, 1153, 6, 4, NULL, '2020-10-18', NULL, NULL),
(4452, 317, 1152, 25, 10, NULL, '2020-10-18', NULL, NULL),
(4453, 364, 1152, 25, 5, NULL, '2020-10-18', NULL, NULL),
(4454, 365, 1152, 25, 8, NULL, '2020-10-18', NULL, NULL),
(4455, 365, 1153, 6, 2, NULL, '2020-10-18', NULL, NULL),
(4456, 366, 1152, 25, 6.5, NULL, '2020-10-18', NULL, NULL),
(4457, 366, 1153, 6, 4, NULL, '2020-10-18', NULL, NULL),
(4458, 312, 1152, 25, 21, NULL, '2020-10-18', NULL, NULL),
(4459, 312, 1153, 6, 3, NULL, '2020-10-18', NULL, NULL),
(4460, 314, 1152, 25, 16, NULL, '2020-10-18', NULL, NULL),
(4461, 314, 1153, 6, 2, NULL, '2020-10-18', NULL, NULL),
(4462, 315, 1152, 25, 15, NULL, '2020-10-18', NULL, NULL),
(4463, 315, 1153, 6, 2, NULL, '2020-10-18', NULL, NULL),
(4464, 291, 1152, 25, NULL, 'NE', '2020-10-18', NULL, NULL),
(4465, 291, 1153, 6, NULL, 'NE', '2020-10-18', NULL, NULL),
(4466, 316, 1152, 25, NULL, 'NE', '2020-10-18', NULL, NULL),
(4467, 316, 1153, 6, NULL, 'NE', '2020-10-18', NULL, NULL),
(4468, 362, 1153, 6, 0, NULL, '2020-10-18', NULL, NULL),
(4469, 317, 1153, 6, 0, NULL, '2020-10-18', NULL, NULL),
(4470, 364, 1153, 6, 0, NULL, '2020-10-18', NULL, NULL),
(4471, 347, 1162, 10, 7, 'EA', '2020-10-25', NULL, 'Continue à centrer, bravo!'),
(4472, 348, 1162, 10, 7, 'EA', '2020-10-25', NULL, 'Belle recherche! Essaie de mieux centrer les élèments'),
(4473, 350, 1162, 10, 10, 'A', '2020-10-25', NULL, 'Très belle recherche!'),
(4474, 353, 1162, 10, 7, 'EA', '2020-10-25', NULL, 'Belle recherche! Essaie de mieux centrer les élèments'),
(4475, 354, 1162, 10, 10, 'A', '2020-10-25', NULL, 'Bravo, continue!'),
(4476, 356, 1162, 10, 7, 'EA', '2020-10-25', NULL, 'Belle recherche! Essaie de mieux centrer les élèments'),
(4477, 357, 1162, 10, 7, 'EA', '2020-10-25', NULL, 'Très belle recherche! Essaie de mieux centrer les élèments'),
(4478, 358, 1162, 10, 7, 'EA', '2020-10-25', NULL, 'Essaie d\'utiliser les lignes comme unique élèment de composition'),
(4479, 347, 1160, 5, 5, 'A', '2020-10-25', NULL, NULL),
(4480, 347, 1161, 5, 5, 'A', '2020-10-25', NULL, 'Bravo!'),
(4481, 349, 1160, 5, 5, 'A', '2020-10-25', NULL, NULL),
(4482, 349, 1161, 5, 3.5, 'EA', '2020-10-25', NULL, 'Belle recherche, continue!'),
(4483, 350, 1160, 5, 5, 'A', '2020-10-25', NULL, NULL),
(4484, 350, 1161, 5, 5, 'A', '2020-10-25', NULL, 'Très belle recherche, bravo!'),
(4485, 352, 1160, 5, 3.5, 'EA', '2020-10-25', NULL, NULL),
(4486, 352, 1161, 5, 3.5, 'EA', '2020-10-25', NULL, 'Attention à ne pas mettre trops d\'idées en même temps'),
(4487, 353, 1160, 5, 5, 'A', '2020-10-25', NULL, NULL),
(4488, 353, 1161, 5, 3.5, 'EA', '2020-10-25', NULL, 'Belle recherche, continue!'),
(4489, 355, 1160, 5, 3.5, 'EA', '2020-10-25', NULL, NULL),
(4490, 355, 1161, 5, 3.5, 'EA', '2020-10-25', NULL, 'Attention à ne pas mettre trop d\'idées en même temps'),
(4491, 357, 1160, 5, 3.5, 'EA', '2020-10-25', NULL, NULL),
(4492, 357, 1161, 5, 3.5, 'EA', '2020-10-25', NULL, 'Belle recherche, continue!'),
(4493, 358, 1160, 5, 1.5, 'AR', '2020-10-25', NULL, 'Sous-exposé'),
(4494, 358, 1161, 5, 0, 'NR', '2020-10-25', NULL, 'Où est l\'intervention en lightpainting?'),
(4495, 359, 1160, 5, 3.5, 'EA', '2020-10-25', NULL, NULL),
(4496, 359, 1161, 5, 3.5, 'EA', '2020-10-25', NULL, 'Il manque un éclairage pour ton modèle'),
(4497, 347, 1157, 5, 3.5, 'EA', '2020-10-25', NULL, 'Diaph un peu trop ouvert (surexposition)'),
(4498, 347, 1158, 5, 5, 'A', '2020-10-25', NULL, NULL),
(4499, 347, 1159, 5, 3.5, 'EA', '2020-10-25', NULL, NULL),
(4500, 350, 1157, 5, 3.5, 'EA', '2020-10-25', NULL, NULL),
(4501, 350, 1158, 5, 5, 'A', '2020-10-25', NULL, NULL),
(4502, 350, 1159, 5, 5, 'A', '2020-10-25', NULL, NULL),
(4503, 351, 1157, 5, 5, 'A', '2020-10-25', NULL, NULL),
(4504, 351, 1158, 5, 5, 'A', '2020-10-25', NULL, 'Très belle recherche, bravo!'),
(4505, 351, 1159, 5, 3.5, 'EA', '2020-10-25', NULL, NULL),
(4506, 353, 1157, 5, 3.5, 'EA', '2020-10-25', NULL, 'Image un peu sous-exposée'),
(4507, 353, 1158, 5, 5, 'A', '2020-10-25', NULL, NULL),
(4508, 353, 1159, 5, 5, 'A', '2020-10-25', NULL, NULL),
(4509, 355, 1157, 5, 5, 'A', '2020-10-25', NULL, NULL),
(4510, 355, 1158, 5, 0, 'NR', '2020-10-25', NULL, 'Tu n\'es pas dans les consignes'),
(4511, 355, 1159, 5, 3.5, 'EA', '2020-10-25', NULL, NULL),
(4512, 357, 1157, 5, 3.5, 'EA', '2020-10-25', NULL, NULL),
(4513, 357, 1158, 5, 3.5, 'EA', '2020-10-25', NULL, NULL),
(4514, 357, 1159, 5, 5, 'A', '2020-10-25', NULL, NULL),
(4515, 358, 1157, 5, 3.5, 'EA', '2020-10-25', NULL, 'Sous-exposé'),
(4516, 358, 1158, 5, 0, 'NR', '2020-10-25', NULL, 'Où est l\'intervention en lightpainting?'),
(4517, 358, 1159, 5, 1.5, 'AR', '2020-10-25', NULL, 'Est-ce cadré?'),
(4518, 347, 1155, 5, 5, 'A', '2020-10-25', NULL, NULL),
(4519, 347, 1156, 5, 3.5, 'EA', '2020-10-25', NULL, 'Image légèrement de travers'),
(4520, 348, 1155, 5, 5, 'A', '2020-10-25', NULL, NULL),
(4521, 348, 1156, 5, 5, 'A', '2020-10-25', NULL, NULL),
(4522, 350, 1155, 5, 3.5, 'EA', '2020-10-25', NULL, 'Diaph un peu trop ouvert (surexposition)'),
(4523, 350, 1156, 5, 3.5, 'EA', '2020-10-25', NULL, 'L\'image devrait être mieux centrée'),
(4524, 352, 1155, 5, 3.5, 'EA', '2020-10-25', NULL, 'Diaph un peu trop ouvert (surexposition)'),
(4525, 352, 1156, 5, 3.5, 'EA', '2020-10-25', NULL, 'L\'image devrait être mieux centrée'),
(4526, 353, 1155, 5, 3.5, 'EA', '2020-10-25', NULL, 'Essaie de mieux centrer'),
(4527, 353, 1156, 5, 3.5, 'EA', '2020-10-25', NULL, 'L\'image n\'est pas assez droite'),
(4528, 355, 1155, 5, 5, 'A', '2020-10-25', NULL, NULL),
(4529, 355, 1156, 5, 3.5, 'EA', '2020-10-25', NULL, 'LE cadre devrait être plus large (élèment coupé)'),
(4530, 356, 1155, 5, 5, 'A', '2020-10-25', NULL, NULL),
(4531, 356, 1156, 5, 5, 'A', '2020-10-25', NULL, NULL),
(4532, 357, 1155, 5, 3.5, 'EA', '2020-10-25', NULL, 'Diaph un peu trop ouvert (surexposition)'),
(4533, 357, 1156, 5, 5, 'A', '2020-10-25', NULL, NULL),
(4534, 358, 1155, 5, 3.5, 'EA', '2020-10-25', NULL, 'Diaph un peu trop ouvert (surexposition)'),
(4535, 358, 1156, 5, 5, 'A', '2020-10-25', NULL, NULL),
(4536, 360, 1163, 30, 17.5, NULL, '2020-10-25', NULL, NULL),
(4537, 360, 1164, 30, 5, NULL, '2020-10-25', NULL, NULL),
(4538, 289, 1163, 30, 13.5, NULL, '2020-10-25', NULL, NULL),
(4539, 289, 1164, 30, 19.5, NULL, '2020-10-25', NULL, NULL),
(4540, 361, 1163, 30, 17, NULL, '2020-10-25', NULL, NULL),
(4541, 361, 1164, 30, 5, NULL, '2020-10-25', NULL, NULL),
(4542, 293, 1163, 30, 18.5, NULL, '2020-10-25', NULL, NULL),
(4543, 293, 1164, 30, 5, NULL, '2020-10-25', NULL, NULL),
(4544, 319, 1163, 30, 19, NULL, '2020-10-25', NULL, NULL),
(4545, 319, 1164, 30, 11.5, NULL, '2020-10-25', NULL, NULL),
(4546, 282, 1163, 30, 20.5, NULL, '2020-10-25', NULL, NULL),
(4547, 282, 1164, 30, 11.5, NULL, '2020-10-25', NULL, NULL),
(4548, 283, 1163, 30, 20.5, NULL, '2020-10-25', NULL, NULL),
(4549, 283, 1164, 30, 12, NULL, '2020-10-25', NULL, NULL),
(4550, 321, 1163, 30, 13, NULL, '2020-10-25', NULL, NULL),
(4551, 321, 1164, 30, 7.5, NULL, '2020-10-25', NULL, NULL),
(4552, 301, 1163, 30, 17, NULL, '2020-10-25', NULL, NULL),
(4553, 301, 1164, 30, 11.5, NULL, '2020-10-25', NULL, NULL),
(4554, 290, 1163, 30, 3, NULL, '2020-10-25', NULL, NULL),
(4555, 290, 1164, 30, 1.5, NULL, '2020-10-25', NULL, NULL),
(4556, 347, 1165, 16, 16, NULL, '2020-10-25', NULL, NULL),
(4557, 349, 1165, 16, 13, NULL, '2020-10-25', NULL, NULL),
(4558, 350, 1165, 16, 15, NULL, '2020-10-25', NULL, NULL),
(4559, 351, 1165, 16, 15, NULL, '2020-10-25', NULL, NULL),
(4560, 353, 1165, 16, 16, NULL, '2020-10-25', NULL, NULL),
(4561, 357, 1165, 16, 16, NULL, '2020-10-25', NULL, NULL),
(4562, 322, 1166, 25, 16.5, NULL, '2020-10-25', NULL, NULL),
(4563, 322, 1167, 12, 10, NULL, '2020-10-25', NULL, NULL),
(4564, 309, 1166, 25, 19.5, NULL, '2020-10-25', NULL, NULL),
(4565, 309, 1167, 12, 12, NULL, '2020-10-25', NULL, NULL),
(4566, 310, 1166, 25, 22, NULL, '2020-10-25', NULL, NULL),
(4567, 310, 1167, 12, 12, NULL, '2020-10-25', NULL, NULL),
(4568, 311, 1166, 25, 16, NULL, '2020-10-25', NULL, NULL),
(4569, 311, 1167, 12, 5, NULL, '2020-10-25', NULL, NULL),
(4570, 362, 1166, 25, 15.5, NULL, '2020-10-25', NULL, NULL),
(4571, 362, 1167, 12, 6, NULL, '2020-10-25', NULL, NULL),
(4572, 363, 1166, 25, 19, NULL, '2020-10-25', NULL, NULL),
(4573, 363, 1167, 12, 7, NULL, '2020-10-25', NULL, NULL),
(4574, 317, 1166, 25, 19.5, NULL, '2020-10-25', NULL, NULL),
(4575, 317, 1167, 12, 12, NULL, '2020-10-25', NULL, NULL),
(4576, 364, 1166, 25, 6.5, NULL, '2020-10-25', NULL, NULL),
(4577, 364, 1167, 12, 0, NULL, '2020-10-25', NULL, NULL),
(4578, 316, 1166, 25, 14, NULL, '2020-10-25', NULL, NULL),
(4579, 316, 1167, 12, 8, NULL, '2020-10-25', NULL, NULL),
(4580, 365, 1166, 25, 12, NULL, '2020-10-25', NULL, NULL);
INSERT INTO `result` (`id`, `student_id`, `assessment_id`, `max_vote`, `user_vote`, `user_letter`, `date`, `was_absent`, `comment`) VALUES
(4581, 365, 1167, 12, 10, NULL, '2020-10-25', NULL, NULL),
(4582, 366, 1166, 25, 18, NULL, '2020-10-25', NULL, NULL),
(4583, 366, 1167, 12, 9, NULL, '2020-10-25', NULL, NULL),
(4584, 315, 1166, 25, 16, NULL, '2020-10-25', NULL, NULL),
(4585, 315, 1167, 12, 7, NULL, '2020-10-25', NULL, NULL);

-- --------------------------------------------------------

--
-- Structure de la table `self_assessment_answer`
--

DROP TABLE IF EXISTS `self_assessment_answer`;
CREATE TABLE IF NOT EXISTS `self_assessment_answer` (
  `id` int(11) NOT NULL AUTO_INCREMENT,
  `student_id` int(11) NOT NULL,
  `project_id` int(11) NOT NULL,
  `answer` longtext COLLATE utf8mb4_unicode_ci,
  `datetime` datetime NOT NULL,
  `self_assessment_question_id` int(11) NOT NULL,
  PRIMARY KEY (`id`),
  KEY `IDX_1BA1F6D6CB944F1A` (`student_id`),
  KEY `IDX_1BA1F6D6166D1F9C` (`project_id`),
  KEY `IDX_1BA1F6D6C91D5A2B` (`self_assessment_question_id`)
) ENGINE=InnoDB AUTO_INCREMENT=33686 DEFAULT CHARSET=utf8mb4 COLLATE=utf8mb4_unicode_ci;

--
-- Déchargement des données de la table `self_assessment_answer`
--

INSERT INTO `self_assessment_answer` (`id`, `student_id`, `project_id`, `answer`, `datetime`, `self_assessment_question_id`) VALUES
(30463, 204, 27, 'Je prendrais plus de témoins et un OVNI plus gros ...', '2016-05-19 08:27:39', 5),
(30464, 204, 27, 'OVNI', '2016-05-19 08:27:39', 8),
(30465, 204, 27, 'A l\'aide d\'une canne a pèche j\'ai accrocher une boule a facettes (l\'OVNI) et j\'ai pris un témoin qui le montre', '2016-05-19 08:27:39', 9),
(30466, 204, 26, 'Je prendrais plus de personnes pour jouer le role du fantome ', '2016-05-26 07:03:53', 5),
(30467, 204, 26, 'Le fantome avec temoin ', '2016-05-26 07:03:53', 8),
(30468, 204, 26, 'J\'ai pris un temoin et une personne qui bouge tres rapidement pour jouer le role du fantome', '2016-05-26 07:03:53', 9),
(30469, 204, 19, 'Je prendrais plus d\'élèves pour faire le fantome et un temoin en plus', '2016-06-02 09:38:44', 5),
(30470, 204, 19, 'Robin et moi', '2016-06-02 09:38:44', 6),
(30471, 204, 19, 'Fantome + témoin', '2016-06-02 09:38:44', 8),
(30472, 204, 19, 'J\'ai pris un élève pour jouer le role du fantome et moi en témoin, il bougait vite avec un long temps de pose ', '2016-06-02 09:38:44', 9),
(30473, 204, 28, 'J\'ai relisé une photo en 360°, une photo avec chaque membre derriere un arbre, et une autre en forme foret sans dessus dessous.', '2016-06-09 09:19:44', 14),
(30474, 204, 28, 'J\'ai relisé une photo en 360°, une photo avec chaque membre derriere un arbre, et une autre en forme foret sans dessus dessous.', '2016-06-09 09:19:49', 14),
(30475, 204, 28, 'J\'ai relisé une photo en 360°, une photo avec chaque membre derriere un arbre, et une autre en forme foret sans dessus dessous.', '2016-06-09 09:19:50', 14),
(30476, 204, 30, 'Je prendrais plus de temps de matériel pour mieux améliorer mon travail.', '2016-06-16 09:54:32', 5),
(30477, 205, 45, '- Soigner le flou sur les bords de l\'appareil.\r\n- Bien régler ma profondeur de champ ainsi que l\'exposition. \r\n- Nettoyer mon modèle. \r\n- Masquer les imperfections de l\'appareil. \r\n- Atténuer les reflets dans l\'objectif de mon modèle lors de la prise de la photo.', '2016-12-05 15:05:24', 1),
(30478, 205, 45, '- Nettoyer mon modèle en premier lieu et régler correctement mon exposition. \r\n- Avoir une idée concrète de ce que je veux faire dés le début.\r\n- Prendre plus de photos dés le début pour ne pas recommencer 50 fois ma photo comme je l\'ai fait. ', '2016-12-05 15:05:24', 5),
(30479, 205, 10, 'Trouver le bon angle de vue et le bon éclairage.', '2016-03-24 10:54:15', 1),
(30480, 205, 10, 'La bonne orientation des projecteurs.', '2016-03-24 10:54:15', 2),
(30481, 205, 10, 'Calme.', '2016-03-24 10:54:15', 3),
(30482, 205, 47, 'Je me metterais tout à fait d\'accord, dés le début, sur ce que l\'on veut faire avec ceux avec qui j\'ai travaillé.', '2017-01-31 14:56:30', 5),
(30483, 205, 48, 'Je baisserais mes ISO et ferai ma photo dans un lieu avec une meilleure qualité de lumière.', '2017-01-31 14:59:59', 5),
(30484, 205, 48, 'Je baisserais mes ISO et ferai ma photo dans un lieu avec une meilleure qualité de lumière.', '2017-01-31 15:00:01', 5),
(30485, 205, 19, 'Je choisirais un endroit moins exposé à la lumière.', '2016-05-19 07:26:45', 5),
(30486, 205, 19, 'Robin et Jarod.', '2016-05-19 07:26:45', 6),
(30487, 205, 19, 'Effet fantôme.', '2016-05-19 07:26:45', 8),
(30488, 205, 19, 'J\'ai choisi un endroit qui avait l\'air abandonné, je me suis arrangée pour que je sois nette et Robin flou. J\'ai réglé le tdp et les iso pour ne pas avoir une photo surexposée. ', '2016-05-19 07:26:45', 9),
(30489, 205, 9, 'A savoir utiliser les projecteurs en les orientant de différentes manières.', '2016-05-19 07:33:23', 2),
(30490, 205, 9, 'A savoir utiliser les projecteurs en les orientant de différentes manières.', '2016-05-19 07:33:24', 2),
(30491, 205, 26, 'Je règlerais plus rapidement les iso et je vérifierai l\'ouverture du diaphragme.', '2016-05-19 08:25:42', 5),
(30492, 205, 26, 'High-Key', '2016-05-19 08:25:42', 8),
(30493, 205, 26, 'J\'ai demandé à Robin de me servir de modèle. J\'ai du régler l\'appareil pour avoir une photo en surexposition sans pour autant que la photo soie toute blanche. ', '2016-05-19 08:25:42', 9),
(30494, 205, 27, 'J\'essaierais de trouver plus de modèles. Je trouverais un emplacement pas trop exposé à la lumière.', '2016-05-19 09:51:56', 5),
(30495, 205, 27, 'A la manière d\'Alexey Tirarenko', '2016-05-19 09:51:56', 8),
(30496, 205, 27, 'J\'ai demandé de l\'aide à un 5e AV pour être mon modèle, nous avons assombri la pièce et il a fait 5 aller-retours en mode bulb', '2016-05-19 09:51:56', 9),
(30497, 205, 28, 'J\'ai emprunté 2 Polaroïd étant exposé dans la vitrine du 72. J\'ai cherché, dans le bois, des endroits sympa pour les posés et pouvoir les prendre en photo sous différents angles possible. J\'ai aussi fait attention à ne pas utiliser le flash. ', '2016-05-26 09:19:50', 14),
(30498, 205, 28, 'J\'ai emprunté 2 Polaroïd étant exposé dans la vitrine du 72. J\'ai cherché, dans le bois, des endroits sympa pour les posés et pouvoir les prendre en photo sous différents angles possible. J\'ai aussi fait attention à ne pas utiliser le flash. ', '2016-05-26 09:19:51', 14),
(30499, 205, 28, 'J\'ai emprunté 2 Polaroïd étant exposé dans la vitrine du 72. J\'ai cherché, dans le bois, des endroits sympa pour les posés et pouvoir les prendre en photo sous différents angles possible. J\'ai aussi fait attention à ne pas utiliser le flash. ', '2016-05-26 09:19:53', 14),
(30500, 205, 30, 'Je ferais attention à bien apporter mon matériel et à déjà avoir une idée concrète de la photo que je voudrais prendre.', '2016-06-16 09:16:24', 5),
(30501, 205, 35, 'Trouver le bon angle d\'approche et le bon éclairage.', '2016-09-23 12:16:34', 1),
(30502, 205, 35, 'Utiliser correctement le posemètre et avoir un bon cadrage.', '2016-09-23 12:16:34', 2),
(30503, 205, 33, 'pas le temps', '2016-11-08 15:07:42', 5),
(30504, 205, 33, 'pas le temps sorry', '2016-11-08 15:07:42', 14),
(30505, 206, 46, 'Ma photo est trop exposé et je pense avoir rater ma mise au point . ', '2016-12-13 10:13:00', 16),
(30506, 206, 46, 'Ma photo est trop exposé et je pense avoir rater ma mise au point . ', '2016-12-13 10:13:01', 16),
(30507, 206, 49, 'Je ferais attention au ombres .\r\n', '2017-01-19 10:01:53', 5),
(30508, 206, 49, 'J\'ai placer le model sur un fond gris puis une fois la photo prise , j\'ai retourner la photo sur l\'odri pour donner l\'impression que le model vole ', '2017-01-19 10:01:53', 9),
(30509, 206, 94, '', '2017-10-26 13:32:43', 5),
(30510, 206, 89, '', '2017-10-26 13:32:58', 2),
(30511, 206, 10, 'la position des spots ', '2016-03-24 10:51:31', 1),
(30512, 206, 10, 'Reussir à positionner correctement les spots ', '2016-03-24 10:51:31', 2),
(30513, 206, 10, 'SEXY ', '2016-03-24 10:51:31', 3),
(30514, 206, 9, 'PORTRAIT', '2016-03-24 10:54:28', 2),
(30515, 206, 9, 'PORTRAIT', '2016-03-24 10:54:28', 2),
(30516, 206, 109, 'J\'ai rater ma photo flou --\' ', '2017-12-15 11:08:00', 16),
(30517, 206, 109, 'J\'ai rater ma photo flou --\' ', '2017-12-15 11:08:00', 16),
(30518, 206, 109, 'J\'ai rater ma photo flou --\' ', '2017-12-15 11:08:00', 16),
(30519, 206, 109, 'J\'ai rater ma photo flou --\' ', '2017-12-15 11:08:00', 16),
(30520, 206, 27, 'Meilleur cadrage ', '2016-05-26 07:09:03', 5),
(30521, 206, 27, 'Le projet 360°', '2016-05-26 07:09:03', 8),
(30522, 206, 27, 'J\'ai mis une suite de photos sur photoshop sur lequel un porgramme a permis la fuision des photos ', '2016-05-26 07:09:03', 9),
(30523, 206, 28, 'L\'on voit la décomposition TRÈS rapide d\'une fougère ', '2016-05-26 09:17:22', 14),
(30524, 206, 28, 'L\'on voit la décomposition TRÈS rapide d\'une fougère ', '2016-05-26 09:17:23', 14),
(30525, 206, 28, 'L\'on voit la décomposition TRÈS rapide d\'une fougère ', '2016-05-26 09:17:24', 14),
(30526, 206, 30, 'Je referais mon cadrage et j\'apporterais ', '2016-06-16 09:10:36', 5),
(30527, 206, 72, '', '2017-06-21 09:31:42', 16),
(30528, 206, 72, '', '2017-06-21 09:31:42', 16),
(30529, 206, 72, '', '2017-06-21 09:31:44', 16),
(30530, 206, 72, '', '2017-06-21 09:31:44', 16),
(30531, 206, 31, 'En soit le but de cet exercice est d\'améliorer la communication dans le groupe donc je ne vois pas quoi améliorer . ', '2016-10-06 09:48:05', 5),
(30532, 206, 31, 'En soit le but de cet exercice est d\'améliorer la communication dans le groupe donc je ne vois pas quoi améliorer . ', '2016-10-06 09:48:06', 5),
(30533, 206, 37, 'rien a  dire ', '2016-10-13 09:02:35', 2),
(30534, 206, 77, 'Il y a encore des ombres sur la photo se qui , pour moi, la gache . Mais j\'ai prefere quand meme rendre cette photo car le resultat me plaisait malgré tout ! ', '2017-09-28 07:12:38', 16),
(30535, 207, 45, 'Avoir un fond d\'une qualité, sans bruit. Corrigé les imperfections sut l\'image. Avoir un bon rapport iso, temps de pose.', '2016-12-06 13:51:23', 1),
(30536, 207, 45, 'Je testerais sur différents fonds. Le mien étant gris, il nous à été dure de mofifier le fond afin d\'en faire un clean ! \r\n\r\nPlacer les éclairages d\'une autres manières, pour tester de nouvelles choses.', '2016-12-06 13:51:23', 5),
(30537, 207, 80, 'La lumière, la syncro', '2017-10-19 09:10:47', 1),
(30538, 207, 80, 'utiliser en profondeur adobe ', '2017-10-19 09:10:47', 2),
(30539, 207, 92, '', '2017-10-19 09:53:16', 1),
(30540, 207, 92, 'La syncro', '2017-10-19 09:53:16', 2),
(30541, 207, 9, 'A faire plusieurs plan avec les projecteurs, pour avoir différentes ombres sur le portrait.', '2016-03-17 10:37:23', 2),
(30542, 207, 48, 'Le fond. Bien mettre l\'appareil en manuel afin de ne pas avoir de soucis avec les isos ', '2017-01-31 14:37:14', 5),
(30543, 207, 48, 'Le fond. Bien mettre l\'appareil en manuel afin de ne pas avoir de soucis avec les isos ', '2017-01-31 14:37:16', 5),
(30544, 207, 48, 'Le fond. Bien mettre l\'appareil en manuel afin de ne pas avoir de soucis avec les isos ', '2017-01-31 14:33:14', 5),
(30545, 207, 9, 'A faire plusieurs plans avec les projecteurs, pour avoir différentes ombres sur le portrait.', '2016-03-24 10:39:44', 2),
(30546, 207, 10, 'La position des projecteurs', '2016-03-24 10:44:45', 1),
(30547, 207, 10, 'La postition des projecteurs', '2016-03-24 10:44:45', 2),
(30548, 207, 10, 'Face cachée', '2016-03-24 10:44:45', 3),
(30549, 207, 47, 'Rajoutez des effets sonores et visuels ', '2017-01-31 14:56:28', 5),
(30550, 207, 130, 'Dans les matchs sportifs tel que le football ou  les émissions télévisées. Le multicam permet de pouvoir changer de point de vue à tout moment pour permettre d\'avoir l\'image la plus adéquate à chaque fois.', '2018-06-08 14:01:54', 24),
(30551, 207, 130, 'Que les caméras, soit reglée de la même façon pour que la lumière ne soit pas différente etc ', '2018-06-08 14:01:54', 25),
(30552, 207, 19, 'La netteté du sujet', '2016-05-19 07:12:04', 5),
(30553, 207, 19, 'Jarod Robin', '2016-05-19 07:12:04', 6),
(30554, 207, 19, 'Fantôme ', '2016-05-19 07:12:04', 8),
(30555, 207, 19, 'Un sujet était placés devant la caméra, fixe, et un autre était placés derrière, et bougeait rapidement ', '2016-05-19 07:12:04', 9),
(30556, 207, 27, 'Je travaillerais plus le plan et la netteté de l\'image ', '2016-05-19 08:32:43', 5),
(30557, 207, 27, 'OVNI + témoin ', '2016-05-19 08:32:43', 8),
(30558, 207, 27, 'Une personne portait la canne a pêche et l\'autre faisait le photographe', '2016-05-19 08:32:43', 9),
(30559, 207, 105, 'Il a pris du temps à être réaliser', '2017-12-18 07:32:47', 16),
(30560, 207, 110, '', '2017-12-18 12:21:19', 16),
(30561, 207, 61, 'La lumière, la prise de son', '2017-05-30 14:13:09', 1),
(30562, 207, 61, 'Doublage son, montage', '2017-05-30 14:13:09', 2),
(30563, 207, 61, 'Pas de soucis particulier', '2017-05-30 14:13:09', 19),
(30564, 207, 30, 'J\'essayerais d\'avoir un plus grand décors, avec plus d\'éléments. avoir une photo plus net.', '2016-06-16 10:05:14', 5),
(30565, 207, 35, 'Gerer les differents types d\'eclairages afin d\'avoir de bonnes photo. de styles différents', '2016-09-23 12:11:49', 1),
(30566, 207, 35, 'Les types d\'éclairage', '2016-09-23 12:11:49', 2),
(30567, 207, 114, 'Mieux gérer les contrastes, bien exposer.', '2018-02-23 14:46:07', 5),
(30568, 207, 33, 'Etre plus rapide lors du placement du matériel', '2016-10-25 13:44:07', 5),
(30569, 207, 33, 'Comme louka aime voyager avec sa famille, j\'ai décidé de mettre un globe pour faire penser a un voyageur qui ne sais pas ou partir en vacances. Je l\'ai fais tourner ( le globe ) pour faire une sensation de mouvement .', '2016-10-25 13:44:07', 14),
(30570, 207, 76, 'Trouver de bon plans, gerer la mise au point ', '2017-09-19 09:39:15', 1),
(30571, 207, 76, '2,75 ( pour vous embetez ) , j\'ai déja utilisé des caméras un petit peu mieux, avec lequel je suis plus à l\'aise dans les réglages, notament un clip que j\'ai tourné réccement. Je suis loin d\'être un pro mais j\'ai des notions de bases et de bonnes idées de plans caméra lors de tournages', '2017-09-19 09:39:15', 21),
(30572, 207, 171, '', '2019-01-29 11:37:54', 16),
(30573, 208, 1, 'aucune', '2016-03-11 13:17:02', 1),
(30574, 208, 1, 'comment utiliser le masque de fusion', '2016-03-11 13:17:02', 2),
(30575, 208, 2, 'couper les vidéo parfaitement', '2016-03-11 13:18:37', 1),
(30576, 208, 2, 'rien', '2016-03-11 13:18:37', 2),
(30577, 208, 3, 'avoir 120 photos', '2016-03-11 13:19:08', 1),
(30578, 208, 3, 'rien', '2016-03-11 13:19:08', 2),
(30579, 208, 4, 'mettre en racord avec l\'image\r\n', '2016-03-11 13:20:22', 1),
(30580, 208, 4, 'les bruitages', '2016-03-11 13:20:22', 2),
(30581, 208, 5, 'le flou', '2016-03-11 13:20:56', 1),
(30582, 208, 5, 'comment flouter', '2016-03-11 13:20:56', 2),
(30583, 208, 6, 'aucune', '2016-03-11 13:21:20', 1),
(30584, 208, 6, 'rien', '2016-03-11 13:21:20', 2),
(30585, 208, 15, 'racorder normalement', '2016-05-23 13:24:06', 1),
(30586, 208, 15, 'l\'utilisation des micro et de adobe audition', '2016-05-23 13:24:06', 2),
(30587, 208, 15, 'moins de blancs', '2016-05-23 13:24:06', 5),
(30588, 209, 3, '.', '2016-03-07 14:59:51', 1),
(30589, 209, 3, '.', '2016-03-07 14:59:51', 2),
(30590, 209, 1, '.', '2016-03-07 15:03:33', 1),
(30591, 209, 1, '.', '2016-03-07 15:03:33', 2),
(30592, 209, 2, '.', '2016-03-07 15:04:39', 1),
(30593, 209, 2, '.', '2016-03-07 15:04:39', 2),
(30594, 209, 4, '.', '2016-03-07 15:08:12', 1),
(30595, 209, 4, '.', '2016-03-07 15:08:12', 2),
(30596, 209, 6, '.', '2016-03-07 15:08:49', 1),
(30597, 209, 6, '.', '2016-03-07 15:08:49', 2),
(30598, 209, 15, 'Le choix de la vidéo pouvant convenir avec des moments où l\'on pourrait ajouter des sons, et trouver les sons convenants aux scènes, sinon rien de compliqué par rapport au montage', '2016-06-06 12:59:49', 1),
(30599, 209, 15, 'Rien de nouveau parce que l\'on a déjà pu s\'exercer à monter des sons de façon synchronisée avec le bruitage son', '2016-06-06 12:59:49', 2),
(30600, 209, 15, 'Je choisirais mes sons chez moi à l\'avance pour ne pas en manquer et avoir les sons que je veux exactement', '2016-06-06 12:59:49', 5),
(30601, 210, 1, 'cacher le tabouret', '2016-03-07 14:58:51', 1),
(30602, 210, 1, 'utilisation du tampon ( photoshop ) ', '2016-03-07 14:58:51', 2),
(30603, 210, 6, 'éclairage', '2016-03-11 13:06:02', 1),
(30604, 210, 6, 'mettre en valeur un produit ', '2016-03-11 13:06:02', 2),
(30605, 210, 2, 'la durée d\'actions des clones n\'est pas la même', '2016-03-11 13:17:10', 1),
(30606, 210, 2, 'supperposer des vidéos sur première', '2016-03-11 13:17:10', 2),
(30607, 210, 15, 'concordination des sons et des images', '2016-06-06 12:43:43', 1),
(30608, 210, 15, 'le son doit être un petit peu décaler par rapport à l\'image car le son viens après', '2016-06-06 12:43:43', 2),
(30609, 210, 15, 'je rajouterais plus de bruits de fond', '2016-06-06 12:43:43', 5),
(30610, 211, 1, 'La plus grosse difficulté que j\'ai rencontré dans ce travail à été de créer un masque de fusion parceque je ne savais pas comment faire et aussi de devoir jouer avec les différents tons de lumieres qui n\'étaient pas les même entres les deux photos,J\'ai donc du couper de sorte à ce que ça ne se voit pas trop.', '2016-03-11 13:11:39', 1),
(30611, 211, 1, 'A l\'issue de ce projet,j\'ai appris a créer un masque de fusion et de faire léviter M.guillaume Braseur d\'une autre manière qu\'avec un &quot;wingardium leviosaa&quot;', '2016-03-11 13:11:39', 2),
(30612, 211, 2, 'La difficulté que j\'ai rencontré dans ce projet vient de mon idée de départ,j\'épérait pouvoir faire se croiser guillaume sans devoir le couper pour autant,mais du au manque de place de l\'endroit que j\'ai choisit, j\'ai eu beaucoup de mal a gérer le calque de fusion,qui partait parfois tout seul dans certaines directions...il faut encore que je m\'entraine à l\'utiliser.', '2016-03-11 13:18:58', 1),
(30613, 211, 2, 'que ça n\'était pas une bonne idée de faire passer guillaume dans une cage d\'escalier trois fois en meme temps...(il faut choisir un espace suffisament large pour ce genre de projets)\r\n', '2016-03-11 13:18:58', 2),
(30614, 211, 6, 'ma plus grande difficulté pour ce projet est la lumiere,mon objet étant blanc sur fond blanc,il fallait qu\'il ne soit pas surexposé pour qu\'on le distingue suffisament.', '2016-03-11 13:21:29', 1),
(30615, 211, 6, 'j\'ai appris a utiliser lightroom et à retoucher une photo.', '2016-03-11 13:21:29', 2),
(30616, 211, 127, 'Ce projet m\'a permis de me perfectionner dans l\'incrustation chromakey en prenant en compte l\'éclairage du lieu d\'incrustation et en s\'adaptant a celui ci. ainsi que faire des modifications colorimétriques pour adapter le mieu possible.', '2018-06-08 14:07:57', 2),
(30617, 211, 55, 'Je rajouterais une plétore de sons et je stabiliserais bien plus la caméra,et je travaillerais peut etre aussi un peu plus le philtre couleur et le générique pour qu\'ils ressemblent plus a un western,mais je n\'en regarde pas beaucoup donc je prefere me renseigner avant.', '2017-02-23 12:57:18', 5),
(30618, 211, 102, 'La plus grande difficulté que j\'ai rencontré était d\'enregistrer les voix, la table de mixage ne tenait pas très fort le coups.&lt;br/&gt;j\'ai aussi eu beaucoup de mal a trouver les sons exacts que je cherchait.', '2017-12-12 08:49:53', 1),
(30619, 211, 102, 'j\'ai appris a utiliser Adobe Audition que je n\'avais pratiquement jamais utilisé.', '2017-12-12 08:49:53', 2),
(30620, 211, 15, 'faire en sorte que les sons soient parfaitement axés sur l\'image,et qu\'il n\'y ai pas de moment sans sons (vide)\r\n\r\n', '2016-06-06 12:47:41', 1),
(30621, 211, 15, 'pas grand chose,a part a utiliser \r\nquelques options de premiere\r\n', '2016-06-06 12:47:41', 2),
(30622, 211, 15, 'je rajouterais encore plus de sons,mais ça doublerais voir triplerai mon travail\r\n\r\n', '2016-06-06 12:47:41', 5),
(30623, 211, 70, 'J\'ai eu du mal a utiliser la camera,je pense que plus d\'exercises pratiques seraient vraiment bien pour s\'approprier un peu plus ce matériel.', '2017-06-14 09:26:13', 16),
(30624, 211, 70, 'J\'ai eu du mal a utiliser la camera,je pense que plus d\'exercises pratiques seraient vraiment bien pour s\'approprier un peu plus ce matériel.', '2017-06-14 09:26:13', 16),
(30625, 211, 70, 'J\'ai eu du mal a utiliser la camera,je pense que plus d\'exercises pratiques seraient vraiment bien pour s\'approprier un peu plus ce matériel.', '2017-06-14 09:26:13', 16),
(30626, 211, 70, 'J\'ai eu du mal a utiliser la camera,je pense que plus d\'exercises pratiques seraient vraiment bien pour s\'approprier un peu plus ce matériel.', '2017-06-14 09:26:13', 16),
(30627, 211, 32, 'Je déveloperais encore plus loin mes idées à propos de ce sujet.', '2016-10-04 12:32:48', 5),
(30628, 211, 118, 'J\'ai eu du mal à trouver la correction colorimétrique que je souhaitais pour recréer l\'ambiance de la salle de bain et nous n\'étions pas d\'accord sur la manière de réaliser ce court métrage, un réalisateur n\'ayant pas été réelement désigné chacun voulait ajouter sa touche personnelle. mais le montage m\'a assez intéréssé car il abordait un peu ce que j\'avais l\'intention de réaliser pour mon projet personnel en ce qui concerne la correction colorimétrique.', '2018-02-27 11:38:41', 16),
(30629, 211, 74, 'je pense que mon travail est moyen dans l\'ensemble,j\'aurais pu faire mieu ,mais les chaussures de moto empechent de plier les chevilles donc c\'est assez compliqué.et Nathan devrait arreter de courir pour les traveilng...', '2017-09-18 09:49:06', 21),
(30630, 211, 39, 'J\'essaierais de mieux jouer sur les ombres afin de mieu masquer le personnage avant qu\'il entre dans la lumiere ainsi que le flux de celle ci.(j\'essaierai de ne plus etre absent les jours de tournage)', '2016-11-25 14:09:15', 5),
(30631, 211, 39, 'J\'essaierais de mieux jouer sur les ombres afin de mieu masquer le personnage avant qu\'il entre dans la lumiere ainsi que le flux de celle ci.(j\'essaierai de ne plus etre absent les jours de tournage)', '2016-11-25 14:09:15', 5),
(30632, 212, 4, 'Aucune particulière.', '2016-04-02 06:03:54', 1),
(30633, 212, 4, 'J\'ai appris à utilisé PremièrePro et améliorer ma rapidité sur ce logiciel.', '2016-04-02 06:03:54', 2),
(30634, 212, 6, 'Aucune particulière.', '2016-04-02 06:04:00', 1),
(30635, 212, 6, 'J\'ai appris à travailler ma précision pour prendre une photo de qualité. Même s\'il reste encore à travailler !', '2016-04-02 06:04:00', 2),
(30636, 212, 1, 'J\'ai voulu en faire trop.', '2016-02-22 15:07:42', 1),
(30637, 212, 1, 'J\'ai appris à superposer du décor sur un fond.', '2016-02-22 15:07:42', 2),
(30638, 212, 2, 'Aucune particulières.', '2016-03-07 14:53:13', 1),
(30639, 212, 2, 'A faire un fondu de différents plan sur une séquence.\r\n', '2016-03-07 14:53:13', 2),
(30640, 212, 3, 'De devoir être précis.', '2016-03-07 14:55:01', 1),
(30641, 212, 3, '.', '2016-03-07 14:55:01', 2),
(30642, 212, 5, 'Je me suis trompé sur les différents calques. ', '2016-03-11 14:35:50', 1),
(30643, 212, 5, 'A faire un bon montage audio :)', '2016-03-11 14:35:50', 2),
(30644, 212, 55, '.', '2017-03-09 13:19:40', 5),
(30645, 212, 15, 'Aucune particulière.', '2016-05-23 13:53:41', 1),
(30646, 212, 15, 'A être plus précis à la synchronisation du son/image.', '2016-05-23 13:53:41', 2),
(30647, 212, 15, 'Plus de temps et plus de son d\'ambiance.', '2016-05-23 13:53:41', 5),
(30648, 212, 70, 'oui', '2017-06-14 09:58:22', 16),
(30649, 212, 70, 'oui', '2017-06-14 09:58:22', 16),
(30650, 212, 70, 'oui', '2017-06-14 09:58:22', 16),
(30651, 212, 70, 'oui', '2017-06-14 09:58:22', 16),
(30652, 212, 32, 'Chercher de meilleurs site pour les renseignements.', '2016-10-11 12:16:43', 5),
(30653, 212, 39, '-', '2016-10-27 12:22:14', 5),
(30654, 212, 39, '-', '2016-10-27 12:22:14', 5),
(30655, 213, 4, 'ça nous a pris beaucoup de temps pour chaque photo', '2016-04-02 06:03:41', 1),
(30656, 213, 4, 'j\'ai appris a faire un stopmotion ', '2016-04-02 06:03:41', 2),
(30657, 213, 6, 'Il fallait a chaque fois mettre un dras pour cacher le reflet ', '2016-04-02 06:03:47', 1),
(30658, 213, 6, 'on a appris a utiliser le posemetre  ', '2016-04-02 06:03:47', 2),
(30659, 213, 1, 'L\'appareil photo avait bouger du coup il a fallu tout raccorder', '2016-03-07 14:49:18', 1),
(30660, 213, 1, 'comment effacer des objets dans une photo', '2016-03-07 14:49:18', 2),
(30661, 213, 5, 'Faire la trajectoire du flou ', '2016-03-07 15:01:49', 1),
(30662, 213, 5, 'a mettre un flou sur la tete de quelqun dans une vidéo', '2016-03-07 15:01:49', 2),
(30663, 213, 2, 'que les plusieurs lola ne se rentre pas dedans ', '2016-03-07 15:05:27', 1),
(30664, 213, 2, 'comment cloner une personne sur une meme vidéo', '2016-03-07 15:05:27', 2),
(30665, 213, 3, 'coordoner sons et images ', '2016-03-07 15:07:46', 1),
(30666, 213, 3, 'mettre des sons sur des images ', '2016-03-07 15:07:46', 2),
(30667, 213, 15, 'de mettre tous au bon endroit au bon moments.', '2016-05-24 13:14:24', 1),
(30668, 213, 15, 'j ai appris a bien organiser mon travail ', '2016-05-24 13:14:24', 2),
(30669, 213, 15, 'rien', '2016-05-24 13:14:24', 5),
(30670, 214, 1, 'il n y a pas eu de difficulté particulière car j\'ai eu l\'aide des mes camarades.', '2016-02-22 15:08:26', 1),
(30671, 214, 1, 'La façon de mètre en lévitation.  ', '2016-02-22 15:08:26', 2),
(30672, 214, 6, '.', '2016-03-07 15:01:18', 1),
(30673, 214, 6, '.', '2016-03-07 15:01:18', 2),
(30674, 214, 2, '.', '2016-03-07 15:01:52', 1),
(30675, 214, 2, '.', '2016-03-07 15:01:52', 2),
(30676, 214, 3, '..', '2016-03-10 09:52:49', 1),
(30677, 214, 3, '..', '2016-03-10 09:52:49', 2),
(30678, 214, 4, '.', '2016-03-10 09:56:37', 1),
(30679, 214, 4, '.', '2016-03-10 09:56:37', 2),
(30680, 214, 15, 'Trouver les bons sons.', '2016-05-23 12:42:28', 1),
(30681, 214, 15, 'Pas grand chose.', '2016-05-23 12:42:28', 2),
(30682, 214, 15, 'Je le trouve parfait :3 .', '2016-05-23 12:42:28', 5),
(30683, 215, 4, 'le travail sur adobe premiere.', '2016-04-02 06:03:31', 1),
(30684, 215, 4, 'j ai appris a faire beaucoup de photo pour faire un projet plus ou moins dur.', '2016-04-02 06:03:31', 2),
(30685, 215, 6, 'les reflets sur le produit', '2016-02-25 09:29:56', 1),
(30686, 215, 6, 'que une photo sur affiche est modifier pour avoir la meuilleur qualite pour le vendre', '2016-02-25 09:29:56', 2),
(30687, 215, 1, 'aucun', '2016-03-07 14:53:13', 1),
(30688, 215, 1, 'que tous est possible en photo', '2016-03-07 14:53:13', 2),
(30689, 215, 55, 'mieux filmer et moins de bouger', '2017-03-07 13:29:40', 5),
(30690, 215, 15, 'de mettre les sons au bon endroit et au bon moments.', '2016-05-24 13:11:23', 1),
(30691, 215, 15, '?', '2016-05-24 13:11:23', 2),
(30692, 215, 15, 'rien', '2016-05-24 13:11:23', 5),
(30693, 215, 70, 'j ai tres mal fais la mise au point de mon examen pourtant je l ai bien faites dommage', '2017-06-14 10:04:08', 16),
(30694, 215, 70, 'j ai tres mal fais la mise au point de mon examen pourtant je l ai bien faites dommage', '2017-06-14 10:04:08', 16),
(30695, 215, 70, 'j ai tres mal fais la mise au point de mon examen pourtant je l ai bien faites dommage', '2017-06-14 10:04:08', 16),
(30696, 215, 70, 'j ai tres mal fais la mise au point de mon examen pourtant je l ai bien faites dommage', '2017-06-14 10:04:08', 16),
(30697, 215, 32, 'je ne sais pas', '2016-10-04 11:48:39', 5),
(30698, 215, 39, 'que je devrais faire attention en filmant', '2016-10-27 12:24:12', 5),
(30699, 215, 39, 'que je devrais faire attention en filmant', '2016-10-27 12:24:12', 5),
(30700, 216, 51, 'Gros plan sur le verre (image fixe), le verra tremble à l\'aide d\'un assistant qui fait bouger la table, un deuxieme assistant fait tomber des élements du décors.', '2017-01-20 15:06:35', 9),
(30701, 216, 57, 'Que la musique a une grande importance dans un court metrage.', '2017-02-10 14:24:38', 2),
(30702, 216, 57, 'A mieux enchainer les plans l\'un à la suite de l\'autre pour que ça soit plus fluide.', '2017-02-10 14:24:38', 5),
(30703, 216, 53, 'Imiginer un mini scenario d\'une coupure de courrant suite a un gros orage. il a fallut mettre des éclairage assez sombre et bleutée pour avoir une ambiance de nuit et orageuse.', '2017-03-10 15:06:38', 4),
(30704, 216, 53, 'rajouter des elements de décoration ( tableau, cadre photo,..) pour avoir un meilleur aspect bureaux. Peut etre aussi rajouter un reflet de la fenetre qui donne sur le bureau.', '2017-03-10 15:06:38', 5),
(30705, 216, 24, 'A travailler en groupe et à avoir le sens des responsabilités ', '2016-06-03 13:21:07', 2),
(30706, 216, 24, 'Je tournerai d\'autres plans pour un résultat encore meilleur!', '2016-06-03 13:21:07', 5),
(30707, 216, 24, 'L\'art est un moyen de communiqués, de donné un avis', '2016-06-03 13:21:07', 10),
(30708, 216, 24, 'La liberté d\'expression ne veut pas dire qu\'on peut dire tout ce qu\'on veut au autres si cela peut le blessé ou l\'humilié.', '2016-06-03 13:21:07', 11),
(30709, 216, 24, 'J\'ai réalisé et tourné un clip de rap. Nous avons pris une semaine pour l’écriture du texte, une pour l\'enregistrement et une dernière pour le tournage.', '2016-06-03 13:21:07', 12),
(30710, 216, 24, 'yutut', '2016-06-03 13:21:07', 13),
(30711, 216, 17, 'Il fallait faire une séquence sans se tromper une seule fois, si quelqu\'un passait à ce moment là et qu\'on l\'entendait il fallait tous recommencer, ça nous est arrivé plusieurs fois. Il fallait aussi être vigilant à ce que Martin ne dépasse pas les limites des autres clones. ', '2016-06-14 11:12:54', 1),
(30712, 216, 17, 'Je me suis occupé d\'écouter le retour son(perche) afin d\'entendre si il n\'y avait pas de bruits parasites et si on n\'entendait correctement Martin.', '2016-06-14 11:12:54', 4),
(30713, 216, 17, 'Changer les vêtements des clones et faire d\'autres plans pour un rendu plus réaliste.', '2016-06-14 11:12:54', 5),
(30714, 217, 83, 'La maitrise du temps', '2017-10-17 12:14:06', 2),
(30715, 217, 83, 'Le générique et les son ', '2017-10-17 12:14:06', 16),
(30716, 217, 24, 'Que la chose la plus importante dans un Projet, c\'est de travailler en équipe avec des professeurs géniaux ', '2016-05-17 14:04:12', 2),
(30717, 217, 24, 'Je prendrai du meilleur materiel, et prendrai plus de temps pour finaliser le projet.', '2016-05-17 14:04:12', 5),
(30718, 217, 24, 'Oui, car l\'art est avant tout une manière d\'expresion, un outil pour denoncer et se revolter.\r\nDans les pays où la liberté d\'expression est restreinte l\'art l\'est aussi.', '2016-05-17 14:04:12', 10),
(30719, 217, 24, 'Non, car toutes libertés a des limites, des lois à respecter, c\'est axyomatique\r\ntout liberté peu importe sa nature est limitée par qqch.\r\npar exemple si je veux voler par moi même je peux pas, car je serai limité par les lois de la phisyque.\r\ntoutes libertés doit respecter celles des autres.\r\nje finirai sur une phrase de Rousseau &lt;&lt; la liberté des uns, s\'arrête là où commence celles des autres&gt;&gt;', '2016-05-17 14:04:12', 11),
(30720, 217, 24, 'j\'ai aidé à filmer et j\'ai fait presque tout le montage final.', '2016-05-17 14:04:12', 12),
(30721, 217, 24, 'Par les télévisions, car elles duffusaient des images dures.', '2016-05-17 14:04:12', 13),
(30722, 217, 55, 'La stabilité de la caméra, le jeu d\'acteur.', '2017-03-07 13:14:33', 5),
(30723, 217, 17, 'Les problèmes d\'ombres et de lumières dans un premier temps et ensuite la réalisation des clônes.', '2016-06-14 09:07:51', 1),
(30724, 217, 17, 'Caméraman pour un plan, puis assistant réalisateur, équipier technique (montage et démontage du matériel) et enfin: monteur.', '2016-06-14 09:07:51', 4),
(30725, 217, 17, 'La qualité du son, c\'est à dire les bruits, etc... Synchronisation du son.', '2016-06-14 09:07:51', 5),
(30726, 217, 70, 'J\'aurais aimé faire des plans plus stables et mieux exposés', '2017-06-14 09:25:08', 16),
(30727, 217, 70, 'J\'aurais aimé faire des plans plus stables et mieux exposés', '2017-06-14 09:25:08', 16),
(30728, 217, 70, 'J\'aurais aimé faire des plans plus stables et mieux exposés', '2017-06-14 09:25:08', 16),
(30729, 217, 70, 'J\'aurais aimé faire des plans plus stables et mieux exposés', '2017-06-14 09:25:08', 16),
(30730, 217, 118, 'Non', '2018-02-27 13:53:04', 16),
(30731, 217, 74, '3, trop de problemes de tremblement.', '2017-09-18 09:25:02', 21),
(30732, 217, 39, 'Le cadrage.', '2016-10-27 12:18:40', 5),
(30733, 217, 39, 'Le cadrage.', '2016-10-27 12:18:41', 5),
(30734, 218, 51, 'j\'ai aidée pour léclairage et j\'ai soutenu loic pour les éfait spésieut', '2017-01-20 15:05:52', 9),
(30735, 218, 53, 'prise son et assistensse tecnique', '2017-01-27 15:11:07', 4),
(30736, 218, 53, 'préparé un meilleur sénario', '2017-01-27 15:11:07', 5),
(30737, 218, 24, 'a travaillé en équipe et a se coordonné pour un projet préssi', '2016-05-17 12:36:49', 2),
(30738, 218, 24, 'la qualité des drapeau et ajouté des élément sur les espace vide du plateau ', '2016-05-17 12:36:49', 5),
(30739, 218, 24, 'oui car l\'art est l\'expretion de soit et l\'on peux exprimé son opignon politique avec de l\'art', '2016-05-17 12:36:49', 10),
(30740, 218, 24, 'non ses réalisable il faux juste être tolèrent et ouvaire d\'esprit même si certaine personne aurons toujours des rétrécissement il ne faux pas être idiot et parlé de tout avec toute le monde car certaine personne son borné et même fermé d’esprit. on ne doit pas se cassé la tête a éssaillé de faire comprendre quelle que chose a des personne qui font la sourde oreille ', '2016-05-17 12:36:49', 11),
(30741, 218, 24, 'j\'ai fait avec l\'aide de marie -un plateau de jeux de l\'ois avec image trouvé sur internet- les 29 drapeaux de l\'union européenne en, pate a modelé        -verenire ses drapeaux', '2016-05-17 12:36:49', 12),
(30742, 218, 24, 'le journal télévisé car il étai drôle et juste', '2016-05-17 12:36:49', 13),
(30743, 218, 57, 'a choisir une music en fonction de la situation et de survivre au foi', '2017-02-10 14:27:19', 2),
(30744, 218, 57, 'le son', '2017-02-10 14:27:19', 5),
(30745, 218, 11, 'la recherche de témoignage', '2016-05-17 12:46:06', 4),
(30746, 218, 11, 'plus de témoignage montage plus abouti et plan de liéson', '2016-05-17 12:46:06', 5),
(30747, 218, 11, 'adrien derose, loic pihan, guilhem plisnier, oscar cralier', '2016-05-17 12:46:06', 6),
(30748, 218, 24, 'a travaillé en équipe et a se coordonné pour un projet préssi a utilisé adobe ind disig et adob ilustrateur ', '2016-05-17 13:42:41', 2),
(30749, 218, 24, 'la qualité des drapeau et ajouté des élément sur les espace vide du plateau ', '2016-05-17 13:42:41', 5),
(30750, 218, 24, 'oui car l\'art est l\'expretion de soit et l\'on peux exprimé son opignon politique avec de l\'art', '2016-05-17 13:42:41', 10),
(30751, 218, 24, 'non ses réalisable il faux juste être tolèrent et ouvaire d\'esprit même si certaine personne aurons toujours des rétrécissement il ne faux pas être idiot et parlé de tout avec toute le monde car certaine personne son borné et même fermé d’esprit. on ne doit pas se cassé la tête a éssaillé de faire comprendre quelle que chose a des personne qui font la sourde oreille ', '2016-05-17 13:42:41', 11),
(30752, 218, 24, 'j\'ai fait avec l\'aide de marie -un plateau de jeux de l\'ois avec image trouvé sur internet que l\'on a minutieusement mise 1 a 1 - les 29 drapeaux de l\'union européenne en patte a modelé sella nous a pris 1 jour complaît on a fini a 2 heur du matin j\'ai dut dormir chez marie -verni ses drapeaux 1 a 1 et devoir faire un socle en patte en y insèrent un émiant ', '2016-05-17 13:42:41', 12),
(30753, 218, 24, 'le journal télévisé car il étai drôle et juste', '2016-05-17 13:42:41', 13),
(30754, 218, 17, 'pour faire les clone et trouvé le music de fond', '2016-06-14 08:48:07', 1),
(30755, 218, 17, 'j\'ai plassé les éclairage et j\'ai doné mon poind de vue ', '2016-06-14 08:48:07', 4),
(30756, 218, 17, 'la music de fond et les clone', '2016-06-14 08:48:07', 5),
(30757, 218, 34, 'le mixage', '2016-11-18 15:13:31', 1),
(30758, 218, 34, 'a sincronisé', '2016-11-18 15:13:31', 2),
(30759, 219, 11, 'Nicolas Lekime, William Lemonnier et Meng-Chhun Te', '2016-03-25 13:57:54', 6),
(30760, 219, 11, 'Je travaillerais plus sur la couleur, je trouve que le résultat est déjà assez satisfaisant mais il pourrait être plus poussé.', '2016-03-25 13:57:54', 5),
(30761, 219, 11, 'J\'ai &quot;réalisé&quot; le projet en faisant le scénario et en m\'occupant du choix des angles de caméra. J\'ai également été acteur du projet.', '2016-03-25 13:57:54', 4),
(30762, 219, 57, 'J\'ai appris qu\'il était compliqué d\'obtenir un résultat comme on l\'attend sans une longue préparation.', '2017-02-10 14:29:00', 2),
(30763, 219, 57, 'Je ferais des plans plus rapprochés accompagnés de travellings.', '2017-02-10 14:29:00', 5),
(30764, 219, 24, 'Je n\'ai pas appris énormément de choses à proprement parlé, j\'ai plus appris à ouvrir mon esprit sur de nouveaux sujets que je n\'aurais pas traité en temps normal', '2016-06-07 09:28:55', 2),
(30765, 219, 24, 'Je pense que je travaillerais plus sur la musicalité de notre rap, je trouve que le texte est pas trop mal mais qu\'il n\'est pas assez entrainant pour pouvoir &quot;marquer&quot; les esprits. Avoir un message n\'est pas suffisant, il faut aussi que le message donne envie d\'être écouté.', '2016-06-07 09:28:55', 5),
(30766, 219, 24, 'Selon moi l\'Art peut être politique mais uniquement si il se revendique politique. L\'artiste faisant passer ses idéaux politiques dans ses oeuvres doit le reconnaître afin que les gens sachent que ce qu\'ils regardent a une signification politique et n\'est pas uniquement faite pour le palisir de l\'Art.', '2016-06-07 09:28:55', 10),
(30767, 219, 24, 'Selon moi la véritable liberté d\'expression n\'existe pas, on a beau dire qu\'elle est présente, c\'est faux. Il y a toujours des sujets considérés comme tabous auxquels la liberté d\'expression &quot;légale&quot; ne s\'applique pas. Par exemple, Dieudonné est censuré depuis des années pour ses sketchs jugés antisémites. Certes il est vrai que ses idées politiques sont parfois douteuses mais selon moi il a autant le droit de faire de l\'humour sur les sujets qu\'ils traitent que Charlie Hebdo à le droit de faire de l\'humour sur la religion.', '2016-06-07 09:28:55', 11),
(30768, 219, 24, 'J\'ai écrit et enregistré un rap parlant de l\'Union Européenne et plus généralement des problèmes de la société actuelle. C\'est une critique de notre monde.', '2016-06-07 09:28:55', 12),
(30769, 219, 24, 'Je n\'ai pas été voir l\'exposition.', '2016-06-07 09:28:55', 13),
(30770, 219, 17, 'Le plus difficile était que toutes les parties du scénario s\'enchainent bien et que le montage sois fait de manière à ce que l\'on ne voit pas la coupure entre les différents clônes.', '2016-06-14 09:14:39', 1),
(30771, 219, 17, 'J\'ai aidé à faire le scénario et j\'ai été acteur pendant le projet, c\'est également moi qui ai fait le texte.', '2016-06-14 09:14:39', 4),
(30772, 219, 17, 'Je mettrais plus de dynamisme et j\'ajouterais des effets à l\'apparition des clônes.', '2016-06-14 09:14:39', 5),
(30773, 219, 34, 'Le plus diffcile a été de mettre les sons au bon moment pour que l\'histoire soit compréhensible sans avoir vu la BD avant.', '2016-11-18 15:01:02', 1),
(30774, 219, 34, 'J\'ai appris à mixer un son et à supprimer ce qui génait dans un enregistrement.', '2016-11-18 15:01:02', 2),
(30775, 220, 51, 'en tant qu\'acteur et technicien d \'ambiance', '2017-01-20 15:07:46', 9),
(30776, 220, 53, 'utilisation de filtre, recherche du flash et du bruitage', '2017-01-27 15:10:32', 4),
(30777, 220, 53, '+ de temps de montage', '2017-01-27 15:10:32', 5),
(30778, 220, 11, 'William Lemonnier,Martin Hofman,Meng-Chhun Te', '2016-03-25 14:04:19', 6),
(30779, 220, 11, 'Le montage, la luminosité dans certaine scènes', '2016-03-25 14:04:19', 5),
(30780, 220, 11, 'Acteur,caméraman et scénariste', '2016-03-25 14:04:19', 4),
(30781, 220, 24, 'Qu\'il est parfois difficile de diriger une équipe , qu\'il ne faut pas perdre patience , il est aussi particulièrement compliquer de passer quelque chose qu\'on écrit en un tournage réel ', '2016-05-17 12:24:58', 2),
(30782, 220, 24, 'Pouvoir choisir son équipe , m\'investir plus dans le scénario et les dialogues des personnages pour que les acteurs est une meilleur image de ce que je vois', '2016-05-17 12:24:58', 5),
(30783, 220, 24, 'non, pour moi, les deux sujets sont comme chien et chat chacun a sa vision des choses , il est difficile de transmettre ce que l\'on ressent par rapport à la politique avec une oeuvre d\'art et même si cela marchait les politiciens et autres personne importante ne s\'attarderaient pas devant quelque chose d\'artistique qui pourrait influencer leur carrière ', '2016-05-17 12:24:58', 10),
(30784, 220, 24, 'Oui, il est impossible selon moi que chaque personnes ai son libre arbitre , premièrement pour les classes sociale mais aussi que des personnes seront toujours menacer de trop parler que se soit dans un pays sous une oppression politique ou bien les règles qui régissent le monde  ', '2016-05-17 12:24:58', 11),
(30785, 220, 24, 'J\'ai avec des compagnons de classe créer un journal télévisé humouristique expliquant la fermeture des frontières , j\'ai assisté a une exposition en me posant les bonne questions ', '2016-05-17 12:24:58', 12),
(30786, 220, 24, 'le mur d\'image sur la liberté d\'expression, comme quoi on garde sous silence plusieurs atrocité qui été commises et dont on ne sait rien', '2016-05-17 12:24:58', 13),
(30787, 220, 57, 'comment la musique change une scène', '2017-02-10 14:26:45', 2),
(30788, 220, 57, 'les cut, la musique , la qualité d\'image', '2017-02-10 14:26:45', 5),
(30789, 220, 17, 'le stress de savoir si on aura finit dans les temps et si le plan finit donnera bien, il faisait très chaud dans la pièce docn les esprits s\'échauffent aussi ,on s\'énerve et finit pas perdre du temps', '2016-06-14 08:33:09', 1),
(30790, 220, 17, 'J\'ai participé en tant qu\'acteur et aidé pour le scénario ', '2016-06-14 08:33:09', 4),
(30791, 220, 17, 'faire plus de plan, plus de clone avoir de meilleur idées', '2016-06-14 08:33:09', 5),
(30792, 220, 34, 'de trouver les bon sons de raccorder , gérer les basses et la synchronisation des actions', '2016-11-18 15:04:17', 1),
(30793, 220, 34, 'qu\'il est diffice de transcrire parfaitement une ambiance des sons où des lieux parfaitement ', '2016-11-18 15:04:17', 2),
(30794, 221, 11, 'Nicolas,Meng,Martin', '2016-03-25 13:56:48', 6),
(30795, 221, 11, 'Je corrigerait certain plan ou on a fait un saut d\'axe. ', '2016-03-25 13:56:48', 5),
(30796, 221, 11, 'J\'aidais un peu partout quand on feait les plan et au montage.', '2016-03-25 13:56:48', 4),
(30797, 221, 24, 'que le mal n\'est pas toujours la ou on le pense ', '2016-05-27 09:38:19', 2),
(30798, 221, 24, 'je retravaillerait les prise ou on voit les micro et je ferait encore plus attention au son !!!', '2016-05-27 09:38:19', 5),
(30799, 221, 24, 'oui car l\'art peux touchée tous les sujet .souvent l\'art montre ce qu\'il ne vas pas donc s\'il y a un problème de politique d\'office qu\'il y aura une oeuvre dessus ', '2016-05-27 09:38:19', 10),
(30800, 221, 24, 'oui et non . car dans certain pays on a déjà beaucoup de libertés d\'expression tandis que d\'autre sont justement oprssée on ne peux publier et avoir \r\nAccess  a internet qui est une source de libertés d’expression . par exemple en chine leur internet est surveillée et bloquée sur certain site .tandis que chez nous on est déjà beaucoup plus libre mais on aura toujours des LIMITE a ne pas dépassée ', '2016-05-27 09:38:19', 11),
(30801, 221, 24, 'j\'ai participé en faisant un jt avec (Adrien,Nicolas et Numa) j\'ai filmée , j\'ai montée , j\'ai jouée comme acteur et j\'aider un peu partout ou on a demandée mon aide et j\'ai écrit un tout petit peu car Nicolas avais beaucoup d\'inspiration .', '2016-05-27 09:38:19', 12),
(30802, 221, 24, 'je ne peux me dire car le jour de l\'expo j\'était malade et j\'ai cédé ma place a Meng-chhun et Adrien qui m\'on dit que notre jt etait un des meilleur truc', '2016-05-27 09:38:19', 13),
(30803, 221, 17, 'aucun s\'etait simple et marrant :)', '2016-06-14 08:28:52', 1),
(30804, 221, 17, 'j\'ai filmée et j\'ai jouée commeacteur', '2016-06-14 08:28:52', 4),
(30805, 221, 17, 'on referait quand meme le plan de nicolas pour qu\'on ne voit pas qu\'on meurt de chaud', '2016-06-14 08:28:52', 5),
(30806, 222, 51, '-j\'ai réalisé un flou au deuxieme plan de l\'image puis une fois que l\'objet rentre en jeu j\'ai fais un flou au premier plan de l\'image.\r\n-j\'ai fais bouger la table pour que l\'objet présent sur la table puisse bouger aussi et donner une hillusion de tremblement de terre.\r\nbien à vous ! \r\nLoicP', '2017-01-20 15:09:18', 9),
(30807, 222, 53, 'rangement de TOUT le matériel, conseil éclairage, acteur pricipale', '2017-01-27 15:12:30', 4),
(30808, 222, 53, 'j\'aurais améliorer le décor ', '2017-01-27 15:12:30', 5),
(30809, 222, 57, 'Que la musique peut appuyer les sentiments des personnages ou bien completement les changer.', '2017-02-10 14:23:06', 2),
(30810, 222, 57, 'Je changerais l\'exposition et la qualité du montage, ce n\'est pas encore parfait.', '2017-02-10 14:23:06', 5),
(30811, 222, 24, 'j\'ai appris a travailler en équipe en découvrant différentes perceptions sur un même projet. \r\nj\'ai appris a mieux connaitre le matériel Audio visuel.\r\nNous avons appris a nous questionner sur l’Europe actuelle. La semaine a Bruxelles était très instructive. Questionner des gens dans la rue m\'a permis de me rendre compte que chaque personnes avaient un point de vue tout a fait différent du miens.', '2016-06-07 14:08:26', 2),
(30812, 222, 24, 'j\'aurais mieux organiser mon temps, je me suis plus concentrer sur les interviews que sur mon propre projet qui était le clip de rap. Au final j\'ai pu réaliser mon projet mais en un cours laps de temps. j\'aurais aimer filmer une partie du clip de rap a Bruxelles.', '2016-06-07 14:08:26', 5),
(30813, 222, 24, 'l\'art peut être politique si il parle de politique. Pour moi l\'art peut être interpréter de façon libre il n\'y a pas de définition de l\'art.', '2016-06-07 14:08:26', 10),
(30814, 222, 24, 'selon moi la liberté d\'expression ne peut être un idéale inatteignable car la liberté d\'expression car il y aura toujours des tabou.\r\nExemple: Charlie Ebdo, tout le monde a une vision différente d’interpréter des choses. ', '2016-06-07 14:08:26', 11),
(30815, 222, 24, 'j\'ai réaliser un clip de rap et j\'ai questionner des gens dans la rue ', '2016-06-07 14:08:26', 12),
(30816, 222, 24, 'le clip de rap parce que c\'est le miens et qu\'il exprime tout la haine que personne n\'a pu exprimer concraitement ', '2016-06-07 14:08:26', 13),
(30817, 222, 17, 'J\'ai eu du mal à tenir la perche en place lors de la prise de son. Car la perche était longue et le micro se cognait partout. j\'ai du adapter la perche pour en meme temps prendre le son de la voix.\r\non a tourner la scene en une seule fois, c\'était difficile de ne pas se tromper dans les dialogues. ', '2016-06-14 09:24:24', 1),
(30818, 222, 17, 'prenenur de son. aide pour les dialogues. aide pour le scénario.', '2016-06-14 09:24:24', 4),
(30819, 222, 17, 'Je prévoirais plus a l\'avance mon tournage, car on a manqué de temps. Des idées se sont rajouté a la fin ce qui a compliqué le tournage.', '2016-06-14 09:24:24', 5),
(30820, 222, 34, 'J\'ai pris un temps fou pour trouver les bon son en accord avec le thème. Et j\'ai eus du mal à trouver de bon effets avec les bonnes mesures par rapport au son. Je n\'ai donc pas eus l\'occasion de tout finir :(  ', '2016-11-18 15:09:22', 1),
(30821, 222, 34, 'A utiliser Audition et à utiliser des effets audio pour chaque pistes ', '2016-11-18 15:09:22', 2),
(30822, 223, 24, 'Beaucoup de choses comme la libre expression, une grande dose de créativité supplémentaire et  une attirance envers l\'art en général', '2016-06-07 13:58:19', 2),
(30823, 223, 24, 'Je pense que pour une première édition, Le projet NGP s\'est très bien déroulé , malgrès le fait que nous étions un peu en retard à la fin.', '2016-06-07 13:58:19', 5),
(30824, 223, 24, 'Oui, dés que l\'on montre une société, des personnages, ou une certaine vision d\'une réalité cela est politique.', '2016-06-07 13:58:19', 10),
(30825, 223, 24, 'Oui car la liberté d\'expression a et aura toujours des limites.', '2016-06-07 13:58:19', 11),
(30826, 223, 24, 'j\'ai écrit deux textes que j\'ai ensuite liés, J\'ai ensuie dévellopé un concept de cocottes auuquel j\'ai intégré mon texte. Je suis très content du résultat .', '2016-06-07 13:58:19', 12),
(30827, 223, 24, 'Le &quot; film &quot; interactif filmés dans les pays l\' Est peu après la chute du mur de Berlin.', '2016-06-07 13:58:19', 13),
(30828, 224, 83, 'J\'ai appris à mieux utiliser l\'outil ultrakey et correcteur chromatique rapide.', '2017-10-17 12:16:34', 2),
(30829, 224, 83, 'Je n\'ai pas eu le temps de faire le doublage de Georgie.', '2017-10-17 12:16:34', 16),
(30830, 224, 11, 'Nicolas, William, Martin et moi.', '2016-03-25 14:14:11', 6),
(30831, 224, 11, 'Les saut d\'axes pour les champs contre champs, le bruit de la cloche, la couleur de l\'image qui deviens de plus en plus terne pour montrer la situation de plus en plus triste et les graisiments.', '2016-03-25 14:14:11', 5),
(30832, 224, 11, 'Monteur et quelque correction de plan.', '2016-03-25 14:14:11', 4),
(30833, 224, 127, 'L\'outil correction lumetri', '2018-06-08 13:06:57', 2),
(30834, 224, 24, 'Que les élèves des autres écoles lisaient ou regardaient aussi le journal.\r\nQue certaines personnes aimaient se donner en spectacle.\r\nMais aussi que les élèves de ma classe savent s\'exprimer et ont leurs propre avis, façon de pensé sur le sujet du futur de l\'Europe.\r\n', '2016-05-24 13:55:10', 2),
(30835, 224, 24, 'Les paroles de la chanson qui n\'ont pas beaucoup de sens, améliorer les rimes et retravailler le clip.', '2016-05-24 13:55:10', 5),
(30836, 224, 24, 'Oui, l\'art peut-être politique car c\'est un moyen de communication qui permets de dénoncer des choses, situations , ect...\r\nElle peut aussi exprimer des avis politique sur des sujets d\'actualité.', '2016-05-24 13:55:10', 10),
(30837, 224, 24, 'Pour moi, la liberté d\'expression est une utopie car si l\'on regarde rien que du coté de l\'art, même si une loi protège la liberté totale des oeuvres, ils arrivent souvent qu\'une oeuvres se fassent censurées.\r\nMais je pense que le mieux est de rester sur une liberté d\'expression qui est un minimum contrôler, réglementé mais pas autant que maintenant.', '2016-05-24 13:55:10', 11),
(30838, 224, 24, ' J\'ai participé au projet dans le groupe de musique avec Francisco, Arno et Cédric.\r\nJ\'ai joué de la basse dans le groupe et j\'ai aidé a tournée le clip à Bruxelles et a faire le montage.\r\nJ\'ai fais mes premiers pas dans la musique en apprenant la basse avec l\'aide de Francisco.\r\nPour pouvoir être au niveau des autres avec la basse j\'ai dû répéter tout les jours chez moi.', '2016-05-24 13:55:10', 12),
(30839, 224, 24, 'Les grands texte afficher sur les murs, parce qu\'il dénonçait le système capitalisme dans lequel nous vivons, aussi bien ses défauts que ses qualités.', '2016-05-24 13:55:10', 13),
(30840, 224, 55, 'J\'aimerais refaire de meilleur plan pour rendre le montage plus fluide, améliorer la qualité de l\'image (suppression du grain) et surtout faire un décors', '2017-02-16 14:43:29', 5),
(30841, 224, 17, 'La plus grosse difficulté était la coordination des clônes et leurs plaçage pour qu\'ils ne se touchent pas entre eux.', '2016-06-14 08:56:16', 1);
INSERT INTO `self_assessment_answer` (`id`, `student_id`, `project_id`, `answer`, `datetime`, `self_assessment_question_id`) VALUES
(30842, 224, 17, 'Acteur pendant presque tout le tournage, mais au final, William ma remplacer sauf pour la fin du court métrage.\r\nSinon j\'étais caméraman et j\'ai aider pour le cadrage et la direction des acteurs.', '2016-06-14 08:56:16', 4),
(30843, 224, 17, 'Ajouter plus de clônes sur le dernier plan,marquer une petite pause sur Nicolas et William avant de mettre le pierre papier ciseaux, retravailler les voix en studio son et retravailler le cadrage de certain plan.', '2016-06-14 08:56:16', 5),
(30844, 224, 70, 'Je suis assez content de mon panoramique 180 (sauf pour la qualité de l\'image) et justement l\'inverse pour le travelling, je trouve que l\'image est bien mais le mouvement n\'est pas super.', '2017-06-14 09:25:00', 16),
(30845, 224, 70, 'Je suis assez content de mon panoramique 180 (sauf pour la qualité de l\'image) et justement l\'inverse pour le travelling, je trouve que l\'image est bien mais le mouvement n\'est pas super.', '2017-06-14 09:25:00', 16),
(30846, 224, 70, 'Je suis assez content de mon panoramique 180 (sauf pour la qualité de l\'image) et justement l\'inverse pour le travelling, je trouve que l\'image est bien mais le mouvement n\'est pas super.', '2017-06-14 09:25:00', 16),
(30847, 224, 70, 'Je suis assez content de mon panoramique 180 (sauf pour la qualité de l\'image) et justement l\'inverse pour le travelling, je trouve que l\'image est bien mais le mouvement n\'est pas super.', '2017-06-14 09:25:00', 16),
(30848, 224, 32, 'Je me renseignerais plus sur le film et je le regarderais une fois de plus pour mieux voir les détails.\r\nJ\'analyserais mieux le film. ', '2016-10-04 12:32:06', 5),
(30849, 224, 74, '3, je dois retravailler mes travelling', '2017-09-18 09:51:32', 21),
(30850, 224, 39, 'Le travelling a retravailler et le noir et blanc a doser', '2016-10-27 12:25:45', 5),
(30851, 224, 39, 'Le travelling a retravailler et le noir et blanc a doser', '2016-10-27 12:25:45', 5),
(30852, 232, 91, 'Moins de flou, plus de nette.', '2017-10-16 07:42:52', 5),
(30853, 232, 91, 'Ambiance du soir.', '2017-10-16 07:42:52', 22),
(30854, 232, 91, 'Moins de flou, plus de nette.', '2017-10-16 07:42:52', 5),
(30855, 232, 91, 'Ambiance du soir.', '2017-10-16 07:42:52', 22),
(30856, 232, 91, 'Moins de flou, plus de nette.', '2017-10-16 07:42:53', 5),
(30857, 232, 91, 'Ambiance du soir.', '2017-10-16 07:42:53', 22),
(30858, 232, 91, 'Moins de flou, plus de nette.', '2017-10-16 07:42:53', 5),
(30859, 232, 91, 'Ambiance du soir.', '2017-10-16 07:42:53', 22),
(30860, 232, 45, 'Les difficultés étaient de corriger toute les petites tâches sur l\'appareil photo directement sur photoshop...', '2016-12-06 13:55:40', 1),
(30861, 232, 45, 'Je prendrais un objet avec moins de reflets.', '2016-12-06 13:55:40', 5),
(30862, 232, 103, 'Gérer les ombres et la luminositée.', '2018-02-02 15:13:12', 1),
(30863, 232, 103, '', '2018-02-02 15:13:12', 5),
(30864, 232, 107, 'Quand j\'ai prise la photo elle était nette, mais sur le pc elle a perdu en qualitée.  ', '2017-12-11 10:23:46', 16),
(30865, 232, 125, '', '2018-06-08 14:52:59', 16),
(30866, 232, 27, 'Construire une maquette de soucoupe volante', '2016-05-19 09:45:36', 5),
(30867, 232, 27, 'OVNI', '2016-05-19 09:45:36', 8),
(30868, 232, 27, 'J\'ai accroché un chapeau à une canne à pêche puis j\'ai pris un témoin.  ', '2016-05-19 09:45:36', 9),
(30869, 232, 19, 'J\'améliorerai la qualité des photos.', '2016-05-26 07:24:48', 5),
(30870, 232, 19, 'Jarod, Laurent, Mr. Hélin et moi même.', '2016-05-26 07:24:48', 6),
(30871, 232, 19, 'PANORAMA', '2016-05-26 07:24:48', 8),
(30872, 232, 19, 'J\'ai pris une photo et un point de repère et j\'ai pris une photo. Ensuite j\'ai décalé l\'appareil jusqu\'à mon point de repère et j\'ai recommencer cette opération jusque que quand j\'ai fait un 360°\r\n\r\n\r\n\r\n\r\n\r\n\r\n\r\n\r\n\r\n\r\n\r\n\r\n\r\n\r\n\r\n\r\n\r\n\r\n\r\n\r\n\r\n\r\n\r\n\r\n\r\n\r\n\r\n\r\n\r\n\r\n\r\n\r\n\r\n\r\n\r\n\r\n\r\n\r\n\r\n\r\n\r\n\r\n\r\n\r\n\r\n\r\n\r\n\r\n\r\n\r\n\r\n\r\n\r\n\r\n\r\n\r\n\r\n\r\n\r\n\r\n\r\n\r\n\r\n\r\n\r\n\r\n\r\n\r\n\r\n\r\n\r\n\r\n\r\n\r\n\r\n\r\n\r\n\r\n\r\n\r\n\r\n\r\n\r\n\r\n\r\n\r\n\r\n\r\n\r\n\r\n\r\n\r\n\r\n\r\n\r\n\r\n\r\n\r\n\r\n\r\n\r\n\r\n\r\n\r\n\r\n\r\n\r\n\r\n\r\n\r\n\r\n\r\n\r\n\r\n\r\n', '2016-05-26 07:24:48', 9),
(30873, 232, 26, 'Je rendrai encore plus flou mon modèle.  ', '2016-06-02 09:17:30', 5),
(30874, 232, 26, 'Fantôme', '2016-06-02 09:17:30', 8),
(30875, 232, 26, 'Manon a bouger son corps le plus vite possible pour que quand on prend la photo elle soit flou t donne comme une illusion de fantôme.', '2016-06-02 09:17:30', 9),
(30876, 232, 28, 'j\'ai pris plusieurs photos de Jarod mais je ne deplacais pas mon appareil. Seul Jarod était en mouvement ce qui donne une illusion de déplacement.', '2016-06-09 08:33:54', 14),
(30877, 232, 28, 'j\'ai pris plusieurs photos de Jarod mais je ne deplacais pas mon appareil. Seul Jarod était en mouvement ce qui donne une illusion de déplacement.', '2016-06-09 08:33:56', 14),
(30878, 232, 28, 'j\'ai pris plusieurs photos de Jarod mais je ne deplacais pas mon appareil. Seul Jarod était en mouvement ce qui donne une illusion de déplacement.', '2016-06-09 08:33:57', 14),
(30879, 232, 30, 'J\'amélirerai le cadarge et les reflets.', '2016-06-16 09:57:36', 5),
(30880, 232, 35, 'De ne pas voir la main d\'Antoine sur la photo.', '2016-09-23 12:11:13', 1),
(30881, 232, 35, 'A bien cadrer son modèle.', '2016-09-23 12:11:13', 2),
(30882, 232, 78, '', '2017-09-15 13:19:19', 5),
(30883, 232, 78, '', '2017-09-15 13:19:19', 14),
(30884, 235, 107, 'Mouahahaha', '2017-12-10 22:37:26', 16),
(30885, 235, 57, 'que mes élèves n\'utilisaient pas de manière optimisée Première (écoute de tous les extraits, etc), et que donc, ils perdaient beaucoup de temps.', '2017-02-10 14:27:25', 2),
(30886, 235, 57, 'Donner de petits conseils pour aller plus vite.', '2017-02-10 14:27:25', 5),
(30887, 235, 59, 'non', '2017-03-22 15:33:43', 16),
(30888, 235, 105, 'nn', '2017-12-18 07:19:00', 16),
(30889, 235, 141, '-', '2018-09-13 11:27:49', 16),
(30890, 235, 166, '', '2018-12-12 11:49:45', 16),
(30891, 235, 146, 'test', '2018-10-09 09:51:40', 1),
(30892, 235, 146, 'test', '2018-10-09 09:51:40', 1),
(30893, 235, 146, 'test', '2018-10-09 09:51:40', 1),
(30894, 235, 146, 'test', '2018-10-09 09:51:40', 1),
(30895, 235, 146, 'test', '2018-10-09 09:51:40', 1),
(30896, 235, 146, 'test', '2018-10-09 09:51:40', 1),
(30897, 235, 146, 'test', '2018-10-09 09:51:40', 1),
(30898, 235, 146, 'test', '2018-10-09 09:51:40', 1),
(30899, 235, 146, 'test', '2018-10-09 09:51:40', 1),
(30900, 235, 146, 'test', '2018-10-09 09:51:40', 1),
(30901, 235, 146, 'test', '2018-10-09 09:51:39', 1),
(30902, 235, 146, 'test', '2018-10-09 09:51:39', 1),
(30903, 235, 146, 'test', '2018-10-09 09:51:39', 1),
(30904, 235, 146, 'test', '2018-10-09 09:51:39', 1),
(30905, 235, 146, 'test', '2018-10-09 09:51:39', 1),
(30906, 235, 146, 'test', '2018-10-09 09:51:39', 1),
(30907, 235, 146, 'test', '2018-10-09 09:51:39', 1),
(30908, 235, 146, 'test', '2018-10-09 09:51:39', 1),
(30909, 235, 146, 'test', '2018-10-09 09:51:39', 1),
(30910, 235, 146, 'test', '2018-10-09 09:51:39', 1),
(30911, 235, 146, 'test', '2018-10-09 09:51:40', 1),
(30912, 235, 146, 'test', '2018-10-09 09:51:40', 1),
(30913, 235, 146, 'test', '2018-10-09 09:51:40', 1),
(30914, 235, 146, 'test', '2018-10-09 09:51:40', 1),
(30915, 235, 146, 'test', '2018-10-09 09:51:40', 1),
(30916, 236, 46, 'Trop stresser et mauvaise options changer par inadvertence \r\n', '2016-12-13 09:44:45', 16),
(30917, 236, 46, 'Trop stresser et mauvaise options changer par inadvertence \r\n', '2016-12-13 09:44:47', 16),
(30918, 236, 49, 'je ne sais pas , ah si améliorer la lumière ', '2017-01-19 10:00:23', 5),
(30919, 236, 49, 'appareil photo et lumière ', '2017-01-19 10:00:23', 9),
(30920, 236, 52, 'Faire plus de photos pour améliorer les photos ', '2017-01-26 09:04:00', 5),
(30921, 236, 52, 'Antoine d\'hainaut ', '2017-01-26 09:04:00', 6),
(30922, 236, 52, 'Panorama de 180°', '2017-01-26 09:04:00', 8),
(30923, 236, 52, 'Faire une nouvelle photo en gardant une prise de la précédente ', '2017-01-26 09:04:00', 9),
(30924, 236, 54, 'mieux utiliser l\'appareil photo', '2017-02-02 09:22:37', 5),
(30925, 236, 54, 'Antoine D\'hainaut', '2017-02-02 09:22:37', 6),
(30926, 236, 54, 'L\'ovni', '2017-02-02 09:22:37', 8),
(30927, 236, 62, 'spot avec parapluie ', '2017-04-27 09:15:11', 3),
(30928, 236, 62, 'mieux cadrer ', '2017-04-27 09:15:11', 16),
(30929, 236, 62, 'modèle agressif , mais avec un côter tendre à la fois ', '2017-04-27 09:15:11', 18),
(30930, 236, 58, 'Prendre plus de photos pour avoir un plan de secours de A à Z &lt;br/&gt;Mieux cadrer , plus de précision dans le travail &lt;br/&gt;', '2017-04-20 08:36:23', 5),
(30931, 236, 58, 'Prendre plus de photos pour avoir un plan de secours de A à Z &lt;br/&gt;Mieux cadrer , plus de précision dans le travail &lt;br/&gt;', '2017-04-20 08:36:23', 5),
(30932, 236, 58, 'Prendre plus de photos pour avoir un plan de secours de A à Z &lt;br/&gt;Mieux cadrer , plus de précision dans le travail &lt;br/&gt;', '2017-04-20 08:36:24', 5),
(30933, 236, 58, 'Prendre plus de photos pour avoir un plan de secours de A à Z &lt;br/&gt;Mieux cadrer , plus de précision dans le travail &lt;br/&gt;', '2017-04-20 08:36:24', 5),
(30934, 236, 72, 'mauvaise prise en main de l\'appareil photo .&lt;br/&gt;Trop de stress ', '2017-06-21 10:28:06', 16),
(30935, 236, 72, 'mauvaise prise en main de l\'appareil photo .&lt;br/&gt;Trop de stress ', '2017-06-21 10:28:06', 16),
(30936, 236, 72, 'mauvaise prise en main de l\'appareil photo .&lt;br/&gt;Trop de stress ', '2017-06-21 10:28:07', 16),
(30937, 236, 72, 'mauvaise prise en main de l\'appareil photo .&lt;br/&gt;Trop de stress ', '2017-06-21 10:28:07', 16),
(30938, 236, 31, 'améliorer le travail , pour les cours prochains ', '2016-10-06 09:52:28', 5),
(30939, 236, 31, 'améliorer le travail , pour les cours prochains ', '2016-10-06 09:52:29', 5),
(30940, 236, 37, 'Comment faire des temps de pose très court . Sympa ;) ', '2016-10-13 09:03:35', 2),
(30941, 236, 41, 'je dessine trop ce que j\'interprête et non ce que je vois \r\n', '2016-11-10 08:09:35', 1),
(30942, 236, 42, 'Pour la prochaine fois , plus de précision , et s\'améliorer \r\n', '2016-11-17 08:16:06', 5),
(30943, 237, 91, 'mettre des objet de decord', '2017-10-16 07:42:19', 5),
(30944, 237, 91, 'ambiance de nuit avec des led ', '2017-10-16 07:42:19', 22),
(30945, 237, 91, 'mettre des objet de decord', '2017-10-16 07:42:19', 5),
(30946, 237, 91, 'ambiance de nuit avec des led ', '2017-10-16 07:42:19', 22),
(30947, 237, 46, 'etre plus rapide', '2016-12-13 09:52:37', 16),
(30948, 237, 46, 'etre plus rapide', '2016-12-13 09:52:38', 16),
(30949, 237, 49, 'plus de luminosité', '2017-01-19 09:59:46', 5),
(30950, 237, 49, 'avec l\'effet commen dans spiderman', '2017-01-19 09:59:46', 9),
(30951, 237, 52, 'faire plus de photos', '2017-01-26 09:00:49', 5),
(30952, 237, 52, 'Thomas', '2017-01-26 09:00:49', 6),
(30953, 237, 52, 'L\'ovni', '2017-01-26 09:00:49', 8),
(30954, 237, 52, 'lancé &quot;l\'ovni&quot; dans les air', '2017-01-26 09:00:49', 9),
(30955, 237, 132, 'le mixage audio de une musique ', '2018-06-05 08:43:15', 2),
(30956, 237, 95, '', '2017-10-27 14:09:08', 5),
(30957, 237, 95, '', '2017-10-27 14:09:08', 22),
(30958, 237, 103, 'corriger la photo dans ligthrom', '2018-02-23 15:42:45', 1),
(30959, 237, 103, 'avoir une meilleur mise au point j\'aurais bien voulus que ce soi plus précis', '2018-02-23 15:42:45', 5),
(30960, 237, 54, 'moin de photo (j\'ai pris trop de photo)', '2017-02-02 09:18:16', 5),
(30961, 237, 54, 'Thomas Cuvelier', '2017-02-02 09:18:16', 6),
(30962, 237, 54, 'Panorama', '2017-02-02 09:18:16', 8),
(30963, 237, 107, 'je suis trop rapide ', '2017-12-11 11:47:21', 16),
(30964, 237, 56, 'aaa', '2017-02-23 10:00:43', 5),
(30965, 237, 56, 'aa', '2017-02-23 10:00:43', 6),
(30966, 237, 56, 'aaa', '2017-02-23 10:00:43', 8),
(30967, 237, 125, 'avoir plus de technique personnel j\'ai beaucoup galéré', '2018-06-08 15:59:55', 16),
(30968, 237, 62, 'peluche', '2017-04-20 08:04:17', 3),
(30969, 237, 62, 'non', '2017-04-20 08:04:17', 16),
(30970, 237, 62, 'car il est timide en vers les fille et qu\'il est doux', '2017-04-20 08:04:17', 18),
(30971, 237, 207, 'Connaître mieux le clap comme le clap (retake)', '2019-12-16 10:26:21', 16),
(30972, 237, 166, 'j\'aurais du mieux faire la mise au point sur mon deuxieme plans et mieux connaitre la balance des blancs', '2018-12-12 11:43:50', 16),
(30973, 237, 72, 'fair un font plus noir', '2017-06-21 10:05:34', 16),
(30974, 237, 72, 'fair un font plus noir', '2017-06-21 10:05:34', 16),
(30975, 237, 72, 'fair un font plus noir', '2017-06-21 10:05:35', 16),
(30976, 237, 72, 'fair un font plus noir', '2017-06-21 10:05:35', 16),
(30977, 237, 31, 'que on s\'ecoute plus quand on parle entre nous', '2016-10-06 09:50:02', 5),
(30978, 237, 31, 'que on s\'ecoute plus quand on parle entre nous', '2016-10-06 09:50:03', 5),
(30979, 237, 37, 'Les temps de pose , comment faire une photo de levitation', '2016-10-13 09:06:39', 2),
(30980, 237, 121, 'https://www.youtube.com/watch?v=yOEe1uzurKo : Intro McGyver', '2018-03-13 09:44:24', 23),
(30981, 237, 78, 'je sais pas', '2017-09-22 13:39:00', 5),
(30982, 237, 78, 'j\'ai fait le focus manuellement', '2017-09-22 13:39:00', 14),
(30983, 237, 73, '3&lt;br/&gt;', '2017-09-22 13:41:03', 20),
(30984, 237, 41, 'utiliser un feutre noir', '2016-11-10 08:01:10', 1),
(30985, 237, 126, 'trouvé les different &quot;sound effects&quot;, et le temps', '2018-03-23 16:07:44', 1),
(30986, 237, 126, 'le montage video sur premiere pro ', '2018-03-23 16:07:44', 2),
(30987, 237, 126, 'mettre plus de son different et avoir un plus long projet ', '2018-03-23 16:07:44', 5),
(30988, 237, 210, 'Montage, Absent le jour du tournage', '2020-03-03 11:13:23', 4),
(30989, 237, 210, 'Rajouter d\'autre petit effets', '2020-03-03 11:13:23', 5),
(30990, 237, 42, 'j\'aurai voulus fair comme les personnes avec le mec qui se tien a l\'arbre ', '2016-11-10 09:56:44', 5),
(30991, 237, 212, 'J\'ai aidée à choisir le cadre,à faire l\'orage et j\'ai rec le plan ', '2020-03-03 13:43:31', 4),
(30992, 237, 212, 'avoir quelque effets plus réaliste dans le son et image&lt;br/&gt;', '2020-03-03 13:43:31', 5),
(30993, 237, 211, 'mise en place du fond vert et éclairage', '2020-03-03 14:11:17', 4),
(30994, 237, 211, 'travaillé mieux le fond vert avec une image donné', '2020-03-03 14:11:17', 5),
(30995, 237, 82, '', '2017-09-29 14:09:46', 5),
(30996, 237, 82, '', '2017-09-29 14:09:46', 22),
(30997, 237, 90, 'fair l\'autre photo', '2017-10-06 14:06:33', 5),
(30998, 237, 90, 'petit matin', '2017-10-06 14:06:33', 22),
(30999, 237, 90, 'fair l\'autre photo', '2017-10-06 14:06:33', 5),
(31000, 237, 90, 'petit matin', '2017-10-06 14:06:33', 22),
(31001, 237, 90, 'fair l\'autre photo', '2017-10-06 14:06:34', 5),
(31002, 237, 90, 'petit matin', '2017-10-06 14:06:34', 22),
(31003, 237, 90, 'fair l\'autre photo', '2017-10-06 14:06:34', 5),
(31004, 237, 90, 'petit matin', '2017-10-06 14:06:34', 22),
(31005, 237, 91, 'mettre des objet de decord', '2017-10-16 07:42:18', 5),
(31006, 237, 91, 'ambiance de nuit avec des led ', '2017-10-16 07:42:18', 22),
(31007, 237, 91, 'mettre des objet de decord', '2017-10-16 07:42:18', 5),
(31008, 237, 91, 'ambiance de nuit avec des led ', '2017-10-16 07:42:18', 22),
(31009, 238, 91, 'ajouter un autre filtre pour rendre la lumière plus naturelle.', '2017-10-16 07:47:12', 5),
(31010, 238, 91, 'Néon', '2017-10-16 07:47:12', 22),
(31011, 238, 91, 'ajouter un autre filtre pour rendre la lumière plus naturelle.', '2017-10-16 07:47:12', 5),
(31012, 238, 91, 'Néon', '2017-10-16 07:47:12', 22),
(31013, 238, 91, 'ajouter un autre filtre pour rendre la lumière plus naturelle.', '2017-10-16 07:47:13', 5),
(31014, 238, 91, 'Néon', '2017-10-16 07:47:13', 22),
(31015, 238, 91, 'ajouter un autre filtre pour rendre la lumière plus naturelle.', '2017-10-16 07:47:13', 5),
(31016, 238, 91, 'Néon', '2017-10-16 07:47:13', 22),
(31017, 238, 46, 'C\'était assez chouète à faire, sinon rien d\'autre à dire.', '2016-12-13 10:28:51', 16),
(31018, 238, 46, 'C\'était assez chouète à faire, sinon rien d\'autre à dire.', '2016-12-13 10:28:52', 16),
(31019, 238, 52, 'ameliorer l\'eclairage', '2017-01-26 09:02:52', 5),
(31020, 238, 52, 'camilo escobedo', '2017-01-26 09:02:52', 6),
(31021, 238, 52, 'clones', '2017-01-26 09:02:52', 8),
(31022, 238, 52, '3 photos differentes en gardant l\'apareil a la meme place', '2017-01-26 09:02:52', 9),
(31023, 238, 95, 't', '2017-10-27 14:12:26', 5),
(31024, 238, 95, 't', '2017-10-27 14:12:26', 22),
(31025, 238, 107, 'Aucun commentaire plus ou moins satisfait.', '2017-12-11 10:46:39', 16),
(31026, 238, 125, 't', '2018-06-08 14:52:35', 16),
(31027, 238, 133, 'mêtre la musique en arrière.', '2018-06-08 14:54:18', 5),
(31028, 238, 207, '', '2019-12-16 10:57:58', 16),
(31029, 238, 58, 'Retravailler l\'éclairage.', '2017-04-20 08:37:10', 5),
(31030, 238, 58, 'Retravailler l\'éclairage.', '2017-04-20 08:37:10', 5),
(31031, 238, 58, 'Retravailler l\'éclairage.', '2017-04-20 08:37:10', 5),
(31032, 238, 58, 'Retravailler l\'éclairage.', '2017-04-20 08:37:10', 5),
(31033, 238, 62, 'Le mot &quot;DJ&quot;.', '2017-04-20 09:51:22', 3),
(31034, 238, 62, 'C\'était amusant à faire.&lt;br/&gt;&lt;br/&gt;', '2017-04-20 09:51:22', 16),
(31035, 238, 62, '1. Pour le mettre dans l\'univers de la musique, comme si il était sur une table de mixage.&lt;br/&gt;2. Cadre rapprocher.&lt;br/&gt;3. exposition faible.&lt;br/&gt;4. Un projecteur ( équiper d\'un parapluie) , un être humain,  un casque, une canon EOS 3200, un triepieds, carte SD.', '2017-04-20 09:51:22', 18),
(31036, 238, 143, 'hehehe', '2018-09-14 16:15:51', 5),
(31037, 238, 166, 'The first shot was fine, but the second one is a bit messed up due to the fact that the angle I chose was not the best according to that 180° rule :)&lt;br/&gt;Precision wasn\'t mentionned though so it should be fine, still respected it :p&lt;br/&gt;', '2018-12-12 11:59:10', 16),
(31038, 238, 72, 'mise à part que cela n\'est pas très bien réussi, non n\'ai rien d\'autre à dire.', '2017-06-21 08:56:57', 16),
(31039, 238, 73, '3,5 ', '2017-09-15 13:27:12', 20),
(31040, 238, 31, 'Ajuster la précision dans le travail, \r\nContrôler son temps pour éviter d\'en perdre.', '2016-10-06 09:51:02', 5),
(31041, 238, 31, 'Ajuster la précision dans le travail, \r\nContrôler son temps pour éviter d\'en perdre.', '2016-10-06 09:51:03', 5),
(31042, 238, 37, 'Prise de temps pause', '2016-10-13 09:07:56', 2),
(31043, 238, 210, 'Bon travail, tous le monde a participer :)', '2020-03-03 09:32:31', 4),
(31044, 238, 210, 'Passer plus de temps dessu', '2020-03-03 09:32:31', 5),
(31045, 238, 211, 'Tous le monde a participer.', '2020-03-03 10:24:54', 4),
(31046, 238, 211, 'Utilisez une meilleur camera ou améliorer ma technique de travail.', '2020-03-03 10:24:54', 5),
(31047, 238, 126, 't', '2018-03-23 16:11:58', 1),
(31048, 238, 126, 't', '2018-03-23 16:11:58', 2),
(31049, 238, 126, 't', '2018-03-23 16:11:58', 5),
(31050, 238, 41, 'Aucune difficultés.', '2016-11-10 08:11:09', 1),
(31051, 238, 42, 'meilleur prise de vue\r\n', '2016-11-10 09:56:49', 5),
(31052, 238, 213, 'Bon travail de groupe.', '2020-03-04 11:34:52', 4),
(31053, 238, 213, 'Concevoir plus de plan.', '2020-03-04 11:34:52', 5),
(31054, 238, 82, 'gt', '2017-09-29 14:09:33', 5),
(31055, 238, 82, 't', '2017-09-29 14:09:33', 22),
(31056, 239, 91, 'Faudrait que j\'assombrise le studio .', '2017-10-16 07:44:42', 5),
(31057, 239, 91, 'néon &lt;br/&gt;', '2017-10-16 07:44:42', 22),
(31058, 239, 91, 'Faudrait que j\'assombrise le studio .', '2017-10-16 07:44:42', 5),
(31059, 239, 91, 'néon &lt;br/&gt;', '2017-10-16 07:44:42', 22),
(31060, 239, 91, 'Faudrait que j\'assombrise le studio .', '2017-10-16 07:44:43', 5),
(31061, 239, 91, 'néon &lt;br/&gt;', '2017-10-16 07:44:43', 22),
(31062, 239, 91, 'Faudrait que j\'assombrise le studio .', '2017-10-16 07:44:43', 5),
(31063, 239, 91, 'néon &lt;br/&gt;', '2017-10-16 07:44:43', 22),
(31064, 239, 125, 'pas vraiment', '2018-05-29 09:11:14', 16),
(31065, 239, 46, 'beaucoup trop de stresse !!\r\n', '2016-12-13 10:36:07', 16),
(31066, 239, 133, 'un meilleur sénario', '2018-05-29 09:12:12', 5),
(31067, 239, 46, 'beaucoup trop de stresse !!\r\n', '2016-12-13 10:36:08', 16),
(31068, 239, 49, 'Rien à re dire .', '2017-01-12 10:03:46', 5),
(31069, 239, 49, 'Avec les objets à disposition .', '2017-01-12 10:03:46', 9),
(31070, 239, 52, 'Sabot svp...\r\nil en faut plus.', '2017-01-26 09:05:13', 5),
(31071, 239, 52, 'simon', '2017-01-26 09:05:13', 6),
(31072, 239, 52, 'Clone', '2017-01-26 09:05:13', 8),
(31073, 239, 52, 'Photoshop ', '2017-01-26 09:05:13', 9),
(31074, 239, 103, 'Les reflets sur le bas de la montre.', '2018-02-23 15:46:33', 1),
(31075, 239, 103, 'Rien de spécial.', '2018-02-23 15:46:33', 5),
(31076, 239, 54, 'Un endroit où personnes n\'y travail.', '2017-02-02 09:49:22', 5),
(31077, 239, 54, 'Simon', '2017-02-02 09:49:22', 6),
(31078, 239, 54, 'Panorama', '2017-02-02 09:49:22', 8),
(31079, 239, 56, 'rien à dire', '2017-02-09 09:00:12', 5),
(31080, 239, 56, 'thomas et simon', '2017-02-09 09:00:12', 6),
(31081, 239, 56, 'fantomes', '2017-02-09 09:00:12', 8),
(31082, 239, 107, '5 Min je trouve que c\'est un peux court...', '2017-12-11 10:04:08', 16),
(31083, 239, 128, 'Sérieux.', '2018-06-08 15:02:39', 3),
(31084, 239, 128, 'C\'est compliqué.', '2018-06-08 15:02:39', 16),
(31085, 239, 128, '', '2018-06-08 15:02:39', 18),
(31086, 239, 132, 'Que je veux vraiment faire ç a plus tard&lt;br/&gt;', '2018-06-08 16:04:29', 2),
(31087, 239, 62, 'l\'infographie', '2017-04-27 08:57:29', 3),
(31088, 239, 62, 'non&lt;br/&gt;', '2017-04-27 08:57:29', 16),
(31089, 239, 62, 'Pour que mon model, soit en valeur par rapport à se qu\'il aime dans la section  Audiovisuel', '2017-04-27 08:57:29', 18),
(31090, 239, 58, 'rien de spécial ', '2017-04-20 08:36:10', 5),
(31091, 239, 58, 'rien de spécial ', '2017-04-20 08:36:10', 5),
(31092, 239, 58, 'rien de spécial ', '2017-04-20 08:36:10', 5),
(31093, 239, 58, 'rien de spécial ', '2017-04-20 08:36:10', 5),
(31094, 239, 207, '', '2019-12-16 10:20:17', 16),
(31095, 239, 166, 'Non pas vraiment.', '2018-12-12 12:21:54', 16),
(31096, 239, 72, 'OUI, Les mandarinnes après utilisation c\'est très très chaud!!!!!', '2017-06-21 09:18:49', 16),
(31097, 239, 72, 'OUI, Les mandarinnes après utilisation c\'est très très chaud!!!!!', '2017-06-21 09:18:49', 16),
(31098, 239, 72, 'OUI, Les mandarinnes après utilisation c\'est très très chaud!!!!!', '2017-06-21 09:18:51', 16),
(31099, 239, 72, 'OUI, Les mandarinnes après utilisation c\'est très très chaud!!!!!', '2017-06-21 09:18:51', 16),
(31100, 239, 31, 'La communication doit s’améliorer avec tout le monde ( sauf Jarod ).\r\n', '2016-10-06 09:45:34', 5),
(31101, 239, 31, 'La communication doit s’améliorer avec tout le monde ( sauf Jarod ).\r\n', '2016-10-06 09:45:35', 5),
(31102, 239, 112, 'Le temps à cause d\'une absence.', '2018-02-27 09:14:39', 1),
(31103, 239, 112, 'Que le temps c\'est important', '2018-02-27 09:14:39', 2),
(31104, 239, 112, '1; je savais pas comment faire &lt;br/&gt;', '2018-02-27 09:14:39', 19),
(31105, 239, 37, 'rien à dire\r\n', '2016-10-13 09:03:33', 2),
(31106, 239, 212, 'Je me suis occupé des flash et de faire sauter les plombs.', '2020-03-03 10:00:20', 4),
(31107, 239, 212, 'On aurait dû capter le son ambiant et durant le tournage.', '2020-03-03 10:00:20', 5),
(31108, 239, 210, 'Les objets qui tombent. ', '2020-03-03 10:38:18', 4),
(31109, 239, 210, '', '2020-03-03 10:38:18', 5),
(31110, 239, 73, '3.&lt;br/&gt;', '2017-09-22 13:27:51', 20),
(31111, 239, 78, 'Rien tout étais bon.', '2017-09-22 13:49:01', 5),
(31112, 239, 78, 'Montrer la folie de louis. &lt;br/&gt;Et le rendre un peux plus mystèrieux.', '2017-09-22 13:49:01', 14),
(31113, 239, 41, 'Rien à redire .', '2016-11-10 08:02:21', 1),
(31114, 239, 126, 'Je connait pas du tout le logiciel. merci louis', '2018-03-23 16:12:10', 1),
(31115, 239, 126, 'c\'est plus dur que se que je pensai', '2018-03-23 16:12:10', 2),
(31116, 239, 126, '', '2018-03-23 16:12:10', 5),
(31117, 239, 42, 'je sais pas', '2016-11-10 09:53:57', 5),
(31118, 239, 213, 'Acteur', '2020-03-03 13:38:45', 4),
(31119, 239, 213, '', '2020-03-03 13:38:45', 5),
(31120, 239, 82, 'J\'ajouterai un vrai frigo.', '2017-10-06 14:04:03', 5),
(31121, 239, 82, 'Frigo ', '2017-10-06 14:04:03', 22),
(31122, 240, 91, 'focus', '2017-10-16 07:44:40', 5),
(31123, 240, 91, 'neon', '2017-10-16 07:44:40', 22),
(31124, 240, 91, 'focus', '2017-10-16 07:44:40', 5),
(31125, 240, 91, 'neon', '2017-10-16 07:44:40', 22),
(31126, 240, 91, 'focus', '2017-10-16 07:44:42', 5),
(31127, 240, 91, 'neon', '2017-10-16 07:44:42', 22),
(31128, 240, 91, 'focus', '2017-10-16 07:44:42', 5),
(31129, 240, 91, 'neon', '2017-10-16 07:44:42', 22),
(31130, 240, 46, 'ameliorer la stabilité\r\n', '2016-12-13 10:00:51', 16),
(31131, 240, 46, 'ameliorer la stabilité\r\n', '2016-12-13 10:00:52', 16),
(31132, 240, 126, 'connaissance du logiciel et de la table de mixage', '2018-05-29 09:04:36', 1),
(31133, 240, 126, 'l\'utilisation approximative de la table de mixage', '2018-05-29 09:04:36', 2),
(31134, 240, 126, 'plus de temps pour mieux perfectionner', '2018-05-29 09:04:36', 5),
(31135, 240, 49, 'm\'entrainer', '2017-01-12 08:47:57', 5),
(31136, 240, 49, 'avec des accessoir a disposition', '2017-01-12 08:47:57', 9),
(31137, 240, 52, 'ameliorer l\'eclairage', '2017-01-26 09:01:17', 5),
(31138, 240, 52, 'stephane novak', '2017-01-26 09:01:17', 6),
(31139, 240, 52, 'clones', '2017-01-26 09:01:17', 8),
(31140, 240, 52, '3 photos en differentes positions sans bouger l\'appareil', '2017-01-26 09:01:17', 9),
(31141, 240, 132, 'a avoir une critique sur le son ', '2018-06-05 09:12:50', 2),
(31142, 240, 103, 'trouver les bons reglages ', '2017-11-28 08:49:01', 1),
(31143, 240, 103, 'je ne sais pas', '2017-11-28 08:49:01', 5),
(31144, 240, 56, 'rien', '2017-02-09 09:01:04', 5),
(31145, 240, 56, 'stephan', '2017-02-09 09:01:04', 6),
(31146, 240, 56, 'panorama', '2017-02-09 09:01:04', 8),
(31147, 240, 107, 'non pas specialement', '2017-12-11 09:51:25', 16),
(31148, 240, 54, 'etre plus précis ', '2017-02-23 09:50:05', 5),
(31149, 240, 54, 'stephane novak', '2017-02-23 09:50:05', 6),
(31150, 240, 54, 'l\'histoire en 5 images', '2017-02-23 09:50:05', 8),
(31151, 240, 128, 'x-men', '2018-06-08 15:25:22', 3),
(31152, 240, 128, 'nope', '2018-06-08 15:25:22', 16),
(31153, 240, 128, 'car ça apporte un coté intrigant et mystérieux a la fois', '2018-06-08 15:25:22', 18),
(31154, 240, 133, 'meilleur cadrage ', '2018-06-08 15:26:46', 5),
(31155, 240, 62, 'le son', '2017-04-27 09:01:45', 3),
(31156, 240, 62, 'non', '2017-04-27 09:01:45', 16),
(31157, 240, 62, 'pour mettre mon model en valeur et avec les accessoir on voit tres bien ce qu\'il aime faire dans le son', '2017-04-27 09:01:45', 18),
(31158, 240, 58, 'retravailler le cadre &lt;br/&gt;', '2017-04-20 08:36:43', 5),
(31159, 240, 58, 'retravailler le cadre &lt;br/&gt;', '2017-04-20 08:36:43', 5),
(31160, 240, 58, 'retravailler le cadre &lt;br/&gt;', '2017-04-20 08:36:43', 5),
(31161, 240, 58, 'retravailler le cadre &lt;br/&gt;', '2017-04-20 08:36:43', 5),
(31162, 240, 72, 'j\'ai stressé lors de l\'examen donc je commencais a avoir chaud et je n\'etais pas assez concenté,je m\'améliorerais l\'année prochaine&lt;br/&gt;', '2017-06-21 08:43:42', 16),
(31163, 240, 31, 'ameliorer la qualité\r\n', '2016-10-06 09:45:22', 5),
(31164, 240, 31, 'ameliorer la qualité\r\n', '2016-10-06 09:45:23', 5),
(31165, 240, 73, '4', '2017-09-15 13:46:46', 20),
(31166, 240, 112, 'le flou', '2018-02-27 09:17:12', 1),
(31167, 240, 112, 'comment creer un flou', '2018-02-27 09:17:12', 2),
(31168, 240, 112, ' rien', '2018-02-27 09:17:12', 19),
(31169, 240, 37, 'la prise de photo rapide', '2016-10-13 09:04:49', 2),
(31170, 240, 121, 'rick astley- never gonna give you up&lt;br/&gt;&lt;br/&gt;https://youtu.be/dQw4w9WgXcQ', '2018-03-13 09:57:42', 23),
(31171, 240, 78, 'je saispas', '2017-09-22 13:24:26', 5),
(31172, 240, 78, 'donner un aspect d\'enquete', '2017-09-22 13:24:26', 14),
(31173, 240, 41, 'aucune\r\n', '2016-11-10 08:03:45', 1),
(31174, 240, 42, 'entrainement\r\n', '2016-11-10 09:51:11', 5),
(31175, 240, 82, 'cadrer le plan grace ax ligne de l\'appareil photo', '2017-10-06 13:53:05', 5),
(31176, 240, 82, 'matin levé du soleil', '2017-10-06 13:53:05', 22),
(31177, 240, 90, 'cadrer le pan ', '2017-10-06 13:55:37', 5),
(31178, 240, 90, 'enfer et matin', '2017-10-06 13:55:37', 22),
(31179, 240, 90, 'cadrer le pan ', '2017-10-06 13:55:37', 5),
(31180, 240, 90, 'enfer et matin', '2017-10-06 13:55:37', 22),
(31181, 240, 90, 'cadrer le pan ', '2017-10-06 13:55:37', 5),
(31182, 240, 90, 'enfer et matin', '2017-10-06 13:55:37', 22),
(31183, 240, 90, 'cadrer le pan ', '2017-10-06 13:55:37', 5),
(31184, 240, 90, 'enfer et matin', '2017-10-06 13:55:37', 22),
(31185, 241, 45, 'Faire disparaître les ombres portées sur l\'appareil et l\'utilisation de la balance des blancs par rappport au fond.', '2016-12-06 13:46:20', 1),
(31186, 241, 45, 'Je nettoyerai encore plus l\'appareil.\r\nJ\'ai eu beaucoup de mal à nettoyer certains recoins de l\'appareil. L\'objet était énormément poussièreux.', '2016-12-06 13:46:20', 5),
(31187, 241, 80, 'la prise de son n\'était pas évidente à prendre.', '2017-10-19 09:08:25', 1),
(31188, 241, 80, 'le reglage des différents niveaux au montage.', '2017-10-19 09:08:25', 2),
(31189, 241, 92, 'le contraste avec la lumière interne et externe. Faire l\'égalisation des deux n\'est pas très évident.', '2017-10-19 09:33:36', 1),
(31190, 241, 92, 'j\'ai appris à régler les paramètres les plus imortants dans une caméra pour avoir la meilleure image possible.', '2017-10-19 09:33:36', 2),
(31191, 241, 130, 'Les journaux télévisés, les spectacles (one man show) ou encore certains concerts. En bref toutes les choses qu\'on ne peut refilmer car les actions se font en général qu\'une seule fois. On n\'a pas le droit à l\'erreur!', '2018-06-08 13:58:00', 24),
(31192, 241, 130, 'Trouver un point répère mais l\'utiliser par après n\'est pas très compliqué.&lt;br/&gt;', '2018-06-08 13:58:00', 25),
(31193, 241, 48, 'J\'aurais peut-être choisi un meilleur endroit pour la léviation car ce n\'était pas évident avec les branches à côté.', '2017-03-09 12:07:31', 5),
(31194, 241, 110, 'Pas spécialement non&lt;br/&gt;', '2017-12-18 12:25:46', 16),
(31195, 241, 61, 'L\'enregistrement des voix avec Florence et Lisa.', '2017-05-29 14:09:35', 1),
(31196, 241, 61, 'La difficulté de faire du doublage.', '2017-05-29 14:09:35', 2),
(31197, 241, 61, 'Aucun problème en particulier.', '2017-05-29 14:09:35', 19),
(31198, 241, 114, 'je travaillerais plus les ombres. je les ai un peu négligé dans ce tournage. &lt;br/&gt; ', '2018-02-23 14:01:22', 5),
(31199, 241, 76, 'Faire les 360° n\'est franchement pas facile.', '2017-09-19 10:39:42', 1),
(31200, 241, 76, 'Très modestement 3.', '2017-09-19 10:39:42', 21),
(31201, 241, 33, 'pas le temps', '2016-11-08 15:06:17', 5),
(31202, 241, 33, 'pas le temps dsl', '2016-11-08 15:06:17', 14),
(31203, 242, 91, 'les bandes noirs trop translucides', '2017-10-16 07:45:49', 5),
(31204, 242, 91, 'une ambiance un peut sombre avec néons rouge &lt;br/&gt;', '2017-10-16 07:45:49', 22),
(31205, 242, 91, 'les bandes noirs trop translucides', '2017-10-16 07:45:49', 5),
(31206, 242, 91, 'une ambiance un peut sombre avec néons rouge &lt;br/&gt;', '2017-10-16 07:45:49', 22),
(31207, 242, 91, 'les bandes noirs trop translucides', '2017-10-16 07:45:50', 5),
(31208, 242, 91, 'une ambiance un peut sombre avec néons rouge &lt;br/&gt;', '2017-10-16 07:45:50', 22),
(31209, 242, 91, 'les bandes noirs trop translucides', '2017-10-16 07:45:50', 5),
(31210, 242, 91, 'une ambiance un peut sombre avec néons rouge &lt;br/&gt;', '2017-10-16 07:45:50', 22),
(31211, 242, 45, 'le détourage sur photo shop', '2016-12-06 14:36:47', 1),
(31212, 242, 45, 'prendre de plus belles photos pour faciliter le travail sur photo shop', '2016-12-06 14:36:47', 5),
(31213, 242, 125, '', '2018-05-29 09:12:45', 16),
(31214, 242, 132, '', '2018-06-05 08:45:50', 2),
(31215, 242, 48, 'faire attention au détails car sur ma photo un pied du tabouret passait devant mon épaule \r\n', '2017-01-31 14:42:02', 5),
(31216, 242, 48, 'faire attention au détails car sur ma photo un pied du tabouret passait devant mon épaule \r\n', '2017-01-31 14:42:04', 5),
(31217, 242, 95, '', '2017-10-27 14:08:27', 5),
(31218, 242, 95, '', '2017-10-27 14:08:27', 22),
(31219, 242, 48, 'faire attention au détails car sur ma photo un pied du tabouret passait devant mon épaule \r\n', '2017-01-31 14:41:41', 5),
(31220, 242, 47, 'faire attention à ne pas trop bouger entre chaques poses\r\n', '2017-01-31 14:52:07', 5),
(31221, 242, 107, 'la prochaine fois je ne me tromperait pas car j\'ai fait un split à la place du ramblant&lt;br/&gt;', '2017-12-11 09:40:53', 16),
(31222, 242, 133, '', '2018-06-08 16:17:45', 5),
(31223, 242, 61, 'la modif des voix', '2017-05-30 14:08:18', 1),
(31224, 242, 61, 'le montage', '2017-05-30 14:08:18', 2),
(31225, 242, 61, 'le son', '2017-05-30 14:08:18', 19),
(31226, 242, 35, 'l\'instalation de la lumière ', '2016-09-23 12:12:59', 1),
(31227, 242, 35, 'la mise en place du setup', '2016-09-23 12:12:59', 2),
(31228, 242, 73, '4&lt;br/&gt;', '2017-09-15 13:25:22', 20),
(31229, 242, 78, 'connaître la personne', '2017-09-22 13:18:37', 5),
(31230, 242, 78, 'jouer avec la lumière sans sur exposition&lt;br/&gt; ', '2017-09-22 13:18:37', 14),
(31231, 242, 33, 'plus organisé dans mon travail', '2016-11-08 14:52:49', 5),
(31232, 242, 33, 'mon portrait à pour but de montrer plusieurs personnalitées d\'Antoine en une seule photo', '2016-11-08 14:52:49', 14),
(31233, 242, 90, 'travailler le décor', '2017-10-06 13:36:45', 5),
(31234, 242, 90, 'une ambiance sombre avec le soleil qui se lève avec des nuage&lt;br/&gt;', '2017-10-06 13:36:45', 22),
(31235, 242, 90, 'travailler le décor', '2017-10-06 13:36:45', 5),
(31236, 242, 90, 'une ambiance sombre avec le soleil qui se lève avec des nuage&lt;br/&gt;', '2017-10-06 13:36:45', 22),
(31237, 242, 90, 'travailler le décor', '2017-10-06 13:36:47', 5),
(31238, 242, 90, 'une ambiance sombre avec le soleil qui se lève avec des nuage&lt;br/&gt;', '2017-10-06 13:36:47', 22),
(31239, 242, 90, 'travailler le décor', '2017-10-06 13:36:47', 5),
(31240, 242, 90, 'une ambiance sombre avec le soleil qui se lève avec des nuage&lt;br/&gt;', '2017-10-06 13:36:47', 22),
(31241, 243, 45, 'mon objet a beaucoup d imperfections donc le plus difficile a ete de les masquer dans photoshop ', '2016-12-06 13:50:46', 1),
(31242, 243, 45, 'je prendrais un autre objet avec moins de details et je serais beaucoup plus précise dans photoshop ', '2016-12-06 13:50:46', 5),
(31243, 243, 130, '-filmer la même scène avec plusieurs caméras&lt;br/&gt;-faire un montage &quot;spécial&quot; sur première', '2018-06-04 10:54:13', 25),
(31244, 243, 130, '-spectacle, pièce de théatre pour avoir plusieurs vue et pour ne pas que le spectateur s\'ennuie &lt;br/&gt;-champ contre champ ', '2018-06-04 10:54:13', 24),
(31245, 243, 80, 'trouver le bon son pour la bonne prise vidéo, et le racorder. &lt;br/&gt;Et le montage du champ contre champ car on avait qu\'une caméra.', '2017-10-19 09:47:54', 1),
(31246, 243, 80, '', '2017-10-19 09:47:54', 2),
(31247, 243, 92, 'nous avons eu un problème pour la deuxième prise sons et j\'ai trouvé ça très minucieux de trouver les bonnes gélatines pour que la lumière sois parfaite ', '2017-10-26 09:45:46', 1),
(31248, 243, 92, 'j\'ai appris à gérer la lumière et les réglages pour une prise vidéo avec un contre jour', '2017-10-26 09:45:46', 2),
(31249, 243, 48, 'un plus beau cadre,lieu', '2017-01-31 14:36:13', 5),
(31250, 243, 48, 'un plus beau cadre,lieu', '2017-01-31 14:36:15', 5),
(31251, 243, 48, 'un plus beau cadre,lieu', '2017-01-31 14:41:53', 5),
(31252, 243, 47, 'trouver une idée plus originale', '2017-01-31 14:52:05', 5),
(31253, 243, 105, '', '2017-12-18 07:47:15', 16),
(31254, 243, 110, '', '2017-12-18 11:54:59', 16),
(31255, 243, 61, 'coordonner le son à l\'image pour finaliser le travail ', '2017-05-29 13:59:36', 1),
(31256, 243, 61, 'la prise son', '2017-05-29 13:59:36', 2),
(31257, 243, 61, '', '2017-05-29 13:59:36', 19),
(31258, 243, 144, 'stabilité, monter les escaliers, le travail des jambes pour la fluidité', '2018-09-18 12:39:35', 1),
(31259, 243, 114, '', '2018-02-22 11:50:53', 5),
(31260, 243, 35, ' l\'organisation et le positionnement des progos', '2016-09-23 12:13:33', 1),
(31261, 243, 35, 'que grace a la lumière on sait accentué l\'expression du visage ', '2016-09-23 12:13:33', 2),
(31262, 243, 33, 'j\'apporterais des accessoires à la photo', '2016-10-25 14:05:07', 5),
(31263, 243, 33, 'j\' ai voulu repésenter Florence à son côté fermé (sombre ) mais quand on apprend à la connaitre elle s\'ouvre plus à nous (lumière à son visage)', '2016-10-25 14:05:07', 14),
(31264, 243, 76, 'les mouvements de pieds pour les panoramas et le tremblement du cadre', '2017-09-19 10:41:32', 1),
(31265, 243, 76, '1', '2017-09-19 10:41:32', 21),
(31266, 244, 35, 'Bien positionner les spots et l\'éclairage / savoir bien positionner le modèle / * En tant que modèle savoir rester sérieux ? *', '2016-09-23 12:13:59', 1),
(31267, 244, 35, '-Appris a positionner l\'éclairage a 3 points \r\n-Appris a prendre une photo avec un bon éclairage', '2016-09-23 12:13:59', 2),
(31268, 244, 33, '-Je pourrais travailler plus sur le cadrage des photos qui n\'est pas ultra bon\r\n-corriger des imperfections ? ( photoshop)\r\n-plus au niveau du &quot;déguisement&quot; , de l\'habillement', '2016-11-08 14:33:24', 5),
(31269, 244, 33, 'J\'ai pris plusieurs photos de Robin avec un fond noir en montrant ses &quot;facettes&quot; et sa personnalité via Photoshop en y mettant une bordure noire débordant un peu sur les photos un peu comme les facettes d\'une personne ou la façon dont on la verrait.', '2016-11-08 14:33:24', 14),
(31270, 245, 45, 'J\'ai eu le soucis avec le produit qui est rentré dans l\'appareil, ça m\'as causé pas mal de mes soucis', '2016-12-06 13:51:00', 1),
(31271, 245, 45, 'je prendrais un autre objet et je ne mettrait pas toutes mes corrections sur que 2 ou 3 calques', '2016-12-06 13:51:00', 5),
(31272, 245, 80, 'Pour le champ contre champ on avait qu\'une seule caméra.&lt;br/&gt;Pour la lumière on était mal placé donc il faisait sombre.&lt;br/&gt;Et pour l\'utilisation de l\'overboard, le problème est qu\'il faut un sol complètement plat.', '2017-10-19 09:49:02', 1),
(31273, 245, 80, 'A utiliser l\'overboard pour un travelling, a m\'améliorer en tant que perchman', '2017-10-19 09:49:02', 2),
(31274, 245, 92, 'Je n\'avais que la prise son de la première vidéo.&lt;br/&gt;On devait trouver le bon endroit pour se placer et avoir une bonne image.&lt;br/&gt;C\'était pas facile', '2017-10-26 09:50:14', 1),
(31275, 245, 92, 'A gérer le contre jour.&lt;br/&gt;A bien régler l\'image, ...', '2017-10-26 09:50:14', 2),
(31276, 245, 48, 'Je ferais plus attention a mon cadrage (est-ce qu\'une voiture n\'est pas apparue sur une des photos ? etc)', '2017-01-30 15:00:25', 5),
(31277, 245, 48, 'Je ferais plus attention a mon cadrage (est-ce qu\'une voiture n\'est pas apparue sur une des photos ? etc)', '2017-01-30 15:00:26', 5),
(31278, 245, 48, 'Je ferais plus attention a mon cadrage (est-ce qu\'une voiture n\'est pas apparue sur une des photos ? etc)', '2017-01-30 15:00:28', 5),
(31279, 245, 47, 'Moins bouger l\'appareil photos, faire des plus grand déplacement pour que ça aille moins vite', '2017-01-31 14:54:12', 5),
(31280, 245, 105, 'J\'espère avoir tout remis comme il faut. J\'ai aussi rendu un écrit et un mail. &lt;br/&gt;Mes idées demandent beaucoup de travaux, j\'en suis consciente.&lt;br/&gt;Bonne vacance et bonne année ! ;)', '2017-12-18 07:47:20', 16),
(31281, 245, 110, '', '2017-12-18 12:19:30', 16),
(31282, 245, 61, 'On a pas pensé au fait que se serais plus pratique d\'enregistrer directement le son, on a du tout refaire au niveau son et ça a prit du temps.&lt;br/&gt;On a pas eu une bonne qualité image avec une super bonne lumière. C\'est dommage.', '2017-05-30 13:59:47', 1),
(31283, 245, 61, 'J\'ai appris à enregistrer au studio son et à utiliser Audition.', '2017-05-30 13:59:47', 2),
(31284, 245, 61, 'La lumière n\'est pas terrible en filmant avec l\'appareil photo.', '2017-05-30 13:59:47', 19),
(31285, 245, 144, 'Le fait de rester stable et surtout les à-coups &lt;br/&gt;Puis le fait de pas savoir le chemin de l\'acteur...', '2018-09-18 12:31:27', 1),
(31286, 245, 114, 'faire plus de préparation à l\'avance, et avoir un peu plus de temps et d\'informations', '2018-02-22 12:50:34', 5),
(31287, 245, 35, 'Savoir où placez les projecteurs, quel focale on doit mettre, etc et j\'ai du mal avec les mots techniques', '2016-09-23 12:15:42', 1),
(31288, 245, 35, 'J\'ai appris a bien regarder le cadre de ma photo avant de la prendre, à voir si on ne dois pas mettre un drapeau au projecteur, et &quot;bien&quot; choisir la focal et l\'intensité de la lumière à l\'aide du pose-metre', '2016-09-23 12:15:42', 2),
(31289, 245, 76, 'Ce n\'était pas facile à faire, il faut beaucoup s\'entrainer et trembler le moins possible', '2017-09-21 12:26:07', 1),
(31290, 245, 76, '2', '2017-09-21 12:26:07', 21),
(31291, 245, 33, 'J\'essayerais d\'avoir un projet plus précis, avec le matérielle déjà près.', '2016-11-08 14:17:26', 5),
(31292, 245, 33, 'Mon projet consiste a montrer les différentes humeurs de Lisa. En montrant (sur la 1ere photo) qu\'elle peut être tout aussi bien énervé sur quelqu\'un ou quelque chose que calme/triste (2eme photos) ou encore dans un état fofolle, dans son délire, toujours souriante (3eme photo). J\'ai disposé les photo de cette manière pour les mettre dans l\'ordre de la moins agréable à la plus souriante.', '2016-11-08 14:17:26', 14),
(31293, 246, 83, 'à utiliser ultrakey', '2017-10-17 12:25:01', 2),
(31294, 246, 83, '', '2017-10-17 12:25:01', 16),
(31295, 246, 55, 'Des meilleurs plans, mieux correspondre le son avec l\'image', '2017-02-23 13:21:10', 5),
(31296, 246, 70, 'J\'aurais pu mieux faire', '2017-06-14 10:04:00', 16),
(31297, 246, 70, 'J\'aurais pu mieux faire', '2017-06-14 10:04:00', 16),
(31298, 246, 70, 'J\'aurais pu mieux faire', '2017-06-14 10:04:00', 16),
(31299, 246, 70, 'J\'aurais pu mieux faire', '2017-06-14 10:04:00', 16),
(31300, 246, 74, '2 pizza', '2017-09-18 09:22:33', 21),
(31301, 246, 39, 'Meilleur éclairage et montage', '2016-10-27 12:21:44', 5),
(31302, 246, 39, 'Meilleur éclairage et montage', '2016-10-27 12:21:44', 5),
(31303, 247, 83, '', '2017-10-17 12:23:11', 2),
(31304, 247, 83, '', '2017-10-17 12:23:11', 16),
(31305, 247, 55, 'Les tremblements de la caméra', '2017-03-07 14:44:46', 5),
(31306, 247, 127, 'L\'effet température aide bien pour donner l\'impréssion que le personnage est bien dans le décor.', '2018-06-08 15:39:54', 2),
(31307, 247, 70, 'J\'aurais pu faire mille fois mieux!', '2017-06-14 09:49:45', 16),
(31308, 247, 70, 'J\'aurais pu faire mille fois mieux!', '2017-06-14 09:49:45', 16),
(31309, 247, 70, 'J\'aurais pu faire mille fois mieux!', '2017-06-14 09:49:45', 16),
(31310, 247, 70, 'J\'aurais pu faire mille fois mieux!', '2017-06-14 09:49:45', 16),
(31311, 247, 74, '2,5/5', '2017-09-18 09:08:04', 21),
(31312, 247, 39, 'L\'éclairage et le montage', '2016-10-27 12:21:39', 5),
(31313, 247, 39, 'L\'éclairage et le montage', '2016-10-27 12:21:39', 5),
(31314, 248, 92, 'Avoir une lumiere pareille sur le chant contre chant', '2017-10-19 09:49:53', 1),
(31315, 248, 92, 'A bien gérer la balance des blancs', '2017-10-19 09:49:53', 2),
(31316, 248, 48, 'Je reglerais mieux l\'appareil au moment de la photo pour ne pas avoir de bruit', '2017-01-31 14:53:16', 5),
(31317, 248, 48, 'Je reglerais mieux l\'appareil au moment de la photo pour ne pas avoir de bruit', '2017-01-31 14:53:18', 5),
(31318, 248, 48, 'Je reglerais mieux l\'appareil au moment de la photo pour ne pas avoir de bruit', '2017-01-31 14:53:19', 5),
(31319, 248, 47, 'Je ne sait pas', '2017-01-31 15:10:22', 5),
(31320, 248, 130, 'Dans les clips de musique: ca permet d\'avoir plusieurs points de vue du groupe qui joue sans devoir ce soucier des raccords (c\'est difficile de raccorder tous les musiciens si on fait plusieurs prises)&lt;br/&gt;Dans  les matchs de sport: Avoir plusieurs cameras raccord permet d\'avoir plusieurs angles de vue raccord   ', '2018-06-08 14:14:17', 24),
(31321, 248, 130, 'Toutes les cameras doivent etre les memes et avoir les memes reglages&lt;br/&gt;ne pas voir les autres cameras ', '2018-06-08 14:14:17', 25),
(31322, 248, 110, '', '2017-12-18 12:36:37', 16),
(31323, 248, 61, 'Transformer la voix', '2017-05-30 14:18:57', 1),
(31324, 248, 61, 'A metriser premiere', '2017-05-30 14:18:57', 2),
(31325, 248, 61, 'Le son', '2017-05-30 14:18:57', 19),
(31326, 248, 114, 'la premiere scene est brulée donc on aurai du gerer l\'exposition', '2018-02-23 15:06:37', 5),
(31327, 248, 76, 'Arriver au bon endroit apres avoir fait un pano. Et la lumière.', '2017-09-19 10:37:32', 1),
(31328, 248, 76, '2', '2017-09-19 10:37:32', 21),
(31329, 249, 91, 'Mieu cadré.', '2017-10-16 09:36:24', 5),
(31330, 249, 91, 'Ambiance de néon quand on est au bureau.', '2017-10-16 09:36:24', 22),
(31331, 249, 91, 'Mieu cadré.', '2017-10-16 09:36:24', 5),
(31332, 249, 91, 'Ambiance de néon quand on est au bureau.', '2017-10-16 09:36:24', 22),
(31333, 249, 91, 'Mieu cadré.', '2017-10-16 09:36:25', 5),
(31334, 249, 91, 'Ambiance de néon quand on est au bureau.', '2017-10-16 09:36:25', 22),
(31335, 249, 91, 'Mieu cadré.', '2017-10-16 09:36:25', 5),
(31336, 249, 91, 'Ambiance de néon quand on est au bureau.', '2017-10-16 09:36:25', 22),
(31337, 249, 133, 'Réussir à faire comprendre à l\'équipe se que je voulais faire car j\'ai expliqué pendant 30 minutes avant qu\'ils comprennent (perte de temps) ...', '2018-05-29 09:12:43', 5),
(31338, 249, 52, 'Savoir régler les options pour pouvoir avoir une qualité suppérieur...  ', '2017-01-26 09:09:11', 5),
(31339, 249, 52, 'Agelos', '2017-01-26 09:09:11', 6),
(31340, 249, 52, 'Clonage...', '2017-01-26 09:09:11', 8),
(31341, 249, 52, 'Photoshop', '2017-01-26 09:09:11', 9),
(31342, 249, 151, 'Le posmètre ne doit pas focément être au milieu', '2018-10-23 10:00:45', 16),
(31343, 249, 95, 'Meilleure ciel', '2017-10-27 14:11:52', 5),
(31344, 249, 95, 'Dans le ciel', '2017-10-27 14:11:52', 22),
(31345, 249, 54, 'Un endroit ou personnes y travail.', '2017-02-02 09:51:10', 5),
(31346, 249, 54, 'Agelos', '2017-02-02 09:51:10', 6),
(31347, 249, 54, 'Panorama', '2017-02-02 09:51:10', 8),
(31348, 249, 107, 'Sans compter sur le faite que le \'\'mon\'\' est pour Simon, non ^^.', '2017-12-11 10:30:53', 16),
(31349, 249, 128, 'Patiente.', '2018-06-08 15:07:30', 3),
(31350, 249, 128, 'Il faut un mannequin calme.', '2018-06-08 15:07:30', 16),
(31351, 249, 128, 'Car j\'aimais bien.', '2018-06-08 15:07:30', 18),
(31352, 249, 132, 'Il faut bien se concentrer.', '2018-06-08 15:55:41', 2),
(31353, 249, 187, 'Malheureusement, je n\'ai pas eu l’opportunité de pouvoir placer de la musique..', '2019-05-23 14:31:46', 5),
(31354, 249, 206, 'Non.', '2019-12-17 10:18:52', 16),
(31355, 249, 164, '', '2018-12-06 14:22:07', 1),
(31356, 249, 164, '', '2018-12-06 14:22:07', 2),
(31357, 249, 183, 'Guy-Daniel, Edward, Edouardo, Anthony et moi', '2019-06-04 14:58:30', 6),
(31358, 249, 183, 'Personnellement je trouve ce projet très accompli, Je pense qu\'il y a peu de défaut, mais un défaut est le bruitage du début pour les rails de train qui est pas extrêmement réaliste..', '2019-06-04 14:58:30', 26),
(31359, 249, 183, 'Éventuellement la transition entre l\'accident et l\'assiette ', '2019-06-04 14:58:30', 27),
(31360, 249, 188, 'Choisir un objet mat', '2019-06-04 15:29:19', 1),
(31361, 249, 188, 'Prendre un objet plus enthousiaste ', '2019-06-04 15:29:19', 5),
(31362, 249, 190, 'Sans compter le faite que je n\'ai pas penser et que je ne savais pas ou allumer la table de mixage et les baffles, je trouve que ça a été', '2019-06-12 10:47:01', 16),
(31363, 249, 190, 'Sans compter le faite que je n\'ai pas penser et que je ne savais pas ou allumer la table de mixage et les baffles, je trouve que ça a été', '2019-06-12 10:47:01', 16),
(31364, 249, 190, 'Sans compter le faite que je n\'ai pas penser et que je ne savais pas ou allumer la table de mixage et les baffles, je trouve que ça a été', '2019-06-12 10:47:01', 16),
(31365, 249, 190, 'Sans compter le faite que je n\'ai pas penser et que je ne savais pas ou allumer la table de mixage et les baffles, je trouve que ça a été', '2019-06-12 10:47:01', 16),
(31366, 249, 72, 'Bonne vacance !', '2017-06-21 09:54:24', 16),
(31367, 249, 72, 'Bonne vacance !', '2017-06-21 09:54:24', 16),
(31368, 249, 72, 'Bonne vacance !', '2017-06-21 09:54:24', 16),
(31369, 249, 72, 'Bonne vacance !', '2017-06-21 09:54:24', 16),
(31370, 249, 103, 'De ne pas avoir de gros point de lumière.', '2018-02-27 09:12:43', 1),
(31371, 249, 103, 'Le temps', '2018-02-27 09:12:43', 5),
(31372, 249, 167, 'Mes photos sont assez flou, malheureusement', '2018-12-18 11:50:28', 16),
(31373, 249, 167, 'Mes photos sont assez flou, malheureusement', '2018-12-18 11:50:28', 16),
(31374, 249, 167, 'Mes photos sont assez flou, malheureusement', '2018-12-18 11:50:30', 16),
(31375, 249, 167, 'Mes photos sont assez flou, malheureusement', '2018-12-18 11:50:30', 16),
(31376, 249, 145, 'La première a été plus compliqué, mais les deux autres assez facile', '2018-10-09 09:57:05', 1),
(31377, 249, 145, 'La première a été plus compliqué, mais les deux autres assez facile', '2018-10-09 09:57:05', 1),
(31378, 249, 145, 'La première a été plus compliqué, mais les deux autres assez facile', '2018-10-09 09:57:05', 1),
(31379, 249, 145, 'La première a été plus compliqué, mais les deux autres assez facile', '2018-10-09 09:57:06', 1),
(31380, 249, 145, 'La première a été plus compliqué, mais les deux autres assez facile', '2018-10-09 09:57:06', 1),
(31381, 249, 145, 'La première a été plus compliqué, mais les deux autres assez facile', '2018-10-09 09:57:06', 1),
(31382, 249, 146, 'De bien se placer', '2018-10-09 09:59:16', 1),
(31383, 249, 146, 'De bien se placer', '2018-10-09 09:59:16', 1),
(31384, 249, 146, 'De bien se placer', '2018-10-09 09:59:16', 1),
(31385, 249, 146, 'De bien se placer', '2018-10-09 09:59:16', 1),
(31386, 249, 146, 'De bien se placer', '2018-10-09 09:59:16', 1),
(31387, 249, 146, 'De bien se placer', '2018-10-09 09:59:18', 1),
(31388, 249, 146, 'De bien se placer', '2018-10-09 09:59:18', 1),
(31389, 249, 146, 'De bien se placer', '2018-10-09 09:59:18', 1),
(31390, 249, 146, 'De bien se placer', '2018-10-09 09:59:18', 1),
(31391, 249, 146, 'De bien se placer', '2018-10-09 09:59:18', 1);
INSERT INTO `self_assessment_answer` (`id`, `student_id`, `project_id`, `answer`, `datetime`, `self_assessment_question_id`) VALUES
(31392, 249, 121, 'Le rire jaune&lt;br/&gt;&lt;br/&gt;Bêtisier 2016&lt;br/&gt;&lt;br/&gt;https://www.youtube.com/watch?v=ATC7tyyCoRU', '2018-03-13 09:59:15', 23),
(31393, 249, 125, 'Temps insuffisant.', '2018-05-18 15:51:28', 16),
(31394, 249, 146, 'De bien se placer', '2018-10-09 09:55:32', 1),
(31395, 249, 146, 'De bien se placer', '2018-10-09 09:55:32', 1),
(31396, 249, 146, 'De bien se placer', '2018-10-09 09:55:32', 1),
(31397, 249, 146, 'De bien se placer', '2018-10-09 09:55:32', 1),
(31398, 249, 146, 'De bien se placer', '2018-10-09 09:55:32', 1),
(31399, 249, 146, 'De bien se placer', '2018-10-09 09:55:33', 1),
(31400, 249, 146, 'De bien se placer', '2018-10-09 09:55:33', 1),
(31401, 249, 146, 'De bien se placer', '2018-10-09 09:55:33', 1),
(31402, 249, 146, 'De bien se placer', '2018-10-09 09:55:33', 1),
(31403, 249, 146, 'De bien se placer', '2018-10-09 09:55:33', 1),
(31404, 249, 146, 'De bien se placer', '2018-10-09 09:59:14', 1),
(31405, 249, 146, 'De bien se placer', '2018-10-09 09:59:14', 1),
(31406, 249, 146, 'De bien se placer', '2018-10-09 09:59:14', 1),
(31407, 249, 146, 'De bien se placer', '2018-10-09 09:59:14', 1),
(31408, 249, 146, 'De bien se placer', '2018-10-09 09:59:14', 1),
(31409, 249, 145, 'La première a été plus compliqué, mais les deux autres assez facile', '2018-10-09 09:57:04', 1),
(31410, 249, 145, 'La première a été plus compliqué, mais les deux autres assez facile', '2018-10-09 09:57:04', 1),
(31411, 249, 145, 'La première a été plus compliqué, mais les deux autres assez facile', '2018-10-09 09:57:04', 1),
(31412, 249, 90, 'Le focus', '2017-10-06 14:03:13', 5),
(31413, 249, 90, '-Le matin&lt;br/&gt;-L\'enfer', '2017-10-06 14:03:13', 22),
(31414, 249, 90, 'Le focus', '2017-10-06 14:03:13', 5),
(31415, 249, 90, '-Le matin&lt;br/&gt;-L\'enfer', '2017-10-06 14:03:13', 22),
(31416, 249, 90, 'Le focus', '2017-10-06 14:03:13', 5),
(31417, 249, 90, '-Le matin&lt;br/&gt;-L\'enfer', '2017-10-06 14:03:13', 22),
(31418, 249, 90, 'Le focus', '2017-10-06 14:03:13', 5),
(31419, 249, 90, '-Le matin&lt;br/&gt;-L\'enfer', '2017-10-06 14:03:13', 22),
(31420, 250, 91, 'Suspendre le fond au plafond.', '2017-10-16 08:05:33', 5),
(31421, 250, 91, 'Ciel bleu.', '2017-10-16 08:05:33', 22),
(31422, 250, 91, 'Suspendre le fond au plafond.', '2017-10-16 08:05:33', 5),
(31423, 250, 91, 'Ciel bleu.', '2017-10-16 08:05:33', 22),
(31424, 250, 91, 'Suspendre le fond au plafond.', '2017-10-16 08:05:34', 5),
(31425, 250, 91, 'Ciel bleu.', '2017-10-16 08:05:34', 22),
(31426, 250, 91, 'Suspendre le fond au plafond.', '2017-10-16 08:05:34', 5),
(31427, 250, 91, 'Ciel bleu.', '2017-10-16 08:05:34', 22),
(31428, 250, 95, '', '2017-10-27 14:20:15', 5),
(31429, 250, 95, 'bureau des années 30', '2017-10-27 14:20:15', 22),
(31430, 250, 107, '', '2017-12-11 11:03:44', 16),
(31431, 250, 125, 'j\'ai malheureusement perdu les autres photo de ce projet.', '2018-06-08 15:19:22', 16),
(31432, 250, 133, 'j\'avais plein d\'idée de montage mais chaque effet demandais un rendu de 10min. ', '2018-06-08 15:23:31', 5),
(31433, 250, 132, '', '2018-06-08 16:09:16', 2),
(31434, 250, 207, '', '2019-12-16 11:08:49', 16),
(31435, 250, 166, '', '2018-12-12 12:05:19', 16),
(31436, 250, 210, '', '2020-03-03 09:38:10', 4),
(31437, 250, 210, '', '2020-03-03 09:38:10', 5),
(31438, 250, 211, 'scénariste et acteur sur ce projet. ', '2020-03-03 09:57:07', 4),
(31439, 250, 211, '', '2020-03-03 09:57:07', 5),
(31440, 250, 121, '', '2018-03-13 10:08:34', 23),
(31441, 250, 213, 'mon projet préféré. Acteur et scénariste ', '2020-03-03 10:26:18', 4),
(31442, 250, 213, '', '2020-03-03 10:26:18', 5),
(31443, 250, 73, '4 j\'ai perdu un point car le fond était gris mais heureusement j avais un beau mannequin ', '2017-09-22 13:49:17', 20),
(31444, 250, 78, '', '2017-09-22 13:50:50', 5),
(31445, 250, 78, '', '2017-09-22 13:50:50', 14),
(31446, 250, 212, 'je n\'étais pas là lors du deuxième tournage de ce projet. Mais j\'ai constaté que le décor , le plan et l\'éclairage ont été améliorés. J\'ai donc travaillé le son en post prod sur premiere pro ', '2020-03-03 13:47:14', 4),
(31447, 250, 212, '', '2020-03-03 13:47:14', 5),
(31448, 250, 90, '', '2017-10-06 14:00:30', 5),
(31449, 250, 90, 'Enfer', '2017-10-06 14:00:30', 22),
(31450, 250, 90, '', '2017-10-06 14:00:30', 5),
(31451, 250, 90, 'Enfer', '2017-10-06 14:00:30', 22),
(31452, 250, 90, '', '2017-10-06 14:00:31', 5),
(31453, 250, 90, 'Enfer', '2017-10-06 14:00:31', 22),
(31454, 250, 90, '', '2017-10-06 14:00:31', 5),
(31455, 250, 90, 'Enfer', '2017-10-06 14:00:31', 22),
(31456, 269, 91, 'la mise au point', '2017-10-16 08:06:20', 5),
(31457, 269, 91, 'le ciel', '2017-10-16 08:06:20', 22),
(31458, 269, 91, 'la mise au point', '2017-10-16 08:06:20', 5),
(31459, 269, 91, 'le ciel', '2017-10-16 08:06:20', 22),
(31460, 269, 91, 'la mise au point', '2017-10-16 08:06:21', 5),
(31461, 269, 91, 'le ciel', '2017-10-16 08:06:21', 22),
(31462, 269, 91, 'la mise au point', '2017-10-16 08:06:21', 5),
(31463, 269, 91, 'le ciel', '2017-10-16 08:06:21', 22),
(31464, 269, 107, 'peut-etre pas assez de lumière sur le coté droit', '2017-12-11 11:34:31', 16),
(31465, 269, 132, 'comment faire un mixage', '2018-06-08 15:22:28', 2),
(31466, 269, 121, '', '2018-03-13 10:01:58', 23),
(31467, 269, 73, '2', '2017-09-22 13:33:35', 20),
(31468, 269, 128, '', '2018-05-18 15:02:13', 3),
(31469, 269, 128, 'un peu trop sombre', '2018-05-18 15:02:13', 16),
(31470, 269, 128, 'Le visage à moitié cacher donne un côté mystérieux. Et la ligne en fond donne une touche de lumière', '2018-05-18 15:02:13', 18),
(31471, 269, 125, '', '2018-05-18 15:12:42', 16),
(31472, 269, 90, '', '2017-10-06 13:57:43', 5),
(31473, 269, 90, 'Enfer', '2017-10-06 13:57:43', 22),
(31474, 269, 90, '', '2017-10-06 13:57:43', 5),
(31475, 269, 90, 'Enfer', '2017-10-06 13:57:43', 22),
(31476, 269, 90, '', '2017-10-06 13:57:44', 5),
(31477, 269, 90, 'Enfer', '2017-10-06 13:57:44', 22),
(31478, 269, 90, '', '2017-10-06 13:57:44', 5),
(31479, 269, 90, 'Enfer', '2017-10-06 13:57:44', 22),
(31480, 271, 132, '', '2018-06-05 08:47:30', 2),
(31481, 271, 107, 'Trop de stress donc examen pratique pas trés bien présenté ..', '2017-12-11 11:26:47', 16),
(31482, 271, 73, '2', '2017-09-15 13:25:19', 20),
(31483, 271, 78, '', '2017-09-15 14:02:06', 5),
(31484, 271, 78, '', '2017-09-15 14:02:06', 14),
(31485, 272, 91, '', '2017-10-16 08:06:29', 5),
(31486, 272, 91, 'Ciel bleu', '2017-10-16 08:06:29', 22),
(31487, 272, 91, '', '2017-10-16 08:06:29', 5),
(31488, 272, 91, 'Ciel bleu', '2017-10-16 08:06:29', 22),
(31489, 272, 91, '', '2017-10-16 08:06:29', 5),
(31490, 272, 91, 'Ciel bleu', '2017-10-16 08:06:29', 22),
(31491, 272, 91, '', '2017-10-16 08:06:29', 5),
(31492, 272, 91, 'Ciel bleu', '2017-10-16 08:06:29', 22),
(31493, 272, 133, '', '2018-06-05 09:14:47', 5),
(31494, 272, 151, 'ne jamais faire confiance au posemètre dans ce genre de conditions&lt;br/&gt;', '2018-10-23 09:57:12', 16),
(31495, 272, 95, 'être plus rapide sur la prise de la photo', '2017-10-27 14:14:24', 5),
(31496, 272, 95, 'Bureau années 30 &lt;br/&gt;', '2017-10-27 14:14:24', 22),
(31497, 272, 107, '', '2017-12-11 10:15:56', 16),
(31498, 272, 125, '', '2018-06-08 14:50:39', 16),
(31499, 272, 128, 'Posé', '2018-06-08 14:53:58', 3),
(31500, 272, 128, '', '2018-06-08 14:53:58', 16),
(31501, 272, 128, 'Il avait lui même choisi une pose naturellle, j\'ai pris la photo au bon moment et j\'ai très bien aimé mon petit matthis chéri :)', '2018-06-08 14:53:58', 18),
(31502, 272, 187, 'Pas de son malheureusement', '2019-05-23 13:03:13', 5),
(31503, 272, 103, 'l\'ambiance&lt;br/&gt;', '2018-01-26 14:58:51', 1),
(31504, 272, 103, 'le recadrage', '2018-01-26 14:58:51', 5),
(31505, 272, 183, 'Guy, Anthony, Eduardo, Edward, Pierre D.', '2019-06-04 14:52:43', 6),
(31506, 272, 183, 'Bon éclairage, bon travelling, bon montage, bruitages moyens', '2019-06-04 14:52:43', 26),
(31507, 272, 183, 'trop rien à dire, meilleur travail auquel j\'ai pu participer', '2019-06-04 14:52:43', 27),
(31508, 272, 188, '', '2019-06-04 14:53:44', 1),
(31509, 272, 188, '', '2019-06-04 14:53:44', 5),
(31510, 272, 190, '', '2019-06-12 12:26:29', 16),
(31511, 272, 190, '', '2019-06-12 12:26:29', 16),
(31512, 272, 167, '', '2018-12-18 10:43:48', 16),
(31513, 272, 167, '', '2018-12-18 10:43:48', 16),
(31514, 272, 190, '', '2019-06-12 12:26:29', 16),
(31515, 272, 190, '', '2019-06-12 12:26:29', 16),
(31516, 272, 167, '', '2018-12-18 10:43:49', 16),
(31517, 272, 167, '', '2018-12-18 10:43:49', 16),
(31518, 272, 73, '2.5', '2017-09-15 14:09:44', 20),
(31519, 272, 78, 'le fond plus lisse dans le coin en bas à gauche', '2017-09-22 13:17:28', 5),
(31520, 272, 78, 'Donner un côté mystérieux à mon modèle', '2017-09-22 13:17:28', 14),
(31521, 272, 82, 'Le frigo', '2017-09-29 14:10:19', 5),
(31522, 272, 82, 'Idées de cadrage', '2017-09-29 14:10:19', 22),
(31523, 272, 90, '', '2017-10-06 13:56:59', 5),
(31524, 272, 90, 'L\'enfer&lt;br/&gt;', '2017-10-06 13:56:59', 22),
(31525, 272, 90, '', '2017-10-06 13:56:59', 5),
(31526, 272, 90, 'L\'enfer&lt;br/&gt;', '2017-10-06 13:56:59', 22),
(31527, 272, 90, '', '2017-10-06 13:57:01', 5),
(31528, 272, 90, 'L\'enfer&lt;br/&gt;', '2017-10-06 13:57:01', 22),
(31529, 272, 90, '', '2017-10-06 13:57:01', 5),
(31530, 272, 90, 'L\'enfer&lt;br/&gt;', '2017-10-06 13:57:01', 22),
(31531, 272, 146, '', '2018-10-23 08:47:58', 1),
(31532, 272, 146, '', '2018-10-23 08:47:58', 1),
(31533, 272, 145, '', '2018-10-23 08:45:58', 1),
(31534, 272, 138, '', '2018-10-23 08:46:20', 5),
(31535, 272, 146, '', '2018-10-23 08:47:58', 1),
(31536, 272, 146, '', '2018-10-23 08:47:58', 1),
(31537, 273, 91, 'plus de bleu et visage moins jaune', '2017-10-16 08:08:26', 5),
(31538, 273, 91, 'ciel bleu et soleil', '2017-10-16 08:08:26', 22),
(31539, 273, 91, 'plus de bleu et visage moins jaune', '2017-10-16 08:08:26', 5),
(31540, 273, 91, 'ciel bleu et soleil', '2017-10-16 08:08:26', 22),
(31541, 273, 91, 'plus de bleu et visage moins jaune', '2017-10-16 08:08:26', 5),
(31542, 273, 91, 'ciel bleu et soleil', '2017-10-16 08:08:26', 22),
(31543, 273, 91, 'plus de bleu et visage moins jaune', '2017-10-16 08:08:26', 5),
(31544, 273, 91, 'ciel bleu et soleil', '2017-10-16 08:08:26', 22),
(31545, 273, 95, 'jsp', '2017-10-27 14:18:47', 5),
(31546, 273, 95, 'bureau année 30', '2017-10-27 14:18:47', 22),
(31547, 273, 107, 'j\'ai un peu stressé et j\'ai pris du retard mais j\'en suis satisfait', '2017-12-11 12:00:27', 16),
(31548, 273, 128, '', '2018-06-08 15:02:16', 3),
(31549, 273, 128, '', '2018-06-08 15:02:16', 16),
(31550, 273, 128, 'je choisis ça à l\'instinct, selon ce que je crois que le résultat final va donner, je n\'ai donc pas de raison précise ', '2018-06-08 15:02:16', 18),
(31551, 273, 126, 'il n\'y avait pas spécialement de difficulté ', '2018-06-08 15:48:50', 1),
(31552, 273, 126, '', '2018-06-08 15:48:50', 2),
(31553, 273, 126, 'j’enregistrerai mes propres sons et voix et je ferai en sorte que le son ne soit pas légèrement décalé par rapport a mon travail après l\'exportation.', '2018-06-08 15:48:50', 5),
(31554, 273, 207, '', '2019-12-16 11:31:25', 16),
(31555, 273, 166, 'Je pense avoir mal fait ma balance des blanc.', '2018-12-12 12:06:38', 16),
(31556, 273, 103, 'Aucune.', '2018-02-23 16:02:49', 1),
(31557, 273, 103, 'Enlever la bague qui maintient l\'objectif', '2018-02-23 16:02:49', 5),
(31558, 273, 213, 'Je suis l\'acteur principal de ce film.', '2020-03-03 10:04:33', 4),
(31559, 273, 213, 'Je changerai l\'orientation de la camera pour la vue subjective et j\'augmenterai le nombre de plans secondaires. ', '2020-03-03 10:04:33', 5),
(31560, 273, 121, '', '2018-03-13 10:03:03', 23),
(31561, 273, 212, 'Je ne me souvient plus, mais je crois avoir perché ', '2020-03-03 10:25:06', 4),
(31562, 273, 212, 'une &quot;intro&quot; et une &quot;outro&quot;', '2020-03-03 10:25:06', 5),
(31563, 273, 73, '3', '2017-09-22 14:00:35', 20),
(31564, 273, 125, '', '2018-05-18 16:06:49', 16),
(31565, 273, 90, '', '2017-10-06 13:58:42', 5),
(31566, 273, 90, 'Enfer', '2017-10-06 13:58:42', 22),
(31567, 273, 90, '', '2017-10-06 13:58:42', 5),
(31568, 273, 90, 'Enfer', '2017-10-06 13:58:42', 22),
(31569, 273, 90, '', '2017-10-06 13:58:43', 5),
(31570, 273, 90, 'Enfer', '2017-10-06 13:58:43', 22),
(31571, 273, 90, '', '2017-10-06 13:58:43', 5),
(31572, 273, 90, 'Enfer', '2017-10-06 13:58:43', 22),
(31573, 274, 196, 'tous simplement afin de donner un effet différent d\'une simple lumière blanche, cela n\'ai pas pour donner une émotion particulière...', '2019-10-18 10:04:56', 28),
(31574, 274, 151, 'Mauvais cadrage...', '2018-10-23 09:16:00', 16),
(31575, 274, 89, '', '2017-10-26 13:50:04', 2),
(31576, 274, 131, '', '2018-06-07 13:49:51', 18),
(31577, 274, 131, '', '2018-06-07 13:49:51', 18),
(31578, 274, 131, '', '2018-06-07 13:49:52', 18),
(31579, 274, 131, '', '2018-06-07 13:49:52', 18),
(31580, 274, 94, '', '2017-10-26 14:01:29', 5),
(31581, 274, 161, '', '2018-11-15 14:15:51', 1),
(31582, 274, 161, '', '2018-11-15 14:15:51', 1),
(31583, 274, 161, '', '2018-11-15 14:15:51', 1),
(31584, 274, 161, '', '2018-11-15 14:15:51', 1),
(31585, 274, 161, '', '2018-11-15 14:15:52', 1),
(31586, 274, 161, '', '2018-11-15 14:15:52', 1),
(31587, 274, 161, '', '2018-11-15 14:15:52', 1),
(31588, 274, 161, '', '2018-11-15 14:15:52', 1),
(31589, 274, 161, '', '2018-11-15 14:15:53', 1),
(31590, 274, 161, '', '2018-11-15 14:15:53', 1),
(31591, 274, 161, '', '2018-11-15 14:15:53', 1),
(31592, 274, 161, '', '2018-11-15 14:15:53', 1),
(31593, 274, 161, '', '2018-11-15 14:15:54', 1),
(31594, 274, 161, '', '2018-11-15 14:15:54', 1),
(31595, 274, 161, '', '2018-11-15 14:15:54', 1),
(31596, 274, 161, '', '2018-11-15 14:15:54', 1),
(31597, 274, 187, 'ça va ?', '2019-05-23 12:54:58', 5),
(31598, 274, 183, '', '2019-05-23 14:26:23', 6),
(31599, 274, 183, 'cadrage caméra translation.', '2019-05-23 14:26:23', 26),
(31600, 274, 183, '', '2019-05-23 14:26:23', 27),
(31601, 274, 109, '', '2017-12-15 11:55:18', 16),
(31602, 274, 109, '', '2017-12-15 11:55:18', 16),
(31603, 274, 109, '', '2017-12-15 11:55:20', 16),
(31604, 274, 109, '', '2017-12-15 11:55:20', 16),
(31605, 274, 136, 'nul', '2018-06-15 16:03:40', 16),
(31606, 274, 136, 'nul', '2018-06-15 16:03:40', 16),
(31607, 274, 136, 'nul', '2018-06-15 16:03:40', 16),
(31608, 274, 136, 'nul', '2018-06-15 16:03:40', 16),
(31609, 274, 111, '', '2018-01-25 07:51:58', 5),
(31610, 274, 111, '', '2018-01-25 07:51:58', 9),
(31611, 274, 113, '-', '2018-01-25 08:01:10', 5),
(31612, 274, 113, '-', '2018-01-25 08:01:10', 9),
(31613, 274, 206, 'Asser satisfait. :D', '2019-12-17 12:15:15', 16),
(31614, 274, 164, '', '2018-12-06 13:35:09', 1),
(31615, 274, 164, 'Audission', '2018-12-06 13:35:09', 2),
(31616, 274, 188, 'comprendre le logiciel', '2019-06-04 15:07:21', 1),
(31617, 274, 188, '', '2019-06-04 15:07:21', 5),
(31618, 274, 116, '', '2018-02-22 08:48:44', 5),
(31619, 274, 116, '', '2018-02-22 08:48:44', 6),
(31620, 274, 116, '', '2018-02-22 08:48:44', 8),
(31621, 274, 116, '', '2018-02-22 08:48:44', 9),
(31622, 274, 115, '', '2018-02-22 15:26:34', 5),
(31623, 274, 115, '', '2018-02-22 15:26:34', 6),
(31624, 274, 115, '', '2018-02-22 15:26:34', 8),
(31625, 274, 115, '', '2018-02-22 15:26:34', 9),
(31626, 274, 190, '', '2019-06-12 12:44:21', 16),
(31627, 274, 190, '', '2019-06-12 12:44:21', 16),
(31628, 274, 167, 'un peut ratée pour la deuxième...', '2018-12-18 10:58:14', 16),
(31629, 274, 167, 'un peut ratée pour la deuxième...', '2018-12-18 10:58:14', 16),
(31630, 274, 190, '', '2019-06-12 12:44:21', 16),
(31631, 274, 190, '', '2019-06-12 12:44:21', 16),
(31632, 274, 167, 'un peut ratée pour la deuxième...', '2018-12-18 10:58:16', 16),
(31633, 274, 167, 'un peut ratée pour la deuxième...', '2018-12-18 10:58:16', 16),
(31634, 274, 120, '', '2018-03-08 09:38:29', 5),
(31635, 274, 120, 'Kevin, Julie', '2018-03-08 09:38:29', 6),
(31636, 274, 120, 'Higth-key', '2018-03-08 09:38:29', 8),
(31637, 274, 120, 'Le ciel a beaucoup aidé avec la surexposition. ', '2018-03-08 09:38:29', 9),
(31638, 274, 122, 'La cohérence des images', '2018-03-15 13:54:16', 5),
(31639, 274, 122, 'Julie,Kevine', '2018-03-15 13:54:16', 6),
(31640, 274, 122, 'Photomaton', '2018-03-15 13:54:16', 8),
(31641, 274, 122, '', '2018-03-15 13:54:16', 9),
(31642, 274, 146, 'le temps...', '2018-10-09 09:50:36', 1),
(31643, 274, 146, 'le temps...', '2018-10-09 09:50:36', 1),
(31644, 274, 146, 'le temps...', '2018-10-09 09:52:05', 1),
(31645, 274, 146, 'le temps...', '2018-10-09 09:52:05', 1),
(31646, 274, 77, '', '2017-09-28 07:54:30', 16),
(31647, 274, 145, '', '2018-10-09 09:58:13', 1),
(31648, 274, 145, '', '2018-10-09 09:58:13', 1),
(31649, 274, 145, '', '2018-10-09 09:58:14', 1),
(31650, 274, 145, '', '2018-10-09 09:58:14', 1),
(31651, 274, 175, '', '2019-02-12 15:48:17', 16),
(31652, 275, 94, '', '2017-10-26 13:29:28', 5),
(31653, 275, 89, '', '2017-10-26 13:30:43', 2),
(31654, 275, 109, '', '2017-12-15 11:21:17', 16),
(31655, 275, 109, '', '2017-12-15 11:21:17', 16),
(31656, 275, 109, '', '2017-12-15 11:21:19', 16),
(31657, 275, 109, '', '2017-12-15 11:21:19', 16),
(31658, 275, 136, '', '2018-06-15 15:36:08', 16),
(31659, 275, 136, '', '2018-06-15 15:36:08', 16),
(31660, 275, 136, '', '2018-06-15 15:36:09', 16),
(31661, 275, 136, '', '2018-06-15 15:36:09', 16),
(31662, 275, 115, 'Je ne sais pas vraiment comment améliorer le travail de clone. Mais le fait de mettre un peu moins de lumières, aurait peut-être donné une photo meilleure.', '2018-02-09 13:27:41', 5),
(31663, 275, 115, 'Kevin Hejda, Pierre Meert.', '2018-02-09 13:27:41', 6),
(31664, 275, 115, 'Clonage.', '2018-02-09 13:27:41', 8),
(31665, 275, 115, 'Nous avons prit trois photos de différentes poses afin d\'aller sur photoshop a la suite, couper le contour de nous-même sur deux photos, et les superposer sur la première photo. Et nous avons enfin une seule photo avec des clones.', '2018-02-09 13:27:41', 9),
(31666, 275, 116, 'J\'aurais peut-être mis soit un peu plus de lumières, soit encore un peu moins.', '2018-02-22 08:41:10', 5),
(31667, 275, 116, 'Pierre M, Kevin Hejda.', '2018-02-22 08:41:10', 6),
(31668, 275, 116, 'Ce projet est celui des clones.', '2018-02-22 08:41:10', 8),
(31669, 275, 116, 'On a été se placer a une place dans une pièce, aucun objets ni décors ne devaient être déplacés. On a pris trois photos de positions différentes toujours dans la même pièce, et ensuite aller sur photoshop afin de créer les clones.', '2018-02-22 08:41:10', 9),
(31670, 275, 120, 'J\'aurais peut-être du faire plus de photos, voir changer d\'endroit...', '2018-03-08 09:51:37', 5),
(31671, 275, 120, 'Anthony, Kevin.', '2018-03-08 09:51:37', 6),
(31672, 275, 120, 'Panorama.', '2018-03-08 09:51:37', 8),
(31673, 275, 120, 'J\'ai choisis un point fixe de l\'endroit ou j\'allais commencer la photo, et a la suite bloquer l\'appareil afin qu\'il ne bouge pas de haut en bas. Ensuite, j\'ai juste du tourner l\'objectif vers la droite tout en restant droite dans mes photos. Une fois réalisé, les scènes coupés doivent contenir un objet afin de t\'aider dans tes repères. Nous allons après les photos sur photoshop. Afin d\'assembler les photos et réaliser un panorama.', '2018-03-08 09:51:37', 9),
(31674, 275, 77, 'La qualité nécessite quelque peu d\'arrangement mais on peut voir les qualités de cette photo.', '2017-09-28 07:26:28', 16),
(31675, 277, 151, 'j\'aime bien les éponges et les pigeons', '2018-10-23 09:14:23', 16),
(31676, 277, 131, 'parsqu\'il est beau', '2018-06-07 09:32:21', 18),
(31677, 277, 131, 'parsqu\'il est beau', '2018-06-07 09:32:21', 18),
(31678, 277, 131, 'parsqu\'il est beau', '2018-06-07 09:32:22', 18),
(31679, 277, 131, 'parsqu\'il est beau', '2018-06-07 09:32:22', 18),
(31680, 277, 94, '', '2017-10-26 13:43:24', 5),
(31681, 277, 89, '', '2017-10-26 13:45:07', 2),
(31682, 277, 187, 'salut', '2019-05-23 12:54:24', 5),
(31683, 277, 161, '', '2018-11-15 14:17:28', 1),
(31684, 277, 161, '', '2018-11-15 14:17:28', 1),
(31685, 277, 161, '', '2018-11-15 14:17:28', 1),
(31686, 277, 161, '', '2018-11-15 14:17:28', 1),
(31687, 277, 161, '', '2018-11-15 14:17:29', 1),
(31688, 277, 161, '', '2018-11-15 14:17:29', 1),
(31689, 277, 161, '', '2018-11-15 14:17:29', 1),
(31690, 277, 161, '', '2018-11-15 14:17:29', 1),
(31691, 277, 161, '', '2018-11-15 14:17:30', 1),
(31692, 277, 161, '', '2018-11-15 14:17:30', 1),
(31693, 277, 161, '', '2018-11-15 14:17:30', 1),
(31694, 277, 161, '', '2018-11-15 14:17:30', 1),
(31695, 277, 161, '', '2018-11-15 14:17:31', 1),
(31696, 277, 161, '', '2018-11-15 14:17:31', 1),
(31697, 277, 161, '', '2018-11-15 14:17:31', 1),
(31698, 277, 161, '', '2018-11-15 14:17:31', 1),
(31699, 277, 181, 'j\'était seul', '2019-05-23 14:21:25', 6),
(31700, 277, 181, '', '2019-05-23 14:21:25', 26),
(31701, 277, 181, '', '2019-05-23 14:21:25', 27),
(31702, 277, 109, '', '2017-12-15 11:23:07', 16),
(31703, 277, 109, '', '2017-12-15 11:23:07', 16),
(31704, 277, 109, '', '2017-12-15 11:23:08', 16),
(31705, 277, 109, '', '2017-12-15 11:23:08', 16),
(31706, 277, 136, '', '2018-06-15 17:15:01', 16),
(31707, 277, 136, '', '2018-06-15 17:15:01', 16),
(31708, 277, 136, '', '2018-06-15 17:15:02', 16),
(31709, 277, 136, '', '2018-06-15 17:15:02', 16),
(31710, 277, 111, '', '2018-01-25 08:08:38', 5),
(31711, 277, 111, '', '2018-01-25 08:08:38', 9),
(31712, 277, 113, '', '2018-01-25 08:17:56', 5),
(31713, 277, 113, '', '2018-01-25 08:17:56', 9),
(31714, 277, 183, '', '2019-06-04 14:51:15', 6),
(31715, 277, 183, '', '2019-06-04 14:51:15', 26),
(31716, 277, 183, '', '2019-06-04 14:51:15', 27),
(31717, 277, 115, '', '2018-02-01 09:48:32', 5),
(31718, 277, 115, '', '2018-02-01 09:48:32', 6),
(31719, 277, 115, '', '2018-02-01 09:48:32', 8),
(31720, 277, 115, '', '2018-02-01 09:48:32', 9),
(31721, 277, 116, 'je me serais laisser plus de temps pour le montage photoshop', '2018-02-22 08:40:44', 5),
(31722, 277, 116, 'Leilou, Emely', '2018-02-22 08:40:44', 6),
(31723, 277, 116, 'J AI FAIS DES CLONES!!!', '2018-02-22 08:40:44', 8),
(31724, 277, 116, 'avec un appareil photo et Photoshop', '2018-02-22 08:40:44', 9),
(31725, 277, 175, '', '2019-06-04 15:16:46', 16),
(31726, 277, 188, '', '2019-06-04 15:44:10', 1),
(31727, 277, 188, '', '2019-06-04 15:44:10', 5),
(31728, 277, 167, 'ho le bô bateau !!!! :3', '2018-12-18 10:19:28', 16),
(31729, 277, 167, 'ho le bô bateau !!!! :3', '2018-12-18 10:19:28', 16),
(31730, 277, 167, 'ho le bô bateau !!!! :3', '2018-12-18 10:19:29', 16),
(31731, 277, 167, 'ho le bô bateau !!!! :3', '2018-12-18 10:19:29', 16),
(31732, 277, 190, 'c\'est vraiment chouette de manger des chaussettes (fallait que ça rime...)', '2019-06-12 11:41:18', 16),
(31733, 277, 190, 'c\'est vraiment chouette de manger des chaussettes (fallait que ça rime...)', '2019-06-12 11:41:18', 16),
(31734, 277, 190, 'c\'est vraiment chouette de manger des chaussettes (fallait que ça rime...)', '2019-06-12 11:41:18', 16),
(31735, 277, 190, 'c\'est vraiment chouette de manger des chaussettes (fallait que ça rime...)', '2019-06-12 11:41:18', 16),
(31736, 277, 122, 'je sais pas...', '2018-03-15 09:36:54', 5),
(31737, 277, 122, 'Pierre M et Eduardo', '2018-03-15 09:36:54', 6),
(31738, 277, 122, 'une photo d\'un O.V.N.I.', '2018-03-15 09:36:54', 8),
(31739, 277, 122, 'avec un appareil photo et un trépied', '2018-03-15 09:36:54', 9),
(31740, 277, 146, '', '2018-10-09 09:58:53', 1),
(31741, 277, 146, '', '2018-10-09 09:58:53', 1),
(31742, 277, 146, '', '2018-10-09 09:58:53', 1),
(31743, 277, 146, '', '2018-10-09 09:58:53', 1),
(31744, 277, 146, '', '2018-10-09 09:58:55', 1),
(31745, 277, 146, '', '2018-10-09 09:58:55', 1),
(31746, 277, 146, '', '2018-10-09 09:58:55', 1),
(31747, 277, 146, '', '2018-10-09 09:58:55', 1),
(31748, 277, 120, 'je sais pas', '2018-03-15 13:49:22', 5),
(31749, 277, 120, 'Pierre M et Eduardo', '2018-03-15 13:49:22', 6),
(31750, 277, 120, 'le Photomaton', '2018-03-15 13:49:22', 8),
(31751, 277, 120, 'avec un trepied et un appareil photo', '2018-03-15 13:49:22', 9),
(31752, 277, 77, '', '2017-09-28 07:56:29', 16),
(31753, 277, 145, '', '2018-10-09 09:57:17', 1),
(31754, 277, 145, '', '2018-10-09 09:57:17', 1),
(31755, 277, 145, '', '2018-10-09 09:57:18', 1),
(31756, 277, 145, '', '2018-10-09 09:57:18', 1),
(31757, 277, 146, '', '2018-10-09 09:58:51', 1),
(31758, 277, 146, '', '2018-10-09 09:58:51', 1),
(31759, 277, 146, '', '2018-10-09 09:58:51', 1),
(31760, 277, 146, '', '2018-10-09 09:58:51', 1),
(31761, 277, 146, '', '2018-10-09 09:58:52', 1),
(31762, 277, 146, '', '2018-10-09 09:58:52', 1),
(31763, 277, 146, '', '2018-10-09 09:58:52', 1),
(31764, 277, 146, '', '2018-10-09 09:58:52', 1),
(31765, 277, 138, 'j\'aime bien le Nutella... et les artrichaut', '2018-10-23 08:49:16', 5),
(31766, 278, 151, '', '2018-10-23 09:23:08', 16),
(31767, 278, 196, 'Je me suis concentrer plutôt sur l\'ombre de la personne que sur le sujet en lui-même. De mon point de vus, il donne un effet plus intéressant sur la pagaille du &quot;bureau&quot; qui est au alentour.', '2019-10-24 12:39:15', 28),
(31768, 278, 131, '--', '2018-06-07 14:53:47', 18),
(31769, 278, 131, '--', '2018-06-07 14:53:47', 18),
(31770, 278, 131, '--', '2018-06-07 14:53:48', 18),
(31771, 278, 131, '--', '2018-06-07 14:53:48', 18),
(31772, 278, 94, '', '2017-10-26 13:52:31', 5),
(31773, 278, 89, '', '2017-10-26 13:52:47', 2),
(31774, 278, 187, 'En plus de la superbe vidéo, j\'ai rajouté une musique d\'ambiance. J’espère qu\'elle va vous plaire.', '2019-05-21 16:02:10', 5),
(31775, 278, 161, 'Je ne veux pas me venter, mais l\'exercice n\'était pas si compliqué. =p', '2018-11-15 14:21:19', 1),
(31776, 278, 161, 'Je ne veux pas me venter, mais l\'exercice n\'était pas si compliqué. =p', '2018-11-15 14:21:19', 1),
(31777, 278, 161, 'Je ne veux pas me venter, mais l\'exercice n\'était pas si compliqué. =p', '2018-11-15 14:21:19', 1),
(31778, 278, 161, 'Je ne veux pas me venter, mais l\'exercice n\'était pas si compliqué. =p', '2018-11-15 14:21:19', 1),
(31779, 278, 161, 'Je ne veux pas me venter, mais l\'exercice n\'était pas si compliqué. =p', '2018-11-15 14:21:20', 1),
(31780, 278, 161, 'Je ne veux pas me venter, mais l\'exercice n\'était pas si compliqué. =p', '2018-11-15 14:21:20', 1),
(31781, 278, 161, 'Je ne veux pas me venter, mais l\'exercice n\'était pas si compliqué. =p', '2018-11-15 14:21:20', 1),
(31782, 278, 161, 'Je ne veux pas me venter, mais l\'exercice n\'était pas si compliqué. =p', '2018-11-15 14:21:20', 1),
(31783, 278, 109, '', '2017-12-15 11:40:31', 16),
(31784, 278, 109, '', '2017-12-15 11:40:31', 16),
(31785, 278, 161, 'Je ne veux pas me venter, mais l\'exercice n\'était pas si compliqué. =p', '2018-11-15 14:21:21', 1),
(31786, 278, 161, 'Je ne veux pas me venter, mais l\'exercice n\'était pas si compliqué. =p', '2018-11-15 14:21:21', 1),
(31787, 278, 161, 'Je ne veux pas me venter, mais l\'exercice n\'était pas si compliqué. =p', '2018-11-15 14:21:21', 1),
(31788, 278, 161, 'Je ne veux pas me venter, mais l\'exercice n\'était pas si compliqué. =p', '2018-11-15 14:21:21', 1),
(31789, 278, 109, '', '2017-12-15 11:40:31', 16),
(31790, 278, 109, '', '2017-12-15 11:40:31', 16),
(31791, 278, 161, 'Je ne veux pas me venter, mais l\'exercice n\'était pas si compliqué. =p', '2018-11-15 14:21:22', 1),
(31792, 278, 161, 'Je ne veux pas me venter, mais l\'exercice n\'était pas si compliqué. =p', '2018-11-15 14:21:22', 1),
(31793, 278, 161, 'Je ne veux pas me venter, mais l\'exercice n\'était pas si compliqué. =p', '2018-11-15 14:21:22', 1),
(31794, 278, 161, 'Je ne veux pas me venter, mais l\'exercice n\'était pas si compliqué. =p', '2018-11-15 14:21:22', 1),
(31795, 278, 206, '', '2019-12-17 10:03:06', 16),
(31796, 278, 136, 'J\'étais un peu perdu. :O', '2018-06-15 16:52:18', 16),
(31797, 278, 136, 'J\'étais un peu perdu. :O', '2018-06-15 16:52:18', 16),
(31798, 278, 136, 'J\'étais un peu perdu. :O', '2018-06-15 16:52:18', 16),
(31799, 278, 136, 'J\'étais un peu perdu. :O', '2018-06-15 16:52:18', 16),
(31800, 278, 164, 'La réadaptation du son sur Adobe Premier avec les fichier son.', '2018-12-06 13:29:42', 1),
(31801, 278, 164, 'Le mixage est difficile.', '2018-12-06 13:29:42', 2),
(31802, 278, 113, '', '2018-01-25 13:57:58', 5),
(31803, 278, 113, '', '2018-01-25 13:57:58', 9),
(31804, 278, 111, '', '2018-01-25 14:20:56', 5),
(31805, 278, 111, '', '2018-01-25 14:20:56', 9),
(31806, 278, 188, '', '2019-06-04 14:50:05', 1),
(31807, 278, 188, '', '2019-06-04 14:50:05', 5),
(31808, 278, 181, 'J\'étais seul en AV, mais je travaillais avec matteo en HA.', '2019-06-04 15:01:10', 6),
(31809, 278, 181, '', '2019-06-04 15:01:10', 26),
(31810, 278, 181, '', '2019-06-04 15:01:10', 27),
(31811, 278, 175, '', '2019-06-04 15:09:01', 16),
(31812, 278, 116, '', '2018-02-22 08:45:49', 5),
(31813, 278, 116, '', '2018-02-22 08:45:49', 6),
(31814, 278, 116, '', '2018-02-22 08:45:49', 8),
(31815, 278, 116, '', '2018-02-22 08:45:49', 9),
(31816, 278, 115, '', '2018-02-22 14:49:12', 5),
(31817, 278, 115, 'Anthoni et eduardo', '2018-02-22 14:49:12', 6),
(31818, 278, 115, 'Un panorama', '2018-02-22 14:49:12', 8),
(31819, 278, 115, 'J\'ai fais plein de photo qui se sont coller et puis je l\'ai mit sur photoshop, ensuite j\'ai rogner.', '2018-02-22 14:49:12', 9),
(31820, 278, 190, '', '2019-06-12 13:57:54', 16),
(31821, 278, 190, '', '2019-06-12 13:57:54', 16),
(31822, 278, 167, 'Je trouve que mon travail est bien fait, mais je n\'ai pas réussis à le faire en cinq minutes. Bonne correction, et passer d\'exellent vacance de Noël.', '2018-12-18 11:17:59', 16),
(31823, 278, 167, 'Je trouve que mon travail est bien fait, mais je n\'ai pas réussis à le faire en cinq minutes. Bonne correction, et passer d\'exellent vacance de Noël.', '2018-12-18 11:17:59', 16),
(31824, 278, 190, '', '2019-06-12 13:57:54', 16),
(31825, 278, 190, '', '2019-06-12 13:57:54', 16),
(31826, 278, 167, 'Je trouve que mon travail est bien fait, mais je n\'ai pas réussis à le faire en cinq minutes. Bonne correction, et passer d\'exellent vacance de Noël.', '2018-12-18 11:18:00', 16),
(31827, 278, 167, 'Je trouve que mon travail est bien fait, mais je n\'ai pas réussis à le faire en cinq minutes. Bonne correction, et passer d\'exellent vacance de Noël.', '2018-12-18 11:18:00', 16),
(31828, 278, 120, '', '2018-03-08 10:02:00', 5),
(31829, 278, 120, 'Emely et Leilou', '2018-03-08 10:02:00', 6),
(31830, 278, 120, 'Photomaton', '2018-03-08 10:02:00', 8),
(31831, 278, 120, '', '2018-03-08 10:02:00', 9),
(31832, 278, 146, 'Da général Helin, moi je vous remettre se joli travail.', '2018-10-09 09:55:56', 1),
(31833, 278, 146, 'Da général Helin, moi je vous remettre se joli travail.', '2018-10-09 09:55:56', 1),
(31834, 278, 146, 'Da général Helin, moi je vous remettre se joli travail.', '2018-10-09 09:55:56', 1),
(31835, 278, 146, 'Da général Helin, moi je vous remettre se joli travail.', '2018-10-09 09:55:56', 1),
(31836, 278, 146, 'Da général Helin, moi je vous remettre se joli travail.', '2018-10-09 09:55:56', 1),
(31837, 278, 146, 'Da général Helin, moi je vous remettre se joli travail.', '2018-10-09 09:55:58', 1),
(31838, 278, 146, 'Da général Helin, moi je vous remettre se joli travail.', '2018-10-09 09:55:58', 1),
(31839, 278, 146, 'Da général Helin, moi je vous remettre se joli travail.', '2018-10-09 09:55:58', 1),
(31840, 278, 146, 'Da général Helin, moi je vous remettre se joli travail.', '2018-10-09 09:55:58', 1),
(31841, 278, 146, 'Da général Helin, moi je vous remettre se joli travail.', '2018-10-09 09:55:58', 1),
(31842, 278, 145, '', '2018-10-09 09:56:16', 1),
(31843, 278, 145, '', '2018-10-09 09:56:16', 1),
(31844, 278, 145, '', '2018-10-09 09:56:16', 1),
(31845, 278, 145, '', '2018-10-09 09:56:18', 1),
(31846, 278, 145, '', '2018-10-09 09:56:18', 1),
(31847, 278, 145, '', '2018-10-09 09:56:18', 1),
(31848, 278, 122, '', '2018-03-15 09:46:21', 5),
(31849, 278, 122, '', '2018-03-15 09:46:21', 6),
(31850, 278, 122, '', '2018-03-15 09:46:21', 8),
(31851, 278, 122, '', '2018-03-15 09:46:21', 9),
(31852, 278, 77, '', '2017-09-28 07:53:43', 16),
(31853, 278, 146, 'Da général Helin, moi je vous remettre se joli travail.', '2018-10-09 09:55:53', 1),
(31854, 278, 146, 'Da général Helin, moi je vous remettre se joli travail.', '2018-10-09 09:55:53', 1),
(31855, 278, 146, 'Da général Helin, moi je vous remettre se joli travail.', '2018-10-09 09:55:53', 1),
(31856, 278, 146, 'Da général Helin, moi je vous remettre se joli travail.', '2018-10-09 09:55:53', 1),
(31857, 278, 146, 'Da général Helin, moi je vous remettre se joli travail.', '2018-10-09 09:55:53', 1),
(31858, 278, 146, 'Da général Helin, moi je vous remettre se joli travail.', '2018-10-09 09:55:54', 1),
(31859, 278, 146, 'Da général Helin, moi je vous remettre se joli travail.', '2018-10-09 09:55:54', 1),
(31860, 278, 146, 'Da général Helin, moi je vous remettre se joli travail.', '2018-10-09 09:55:54', 1),
(31861, 278, 146, 'Da général Helin, moi je vous remettre se joli travail.', '2018-10-09 09:55:54', 1),
(31862, 278, 146, 'Da général Helin, moi je vous remettre se joli travail.', '2018-10-09 09:55:54', 1),
(31863, 278, 146, 'Da général Helin, moi je vous remettre se joli travail.', '2018-10-09 09:55:55', 1),
(31864, 278, 146, 'Da général Helin, moi je vous remettre se joli travail.', '2018-10-09 09:55:55', 1),
(31865, 278, 146, 'Da général Helin, moi je vous remettre se joli travail.', '2018-10-09 09:55:55', 1),
(31866, 278, 146, 'Da général Helin, moi je vous remettre se joli travail.', '2018-10-09 09:55:55', 1),
(31867, 278, 146, 'Da général Helin, moi je vous remettre se joli travail.', '2018-10-09 09:55:55', 1),
(31868, 278, 145, '', '2018-10-09 09:56:15', 1),
(31869, 278, 145, '', '2018-10-09 09:56:15', 1),
(31870, 278, 145, '', '2018-10-09 09:56:15', 1),
(31871, 279, 196, 'Pour donner un effect shooting photo à mon modéle avant le &quot;Probléme&quot; :D', '2019-10-18 10:03:12', 28),
(31872, 279, 146, '', '2018-10-23 08:54:16', 1),
(31873, 279, 146, '', '2018-10-23 08:54:16', 1),
(31874, 279, 146, '', '2018-10-23 08:54:16', 1),
(31875, 279, 146, '', '2018-10-23 08:54:18', 1),
(31876, 279, 146, '', '2018-10-23 08:54:18', 1),
(31877, 279, 146, '', '2018-10-23 08:54:18', 1),
(31878, 279, 146, '', '2018-10-23 08:54:19', 1),
(31879, 279, 146, '', '2018-10-23 08:54:19', 1),
(31880, 279, 146, '', '2018-10-23 08:54:19', 1),
(31881, 279, 138, '', '2018-10-23 08:54:36', 5),
(31882, 279, 120, 'plus d\'espace au niveau du château n\'aurais pas fait de mal', '2018-05-24 14:22:22', 5),
(31883, 279, 120, 'Pierre D', '2018-05-24 14:22:22', 6),
(31884, 279, 120, 'Panorama', '2018-05-24 14:22:22', 8),
(31885, 279, 120, 'trépied et faire attention pour qu\'il y ai des raccord entre les photos ', '2018-05-24 14:22:22', 9),
(31886, 279, 145, '', '2018-10-23 08:56:29', 1),
(31887, 279, 145, '', '2018-10-23 08:56:29', 1),
(31888, 279, 145, '', '2018-10-23 08:56:29', 1),
(31889, 279, 145, '', '2018-10-23 08:56:30', 1),
(31890, 279, 145, '', '2018-10-23 08:56:30', 1),
(31891, 279, 145, '', '2018-10-23 08:56:30', 1),
(31892, 279, 145, '', '2018-10-23 08:56:31', 1),
(31893, 279, 145, '', '2018-10-23 08:56:31', 1),
(31894, 279, 145, '', '2018-10-23 08:56:31', 1),
(31895, 279, 151, '', '2018-10-23 09:35:01', 16),
(31896, 279, 94, '', '2017-10-26 13:36:25', 5),
(31897, 279, 131, 'J\'ai fait se qu\'il mes passé par la tête :)', '2018-06-07 09:43:43', 18),
(31898, 279, 131, 'J\'ai fait se qu\'il mes passé par la tête :)', '2018-06-07 09:43:43', 18),
(31899, 279, 181, 'PierreM, Jamy', '2019-03-28 13:56:09', 6),
(31900, 279, 181, 'Beaucoup de bruit différent mais un petit probleme dans la course, le câble tape l\'enregistreur mais on a pas réussi a le retiré', '2019-03-28 13:56:09', 26),
(31901, 279, 181, 'Certain bruit on été enregistrer par nous même ce qui fait un plus pour la musique, satisfait de se travaille', '2019-03-28 13:56:09', 27),
(31902, 279, 131, 'J\'ai fait se qu\'il mes passé par la tête :)', '2018-06-07 09:43:43', 18),
(31903, 279, 131, 'J\'ai fait se qu\'il mes passé par la tête :)', '2018-06-07 09:43:43', 18),
(31904, 279, 161, 'J\'ai rater une photo avec le fond blanc', '2018-11-15 14:10:44', 1),
(31905, 279, 161, 'J\'ai rater une photo avec le fond blanc', '2018-11-15 14:10:44', 1),
(31906, 279, 161, 'J\'ai rater une photo avec le fond blanc', '2018-11-15 14:10:44', 1),
(31907, 279, 161, 'J\'ai rater une photo avec le fond blanc', '2018-11-15 14:10:44', 1),
(31908, 279, 161, 'J\'ai rater une photo avec le fond blanc', '2018-11-15 14:10:47', 1),
(31909, 279, 161, 'J\'ai rater une photo avec le fond blanc', '2018-11-15 14:10:47', 1),
(31910, 279, 161, 'J\'ai rater une photo avec le fond blanc', '2018-11-15 14:10:47', 1),
(31911, 279, 161, 'J\'ai rater une photo avec le fond blanc', '2018-11-15 14:10:47', 1),
(31912, 279, 161, 'J\'ai rater une photo avec le fond blanc', '2018-11-15 14:10:49', 1),
(31913, 279, 161, 'J\'ai rater une photo avec le fond blanc', '2018-11-15 14:10:49', 1),
(31914, 279, 161, 'J\'ai rater une photo avec le fond blanc', '2018-11-15 14:10:49', 1),
(31915, 279, 161, 'J\'ai rater une photo avec le fond blanc', '2018-11-15 14:10:49', 1),
(31916, 279, 161, 'J\'ai rater une photo avec le fond blanc', '2018-11-15 14:10:52', 1),
(31917, 279, 161, 'J\'ai rater une photo avec le fond blanc', '2018-11-15 14:10:52', 1),
(31918, 279, 161, 'J\'ai rater une photo avec le fond blanc', '2018-11-15 14:10:52', 1),
(31919, 279, 161, 'J\'ai rater une photo avec le fond blanc', '2018-11-15 14:10:52', 1),
(31920, 279, 187, '', '2019-05-21 16:10:07', 5),
(31921, 279, 109, '', '2017-12-15 10:57:10', 16),
(31922, 279, 109, '', '2017-12-15 10:57:10', 16),
(31923, 279, 109, '', '2017-12-15 10:57:11', 16),
(31924, 279, 109, '', '2017-12-15 10:57:11', 16),
(31925, 279, 136, 'Un peu flou, et cadrage un peu trop proche', '2018-06-15 16:24:26', 16),
(31926, 279, 136, 'Un peu flou, et cadrage un peu trop proche', '2018-06-15 16:24:26', 16),
(31927, 279, 136, 'Un peu flou, et cadrage un peu trop proche', '2018-06-15 16:24:27', 16),
(31928, 279, 136, 'Un peu flou, et cadrage un peu trop proche', '2018-06-15 16:24:27', 16),
(31929, 279, 206, '', '2019-12-17 10:06:10', 16),
(31930, 279, 164, '', '2018-12-06 13:22:00', 1),
(31931, 279, 164, 'Le montage/mixage', '2018-12-06 13:22:00', 2),
(31932, 279, 111, '', '2018-01-25 09:04:00', 5),
(31933, 279, 111, 'Fait avec un trépied et des marques au sol x)', '2018-01-25 09:04:00', 9),
(31934, 279, 113, '', '2018-01-25 13:36:54', 5),
(31935, 279, 113, 'Fait a l\'arrache&lt;br/&gt;', '2018-01-25 13:36:54', 9),
(31936, 279, 188, '', '2019-06-04 14:51:22', 1),
(31937, 279, 188, 'Plus net', '2019-06-04 14:51:22', 5),
(31938, 279, 115, '', '2018-02-01 09:34:49', 5),
(31939, 279, 115, 'PierreM,Julie', '2018-02-01 09:34:49', 6),
(31940, 279, 115, 'High-key', '2018-02-01 09:34:49', 8),
(31941, 279, 115, 'On a utilisé le ciel en fond blanc en mode monochrome.', '2018-02-01 09:34:49', 9),
(31942, 279, 116, '', '2018-02-22 08:45:29', 5),
(31943, 279, 116, 'Julie,Pierre M', '2018-02-22 08:45:29', 6),
(31944, 279, 116, 'Les Clones', '2018-02-22 08:45:29', 8),
(31945, 279, 116, 'Trois photos + Photoshop', '2018-02-22 08:45:29', 9),
(31946, 279, 175, '', '2019-06-04 16:06:55', 16),
(31947, 279, 190, '', '2019-06-12 09:35:24', 16),
(31948, 279, 190, '', '2019-06-12 09:35:24', 16),
(31949, 279, 190, '', '2019-06-12 09:35:24', 16),
(31950, 279, 190, '', '2019-06-12 09:35:24', 16),
(31951, 279, 167, 'Pas net :\'(', '2018-12-18 11:25:34', 16),
(31952, 279, 167, 'Pas net :\'(', '2018-12-18 11:25:34', 16),
(31953, 279, 167, 'Pas net :\'(', '2018-12-18 11:25:36', 16),
(31954, 279, 167, 'Pas net :\'(', '2018-12-18 11:25:36', 16),
(31955, 279, 122, '', '2018-03-15 13:42:18', 5),
(31956, 279, 122, 'Anthony', '2018-03-15 13:42:18', 6),
(31957, 279, 122, 'Le photomaton', '2018-03-15 13:42:18', 8),
(31958, 279, 122, 'utlisation d\'un projecteur situé en hauteur dérriére l\'appareil avec 1/1 de puissance', '2018-03-15 13:42:18', 9),
(31959, 279, 77, '', '2017-09-28 07:55:39', 16),
(31960, 279, 89, 'je sais pas si il fallait mettre une photo quand on est devant ou dérierre l\'appareil donc dans le doute je mets celle ou je suis le modele :)', '2017-10-09 12:12:23', 2),
(31961, 281, 138, '', '2018-10-23 08:51:02', 5),
(31962, 281, 196, 'Pour donner un aire flippant au modele, pour lui donner un air de tueur.', '2019-10-18 09:52:27', 28),
(31963, 281, 146, '', '2018-10-23 08:55:04', 1),
(31964, 281, 146, '', '2018-10-23 08:55:04', 1),
(31965, 281, 146, '', '2018-10-23 08:55:04', 1),
(31966, 281, 146, '', '2018-10-23 08:55:04', 1),
(31967, 281, 146, '', '2018-10-23 08:55:04', 1),
(31968, 281, 146, '', '2018-10-23 08:55:05', 1),
(31969, 281, 146, '', '2018-10-23 08:55:05', 1),
(31970, 281, 146, '', '2018-10-23 08:55:05', 1),
(31971, 281, 146, '', '2018-10-23 08:55:05', 1),
(31972, 281, 146, '', '2018-10-23 08:55:05', 1),
(31973, 281, 146, '', '2018-10-23 08:55:06', 1),
(31974, 281, 146, '', '2018-10-23 08:55:06', 1),
(31975, 281, 146, '', '2018-10-23 08:55:06', 1),
(31976, 281, 146, '', '2018-10-23 08:55:06', 1),
(31977, 281, 146, '', '2018-10-23 08:55:06', 1),
(31978, 281, 131, '', '2018-06-07 09:30:26', 18),
(31979, 281, 131, '', '2018-06-07 09:30:26', 18),
(31980, 281, 131, '', '2018-06-07 09:30:28', 18),
(31981, 281, 131, '', '2018-06-07 09:30:28', 18),
(31982, 281, 94, '', '2017-10-26 13:38:19', 5),
(31983, 281, 181, 'Jamy Everaets&lt;br/&gt;Kevin Hejda&lt;br/&gt;', '2019-03-28 14:13:05', 6),
(31984, 281, 181, 'J\'ai du mal a régler le volume d\'une piste comparer a une autre. J\'ai également du mal a régler la stéréo.&lt;br/&gt;En revanche je n\'ai pas trop de mal a incruster un son dans un projet et a régler a la second prêt son incrustation.&lt;br/&gt;', '2019-03-28 14:13:05', 26),
(31985, 281, 181, 'Notre point de vue collectif de l\'histoire que l\'on a voulu faire passer dans cette bande son.&lt;br/&gt;&lt;br/&gt;&lt;br/&gt;', '2019-03-28 14:13:05', 27),
(31986, 281, 151, '', '2018-10-23 09:41:47', 16),
(31987, 281, 187, '', '2019-05-21 16:13:06', 5),
(31988, 281, 109, '', '2017-12-15 11:32:18', 16),
(31989, 281, 109, '', '2017-12-15 11:32:18', 16),
(31990, 281, 109, '', '2017-12-15 11:32:20', 16),
(31991, 281, 109, '', '2017-12-15 11:32:20', 16),
(31992, 281, 136, '', '2018-06-15 16:02:03', 16),
(31993, 281, 136, '', '2018-06-15 16:02:03', 16),
(31994, 281, 136, '', '2018-06-15 16:02:04', 16),
(31995, 281, 136, '', '2018-06-15 16:02:04', 16),
(31996, 281, 206, 'Sur la deuxième séquence ... il y a des reflet ...', '2019-12-17 09:46:40', 16),
(31997, 281, 164, '', '2018-12-06 13:08:12', 1),
(31998, 281, 164, 'A incorporer du son sur une image.', '2018-12-06 13:08:12', 2),
(31999, 281, 111, '', '2018-01-25 08:09:38', 5),
(32000, 281, 111, '', '2018-01-25 08:09:38', 9),
(32001, 281, 113, '', '2018-01-25 08:18:08', 5),
(32002, 281, 113, '', '2018-01-25 08:18:08', 9),
(32003, 281, 115, '', '2018-02-01 09:33:58', 5),
(32004, 281, 115, 'Julie , Kevin', '2018-02-01 09:33:58', 6),
(32005, 281, 115, 'High-Key', '2018-02-01 09:33:58', 8),
(32006, 281, 115, 'On a utilisé le ciel en fond blanc en mode monochrome.', '2018-02-01 09:33:58', 9),
(32007, 281, 116, 'En faisant en sorte de ne pas couper les jambes de mon camarade.', '2018-02-22 08:46:07', 5),
(32008, 281, 116, 'Julie Cazin et Kevin Hejda.', '2018-02-22 08:46:07', 6),
(32009, 281, 116, 'Le defi clone.', '2018-02-22 08:46:07', 8),
(32010, 281, 116, 'en prenand des photo avec le meme fond et en superposant grace a photoshop', '2018-02-22 08:46:07', 9),
(32011, 281, 190, '', '2019-06-12 10:24:12', 16),
(32012, 281, 190, '', '2019-06-12 10:24:12', 16),
(32013, 281, 190, '', '2019-06-12 10:24:12', 16),
(32014, 281, 190, '', '2019-06-12 10:24:12', 16),
(32015, 281, 167, 'la premiere est rater &lt;br/&gt;', '2018-12-18 11:05:46', 16),
(32016, 281, 167, 'la premiere est rater &lt;br/&gt;', '2018-12-18 11:05:46', 16),
(32017, 281, 167, 'la premiere est rater &lt;br/&gt;', '2018-12-18 11:05:47', 16),
(32018, 281, 167, 'la premiere est rater &lt;br/&gt;', '2018-12-18 11:05:47', 16),
(32019, 281, 120, 'La sur-exposition des dernière photo', '2018-03-08 09:59:50', 5),
(32020, 281, 120, 'Pierre D , Edouardo', '2018-03-08 09:59:50', 6),
(32021, 281, 120, 'Photomathon', '2018-03-08 09:59:50', 8),
(32022, 281, 120, 'Grace a des flash diriger vers le sujet et vers le fond ', '2018-03-08 09:59:50', 9),
(32023, 281, 146, '', '2018-10-23 08:55:07', 1),
(32024, 281, 146, '', '2018-10-23 08:55:07', 1),
(32025, 281, 146, '', '2018-10-23 08:55:07', 1),
(32026, 281, 146, '', '2018-10-23 08:55:07', 1),
(32027, 281, 146, '', '2018-10-23 08:55:07', 1),
(32028, 281, 122, 'Faire en sorte que l\'ovni soit plus centrer dans le ciel et que le temoin ne regarde pas l\'appareille photo.', '2018-03-15 09:34:24', 5),
(32029, 281, 122, 'Pierre D , Edouardo.', '2018-03-15 09:34:24', 6),
(32030, 281, 122, 'L\'ovni.', '2018-03-15 09:34:24', 8),
(32031, 281, 122, 'On a placer un appareille photo en contre plonger montrant bien le ciel et l\'ovni.&lt;br/&gt;Un temps de pose assez court pour que l\'ovni soit flou.', '2018-03-15 09:34:24', 9),
(32032, 281, 146, '', '2018-10-23 08:55:08', 1),
(32033, 281, 146, '', '2018-10-23 08:55:08', 1),
(32034, 281, 146, '', '2018-10-23 08:55:08', 1),
(32035, 281, 146, '', '2018-10-23 08:55:08', 1),
(32036, 281, 146, '', '2018-10-23 08:55:08', 1),
(32037, 281, 77, '', '2017-09-28 07:56:05', 16),
(32038, 281, 175, '', '2019-02-12 15:51:34', 16),
(32039, 281, 89, '', '2017-10-09 12:11:13', 2),
(32040, 282, 146, '', '2018-10-23 09:33:46', 1),
(32041, 282, 146, '', '2018-10-23 09:33:46', 1),
(32042, 282, 146, '', '2018-10-23 09:33:46', 1),
(32043, 282, 146, '', '2018-10-23 09:33:46', 1),
(32044, 282, 146, '', '2018-10-23 09:33:46', 1),
(32045, 282, 145, '', '2018-10-23 09:32:24', 1),
(32046, 282, 145, '', '2018-10-23 09:32:24', 1),
(32047, 282, 145, '', '2018-10-23 09:32:24', 1),
(32048, 282, 145, '', '2018-10-23 09:32:24', 1),
(32049, 282, 145, '', '2018-10-23 09:32:24', 1),
(32050, 282, 145, '', '2018-10-23 09:32:24', 1),
(32051, 282, 145, '', '2018-10-23 09:32:22', 1),
(32052, 282, 145, '', '2018-10-23 09:32:22', 1),
(32053, 282, 145, '', '2018-10-23 09:32:22', 1),
(32054, 282, 146, '', '2018-10-23 09:33:41', 1),
(32055, 282, 146, '', '2018-10-23 09:33:41', 1),
(32056, 282, 146, '', '2018-10-23 09:33:41', 1),
(32057, 282, 146, '', '2018-10-23 09:33:41', 1),
(32058, 282, 146, '', '2018-10-23 09:33:41', 1),
(32059, 282, 146, '', '2018-10-23 09:33:43', 1),
(32060, 282, 146, '', '2018-10-23 09:33:43', 1),
(32061, 282, 146, '', '2018-10-23 09:33:43', 1),
(32062, 282, 146, '', '2018-10-23 09:33:43', 1),
(32063, 282, 146, '', '2018-10-23 09:33:43', 1),
(32064, 282, 146, '', '2018-10-23 09:33:44', 1),
(32065, 282, 146, '', '2018-10-23 09:33:44', 1),
(32066, 282, 146, '', '2018-10-23 09:33:44', 1),
(32067, 282, 146, '', '2018-10-23 09:33:44', 1),
(32068, 282, 146, '', '2018-10-23 09:33:44', 1),
(32069, 282, 146, '', '2018-10-23 09:33:45', 1),
(32070, 282, 146, '', '2018-10-23 09:33:45', 1),
(32071, 282, 146, '', '2018-10-23 09:33:45', 1),
(32072, 282, 146, '', '2018-10-23 09:33:45', 1),
(32073, 282, 146, '', '2018-10-23 09:33:45', 1),
(32074, 282, 181, 'Alicia, Thèrèse, Lily et moi', '2019-03-28 13:46:55', 6),
(32075, 282, 181, 'Mon point fort était surtout de faire les modifications et des raccords et d\'autres modifications basiques dans le projet. Alicia ayant bien effectué le plus gros du projet, je n\'ai dû faire que quelques modifications à sa place et l\'aider dans ses choix de dispositions.', '2019-03-28 13:46:55', 26),
(32076, 282, 181, 'Mon imagination était un bon point fort du projet, ayant permis de fournir des tas d\'idées, dont le contexte général et bien développer l\'aspect psychologique du patient. Le point faible était que parfois je restais trop fixée sur ce que j\'imaginais comme sons et donc, gaspillais beaucoup de temps à chercher quelque chose de proche de mon imagination.', '2019-03-28 13:46:55', 27),
(32077, 282, 131, '', '2018-06-07 14:43:48', 18),
(32078, 282, 131, '', '2018-06-07 14:43:48', 18),
(32079, 282, 89, '', '2017-10-26 14:04:13', 2),
(32080, 282, 131, '', '2018-06-07 14:43:49', 18),
(32081, 282, 131, '', '2018-06-07 14:43:49', 18),
(32082, 282, 151, '', '2018-10-23 10:04:35', 16),
(32083, 282, 94, 'L\'effet de gravitation n\'est pas parfait donc ça aurait été bien de retravailler ça pour donner une meilleure impression de gravité inversée.', '2017-10-26 14:06:49', 5),
(32084, 282, 204, '', '2019-12-11 11:15:24', 22),
(32085, 282, 204, '', '2019-12-11 11:15:24', 22),
(32086, 282, 204, '', '2019-12-11 11:15:25', 22),
(32087, 282, 204, '', '2019-12-11 11:15:25', 22),
(32088, 282, 161, 'Les photos sont toutes floues donc si c\'était à refaire, je penserais à utiliser un pied.', '2018-11-15 14:17:11', 1),
(32089, 282, 161, 'Les photos sont toutes floues donc si c\'était à refaire, je penserais à utiliser un pied.', '2018-11-15 14:17:11', 1),
(32090, 282, 161, 'Les photos sont toutes floues donc si c\'était à refaire, je penserais à utiliser un pied.', '2018-11-15 14:17:11', 1),
(32091, 282, 161, 'Les photos sont toutes floues donc si c\'était à refaire, je penserais à utiliser un pied.', '2018-11-15 14:17:11', 1),
(32092, 282, 161, 'Les photos sont toutes floues donc si c\'était à refaire, je penserais à utiliser un pied.', '2018-11-15 14:17:12', 1),
(32093, 282, 161, 'Les photos sont toutes floues donc si c\'était à refaire, je penserais à utiliser un pied.', '2018-11-15 14:17:12', 1),
(32094, 282, 161, 'Les photos sont toutes floues donc si c\'était à refaire, je penserais à utiliser un pied.', '2018-11-15 14:17:12', 1),
(32095, 282, 161, 'Les photos sont toutes floues donc si c\'était à refaire, je penserais à utiliser un pied.', '2018-11-15 14:17:12', 1),
(32096, 282, 187, '', '2019-05-21 16:14:01', 5),
(32097, 282, 161, 'Les photos sont toutes floues donc si c\'était à refaire, je penserais à utiliser un pied.', '2018-11-15 14:17:13', 1),
(32098, 282, 161, 'Les photos sont toutes floues donc si c\'était à refaire, je penserais à utiliser un pied.', '2018-11-15 14:17:13', 1),
(32099, 282, 161, 'Les photos sont toutes floues donc si c\'était à refaire, je penserais à utiliser un pied.', '2018-11-15 14:17:13', 1),
(32100, 282, 161, 'Les photos sont toutes floues donc si c\'était à refaire, je penserais à utiliser un pied.', '2018-11-15 14:17:13', 1),
(32101, 282, 161, 'Les photos sont toutes floues donc si c\'était à refaire, je penserais à utiliser un pied.', '2018-11-15 14:17:14', 1),
(32102, 282, 161, 'Les photos sont toutes floues donc si c\'était à refaire, je penserais à utiliser un pied.', '2018-11-15 14:17:14', 1),
(32103, 282, 161, 'Les photos sont toutes floues donc si c\'était à refaire, je penserais à utiliser un pied.', '2018-11-15 14:17:14', 1),
(32104, 282, 161, 'Les photos sont toutes floues donc si c\'était à refaire, je penserais à utiliser un pied.', '2018-11-15 14:17:14', 1),
(32105, 282, 109, 'Non', '2017-12-15 12:06:05', 16),
(32106, 282, 109, 'Non', '2017-12-15 12:06:05', 16),
(32107, 282, 109, 'Non', '2017-12-15 12:06:06', 16),
(32108, 282, 109, 'Non', '2017-12-15 12:06:06', 16),
(32109, 282, 136, '', '2018-06-15 16:49:23', 16),
(32110, 282, 136, '', '2018-06-15 16:49:23', 16),
(32111, 282, 136, '', '2018-06-15 16:49:24', 16),
(32112, 282, 136, '', '2018-06-15 16:49:24', 16);
INSERT INTO `self_assessment_answer` (`id`, `student_id`, `project_id`, `answer`, `datetime`, `self_assessment_question_id`) VALUES
(32113, 282, 164, 'Certains passages de la vidéo étaient très rapides donc y mettre des sons n\'a pas toujours été évident mais à l\'avenir, ce fait ne posera plus trop de problèmes.', '2018-12-06 13:34:19', 1),
(32114, 282, 164, 'J\'ai appris à mettre du son sur de la vidéo et je trouve qu\'en terme d\'ambiance, le résultat était assez bon.', '2018-12-06 13:34:19', 2),
(32115, 282, 111, '', '2018-01-25 08:21:12', 5),
(32116, 282, 111, '', '2018-01-25 08:21:12', 9),
(32117, 282, 188, '', '2019-06-04 14:55:52', 1),
(32118, 282, 188, 'Avoir un fond plus foncé pour plus de contrastes entre celui-ci et la chemise que porte le produit, Jamy', '2019-06-04 14:55:52', 5),
(32119, 282, 115, '', '2018-02-01 09:49:29', 5),
(32120, 282, 115, '', '2018-02-01 09:49:29', 6),
(32121, 282, 115, '', '2018-02-01 09:49:29', 8),
(32122, 282, 115, '', '2018-02-01 09:49:29', 9),
(32123, 282, 116, '', '2018-02-22 08:38:47', 5),
(32124, 282, 116, '', '2018-02-22 08:38:47', 6),
(32125, 282, 116, '', '2018-02-22 08:38:47', 8),
(32126, 282, 116, '', '2018-02-22 08:38:47', 9),
(32127, 282, 113, '-', '2018-02-22 15:18:26', 5),
(32128, 282, 113, '-', '2018-02-22 15:18:26', 9),
(32129, 282, 167, 'Les photos ne sont pas nettes du tout car je me suis plus attardée sur le fait d\'être rapide que faire une bonne photo donc la prochaine fois, je devrais faire plus attention à ce détail également.', '2018-12-18 10:33:55', 16),
(32130, 282, 167, 'Les photos ne sont pas nettes du tout car je me suis plus attardée sur le fait d\'être rapide que faire une bonne photo donc la prochaine fois, je devrais faire plus attention à ce détail également.', '2018-12-18 10:33:55', 16),
(32131, 282, 167, 'Les photos ne sont pas nettes du tout car je me suis plus attardée sur le fait d\'être rapide que faire une bonne photo donc la prochaine fois, je devrais faire plus attention à ce détail également.', '2018-12-18 10:33:56', 16),
(32132, 282, 167, 'Les photos ne sont pas nettes du tout car je me suis plus attardée sur le fait d\'être rapide que faire une bonne photo donc la prochaine fois, je devrais faire plus attention à ce détail également.', '2018-12-18 10:33:56', 16),
(32133, 282, 138, '', '2018-10-01 13:44:17', 5),
(32134, 282, 190, '', '2019-06-12 13:28:37', 16),
(32135, 282, 190, '', '2019-06-12 13:28:37', 16),
(32136, 282, 190, '', '2019-06-12 13:28:37', 16),
(32137, 282, 190, '', '2019-06-12 13:28:37', 16),
(32138, 282, 195, '', '2019-09-13 15:23:23', 5),
(32139, 282, 195, '', '2019-09-13 15:23:23', 22),
(32140, 282, 120, '', '2018-03-08 10:03:07', 5),
(32141, 282, 120, '', '2018-03-08 10:03:07', 6),
(32142, 282, 120, '', '2018-03-08 10:03:07', 8),
(32143, 282, 120, '', '2018-03-08 10:03:07', 9),
(32144, 282, 197, 'Prendre un peu plus de temps pour moi à la conception de la photo.', '2019-10-01 14:01:04', 5),
(32145, 282, 197, 'Mon concept est que les ondulations de la chaleur rendent l\'image floue, pour mettre une ambiance lourde en température.', '2019-10-01 14:01:04', 22),
(32146, 282, 122, '', '2018-03-15 09:43:56', 5),
(32147, 282, 122, '', '2018-03-15 09:43:56', 6),
(32148, 282, 122, '', '2018-03-15 09:43:56', 8),
(32149, 282, 122, '', '2018-03-15 09:43:56', 9),
(32150, 282, 220, 'Respect des consignes 	monté un film image par image de manière a rendre les mouvements crédibles                                            M&lt;br/&gt;Respect des consignes 	réalisé une pixilation comportant au moins un lévitation ou le déplacement improbable d\'un humain        M&lt;br/&gt;Qualité image 	utilisé des images bien exposées, cadrées, mises au point                                                                                                  M                                                                                  &lt;br/&gt;', '2020-03-03 10:53:51', 29),
(32151, 282, 220, 'Trouver une meilleure solution avec mes problèmes d\'exportation et essayer d\'avoir un rendu un peu moins saccadé. Peut-être également changer les prises de plan pour faire quelque chose de plus dynamique.', '2020-03-03 10:53:51', 5),
(32152, 282, 77, '', '2017-09-28 07:56:59', 16),
(32153, 282, 219, 'J\'ai essentiellement manqué de gestion de temps par rapport à la période donnée à cause de diverses soucis tels que des plantages de logiciels ou des soucis à utiliser ceux-ci, des ordinateurs lents et ayant de mauvaises versions, le local son fréquemment occupé, cela compliquant les enregistrements à faire et le calme à y avoir.', '2020-03-03 11:35:53', 1),
(32154, 282, 219, 'produit une bande sonore exempte de parasites ou distorsions inadéquates                         M&lt;br/&gt;sonorisé toutes les actions demandant un bruitage 	                                                                EA&lt;br/&gt;mixé les pistes et les bruitages entre eux, pour former un tout homogène et cohérent 	EA&lt;br/&gt;ajouté une piste ambiance                                                                                                                 NA', '2020-03-03 11:35:53', 29),
(32155, 282, 175, '', '2019-02-12 15:55:21', 16),
(32156, 283, 145, '', '2018-10-23 08:49:29', 1),
(32157, 283, 145, '', '2018-10-23 08:49:29', 1),
(32158, 283, 138, '', '2018-10-23 08:52:33', 5),
(32159, 283, 131, '', '2018-06-07 14:52:05', 18),
(32160, 283, 131, '', '2018-06-07 14:52:05', 18),
(32161, 283, 131, '', '2018-06-07 14:52:06', 18),
(32162, 283, 131, '', '2018-06-07 14:52:06', 18),
(32163, 283, 151, '', '2018-10-23 10:11:42', 16),
(32164, 283, 204, '', '2019-12-11 10:31:52', 22),
(32165, 283, 204, '', '2019-12-11 10:31:52', 22),
(32166, 283, 204, '', '2019-12-11 10:31:53', 22),
(32167, 283, 204, '', '2019-12-11 10:31:53', 22),
(32168, 283, 161, '', '2018-11-15 14:12:29', 1),
(32169, 283, 161, '', '2018-11-15 14:12:29', 1),
(32170, 283, 161, '', '2018-11-15 14:12:29', 1),
(32171, 283, 161, '', '2018-11-15 14:12:29', 1),
(32172, 283, 161, '', '2018-11-15 14:12:31', 1),
(32173, 283, 161, '', '2018-11-15 14:12:31', 1),
(32174, 283, 161, '', '2018-11-15 14:12:31', 1),
(32175, 283, 161, '', '2018-11-15 14:12:31', 1),
(32176, 283, 161, '', '2018-11-15 14:12:32', 1),
(32177, 283, 161, '', '2018-11-15 14:12:32', 1),
(32178, 283, 161, '', '2018-11-15 14:12:32', 1),
(32179, 283, 161, '', '2018-11-15 14:12:32', 1),
(32180, 283, 161, '', '2018-11-15 14:12:33', 1),
(32181, 283, 161, '', '2018-11-15 14:12:33', 1),
(32182, 283, 161, '', '2018-11-15 14:12:33', 1),
(32183, 283, 161, '', '2018-11-15 14:12:33', 1),
(32184, 283, 187, 'qu\'est ce qu\'une P*te au Régime ?&lt;br/&gt;Une grosse P*te', '2019-05-23 12:56:27', 5),
(32185, 283, 109, '', '2017-12-15 11:46:52', 16),
(32186, 283, 109, '', '2017-12-15 11:46:52', 16),
(32187, 283, 109, '', '2017-12-15 11:46:53', 16),
(32188, 283, 109, '', '2017-12-15 11:46:53', 16),
(32189, 283, 136, '', '2018-06-15 17:16:35', 16),
(32190, 283, 136, '', '2018-06-15 17:16:35', 16),
(32191, 283, 136, '', '2018-06-15 17:16:36', 16),
(32192, 283, 136, '', '2018-06-15 17:16:36', 16),
(32193, 283, 111, '', '2018-01-25 08:17:30', 5),
(32194, 283, 111, '', '2018-01-25 08:17:30', 9),
(32195, 283, 113, '', '2018-01-25 13:39:49', 5),
(32196, 283, 113, '', '2018-01-25 13:39:49', 9),
(32197, 283, 188, '', '2019-06-04 14:53:57', 1),
(32198, 283, 188, '', '2019-06-04 14:53:57', 5),
(32199, 283, 116, '', '2018-02-22 08:41:03', 5),
(32200, 283, 116, '', '2018-02-22 08:41:03', 6),
(32201, 283, 116, '', '2018-02-22 08:41:03', 8),
(32202, 283, 116, '', '2018-02-22 08:41:03', 9),
(32203, 283, 115, 'euh... le temps pour faire le montage pour faire le panorama et choisir un meilleur endroit. &lt;br/&gt;', '2018-02-22 08:58:34', 5),
(32204, 283, 115, 'Anthony, Jakub ', '2018-02-22 08:58:34', 6),
(32205, 283, 115, 'Le panorama ', '2018-02-22 08:58:34', 8),
(32206, 283, 115, '', '2018-02-22 08:58:34', 9),
(32207, 283, 167, '', '2018-12-18 11:36:27', 16),
(32208, 283, 167, '', '2018-12-18 11:36:27', 16),
(32209, 283, 167, '', '2018-12-18 11:36:28', 16),
(32210, 283, 167, '', '2018-12-18 11:36:28', 16),
(32211, 283, 120, '', '2018-03-08 09:57:58', 5),
(32212, 283, 120, 'Pierre M, Pierre Dinant', '2018-03-08 09:57:58', 6),
(32213, 283, 120, '', '2018-03-08 09:57:58', 8),
(32214, 283, 120, '', '2018-03-08 09:57:58', 9),
(32215, 283, 195, '', '2019-09-13 15:20:33', 5),
(32216, 283, 195, '', '2019-09-13 15:20:33', 22),
(32217, 283, 122, '- L\'exposition, Pierre qui devrais regarder l\'objet &quot;Ovni&quot;', '2018-03-15 09:35:28', 5),
(32218, 283, 122, 'Pierre M, Pierre D', '2018-03-15 09:35:28', 6),
(32219, 283, 122, 'L’ovni ', '2018-03-15 09:35:28', 8),
(32220, 283, 122, 'La balance des blancs sur nuageux, le diaphragme fermer sur 16, une temps de pause un peu court et avec un trépied. ', '2018-03-15 09:35:28', 9),
(32221, 283, 197, 'Modification de certain réglage en Lightroom ! ', '2019-10-01 14:08:08', 5),
(32222, 283, 197, '', '2019-10-01 14:08:08', 22),
(32223, 283, 146, '', '2018-10-09 09:39:15', 1),
(32224, 283, 146, '', '2018-10-09 09:39:15', 1),
(32225, 283, 146, '', '2018-10-09 09:39:16', 1),
(32226, 283, 146, '', '2018-10-09 09:39:16', 1),
(32227, 283, 220, ' 	Respect des consignes 	monté un film image par image de manière a rendre les mouvements crédibles 	A&lt;br/&gt;	Respect des consignes 	réalisé une pixilation comportant au moins un lévitation ou le déplacement improbable d\'un humain 	A&lt;br/&gt;	Qualité image 	utilisé des images bien exposées, cadrées, mises au point 	EA', '2020-03-03 10:58:57', 29),
(32228, 283, 220, 'La durée du Stop Motion, variation d\'emplacement des objets, et faire quelque chose de + complet niveau idée.', '2020-03-03 10:58:57', 5),
(32229, 283, 219, 'J\'ai mis NA car j\'ai tout simplement pas fait du son car je travaillais sur le projet Harcourt. ', '2020-03-03 11:05:37', 1),
(32230, 283, 219, ' 	Mixage 	produit une bande sonore exempte de parasites ou distortions inadéquates 	NA&lt;br/&gt;F6 	Mixage 	sonorisé toutes les actions demandant un bruitage 	NA&lt;br/&gt;R1 	Mixage 	mixé les pistes et les bruitages entre eux, pour former un tout homogène et cohérent 	NA&lt;br/&gt;E1 	Mixage 	ajouté une piste ambiance 	NA', '2020-03-03 11:05:37', 29),
(32231, 283, 77, '', '2017-09-28 07:39:42', 16),
(32232, 283, 175, '', '2019-02-12 15:45:49', 16),
(32233, 283, 89, '', '2017-10-09 12:19:39', 2),
(32234, 283, 145, '', '2018-10-23 08:49:28', 1),
(32235, 283, 145, '', '2018-10-23 08:49:28', 1),
(32236, 284, 130, '', '2018-05-24 16:00:47', 25),
(32237, 284, 130, '', '2018-05-24 16:00:47', 24),
(32238, 284, 80, 'La balance des blancs et le niveau des acteurs', '2017-10-19 09:01:30', 1),
(32239, 284, 80, '', '2017-10-19 09:01:30', 2),
(32240, 284, 92, 'Gérer les lumières en fonction de la lumière extérieure ', '2017-10-19 09:25:23', 1),
(32241, 284, 92, 'à éclairer une scene ', '2017-10-19 09:25:23', 2),
(32242, 284, 110, '', '2017-12-18 12:21:51', 16),
(32243, 284, 114, 'L\'exposition et la balance des noirs au tournage ainsi que du montage', '2018-02-23 13:29:11', 5),
(32244, 284, 76, 'Stabiliser la caméra à la main, et gérer la lumière.', '2017-09-19 09:50:29', 1),
(32245, 284, 76, '3/5', '2017-09-19 09:50:29', 21),
(32246, 284, 171, '', '2019-01-31 09:42:20', 16),
(32247, 285, 76, 'je tremble', '2017-10-19 09:35:16', 1),
(32248, 285, 76, '2', '2017-10-19 09:35:16', 21),
(32249, 285, 80, 'Avoir une vitesse constante.', '2017-10-26 09:42:24', 1),
(32250, 285, 80, 'Comment est l\'organisation d\'un groupe pour un plan.', '2017-10-26 09:42:24', 2),
(32251, 285, 130, 'Mettre au montage l\'insertion des écrans multicam et jongler entre les points de vue au bon moment pendant la lecture.', '2018-06-08 13:53:01', 25),
(32252, 285, 130, 'le journalisme, savoir jongler entre présentateur et journaliste facilement et avoir les meilleurs images niveau accessibilité visuelle', '2018-06-08 13:53:01', 24),
(32253, 285, 105, 'Ce fut dur à exporter en pdf sans avoir des problèmes', '2017-12-18 07:37:38', 16),
(32254, 285, 114, '', '2018-02-22 11:52:34', 5),
(32255, 285, 144, 'la stabilisation', '2018-09-25 15:01:05', 1),
(32256, 286, 91, 'Mise au point clairement floue&lt;br/&gt;et angle trop exagéré&lt;br/&gt;', '2017-10-16 07:59:58', 5),
(32257, 286, 91, 'Le ciel', '2017-10-16 07:59:58', 22),
(32258, 286, 91, 'Mise au point clairement floue&lt;br/&gt;et angle trop exagéré&lt;br/&gt;', '2017-10-16 07:59:58', 5),
(32259, 286, 91, 'Le ciel', '2017-10-16 07:59:58', 22),
(32260, 286, 91, 'Mise au point clairement floue&lt;br/&gt;et angle trop exagéré&lt;br/&gt;', '2017-10-16 07:59:59', 5),
(32261, 286, 91, 'Le ciel', '2017-10-16 07:59:59', 22),
(32262, 286, 91, 'Mise au point clairement floue&lt;br/&gt;et angle trop exagéré&lt;br/&gt;', '2017-10-16 07:59:59', 5),
(32263, 286, 91, 'Le ciel', '2017-10-16 07:59:59', 22),
(32264, 286, 133, '', '2018-06-05 08:38:49', 5),
(32265, 286, 82, 'On ne voit pas bien les lignes', '2017-10-27 14:16:02', 5),
(32266, 286, 82, 'bureau années 30', '2017-10-27 14:16:02', 22),
(32267, 286, 107, '', '2017-12-11 12:08:10', 16),
(32268, 286, 103, '', '2018-02-27 08:47:22', 1),
(32269, 286, 103, '', '2018-02-27 08:47:22', 5),
(32270, 286, 112, '', '2018-02-27 09:19:26', 1),
(32271, 286, 112, '', '2018-02-27 09:19:26', 2),
(32272, 286, 112, '', '2018-02-27 09:19:26', 19),
(32273, 286, 73, '2', '2017-09-22 12:59:39', 20),
(32274, 286, 78, 'Enlever l\'ombre de l\'oeil droit ', '2017-09-22 13:57:11', 5),
(32275, 286, 78, 'Effet gangster avec la pose et la lumière', '2017-09-22 13:57:11', 14),
(32276, 287, 136, '', '2018-06-15 15:35:32', 16),
(32277, 287, 136, '', '2018-06-15 15:35:32', 16),
(32278, 287, 136, '', '2018-06-15 15:35:34', 16),
(32279, 287, 136, '', '2018-06-15 15:35:34', 16),
(32280, 287, 115, '', '2018-02-01 09:58:34', 5),
(32281, 287, 115, '', '2018-02-01 09:58:34', 6),
(32282, 287, 115, '', '2018-02-01 09:58:34', 8),
(32283, 287, 115, '', '2018-02-01 09:58:34', 9),
(32284, 287, 116, 'j aurai prit les photos', '2018-02-22 08:50:14', 5),
(32285, 287, 116, 'léilou,emily,et pierre d ', '2018-02-22 08:50:14', 6),
(32286, 287, 116, 'le defis n2&lt;br/&gt;les clones', '2018-02-22 08:50:14', 8),
(32287, 287, 116, 'on a pris les photos dans le meme plan et avec photoshop on a crée les clones', '2018-02-22 08:50:14', 9),
(32288, 287, 120, 'je metrait en noir et blanc', '2018-03-08 10:00:44', 5),
(32289, 287, 120, 'emily,jakub,léilou', '2018-03-08 10:00:44', 6),
(32290, 287, 120, 'celui du photo maton', '2018-03-08 10:00:44', 8),
(32291, 287, 120, 'j ai fait des photo en formla paysage puis j ai rogner sur photo shop et j ai pris une planche contacte', '2018-03-08 10:00:44', 9),
(32292, 287, 122, 'metre le fond plus sombre', '2018-03-15 09:45:27', 5),
(32293, 287, 122, 'emily ,jakub', '2018-03-15 09:45:27', 6),
(32294, 287, 122, 'les fantome', '2018-03-15 09:45:27', 8),
(32295, 287, 122, 'en mode bulb', '2018-03-15 09:45:27', 9),
(32296, 288, 128, '', '2018-05-29 09:06:48', 3),
(32297, 288, 128, '', '2018-05-29 09:06:48', 16),
(32298, 288, 128, '', '2018-05-29 09:06:48', 18),
(32299, 288, 133, '', '2018-05-29 09:07:27', 5),
(32300, 288, 125, '', '2018-06-08 15:11:26', 16),
(32301, 289, 180, 'augementer les iso', '2019-02-28 11:30:37', 5),
(32302, 289, 180, 'benjami!n et lucas ', '2019-02-28 11:30:37', 6),
(32303, 289, 180, 'fantomes', '2019-02-28 11:30:37', 8),
(32304, 289, 180, 'long temps de pause 100 iso  petite ouverture', '2019-02-28 11:30:37', 9),
(32305, 289, 182, '', '2019-03-28 15:22:42', 16),
(32306, 289, 153, '', '2018-11-15 08:42:31', 16),
(32307, 289, 204, '', '2019-12-11 10:33:35', 22),
(32308, 289, 204, '', '2019-12-11 10:33:35', 22),
(32309, 289, 204, '', '2019-12-11 10:33:36', 22),
(32310, 289, 204, '', '2019-12-11 10:33:36', 22),
(32311, 289, 189, '', '2019-05-23 15:54:40', 16),
(32312, 289, 189, '', '2019-05-23 15:54:40', 16),
(32313, 289, 189, '', '2019-05-23 15:54:40', 16),
(32314, 289, 189, '', '2019-05-23 15:54:41', 16),
(32315, 289, 189, '', '2019-05-23 15:54:41', 16),
(32316, 289, 189, '', '2019-05-23 15:54:41', 16),
(32317, 289, 189, '', '2019-05-23 15:54:43', 16),
(32318, 289, 189, '', '2019-05-23 15:54:43', 16),
(32319, 289, 189, '', '2019-05-23 15:54:43', 16),
(32320, 289, 163, '', '2018-12-06 11:18:23', 1),
(32321, 289, 162, '', '2018-12-06 11:30:18', 2),
(32322, 289, 140, 'français', '2018-10-18 11:41:59', 16),
(32323, 289, 165, '1er arrière plan flou 2eme net', '2018-12-11 11:53:44', 16),
(32324, 289, 165, '1er arrière plan flou 2eme net', '2018-12-11 11:53:44', 16),
(32325, 289, 165, '1er arrière plan flou 2eme net', '2018-12-11 11:53:45', 16),
(32326, 289, 165, '1er arrière plan flou 2eme net', '2018-12-11 11:53:45', 16),
(32327, 289, 141, '', '2018-09-20 11:22:57', 16),
(32328, 289, 191, '', '2019-06-18 08:56:32', 16),
(32329, 289, 195, '', '2019-10-01 13:48:34', 5),
(32330, 289, 195, '', '2019-10-01 13:48:34', 22),
(32331, 289, 197, '', '2019-10-01 14:02:13', 5),
(32332, 289, 197, '', '2019-10-01 14:02:13', 22),
(32333, 289, 170, '', '2019-01-22 09:32:29', 16),
(32334, 289, 168, '', '2019-01-22 09:41:37', 2),
(32335, 289, 219, 'Le nombre d image ', '2020-03-03 10:58:08', 1),
(32336, 289, 219, ' 	produit une bande sonore exempte de parasites ou distortions inadéquates 	EA&lt;br/&gt;F6 	Mixage 	sonorisé toutes les actions demandant un bruitage 	A&lt;br/&gt;R1 	Mixage 	mixé les pistes et les bruitages entre eux, pour former un tout homogène et cohérent 	A&lt;br/&gt;E1 	Mixage 	ajouté une piste ambiance   NA', '2020-03-03 10:58:08', 29),
(32337, 289, 220, ' 	Respect des consignes 	monté un film image par image de manière a rendre les mouvements crédibles 	A&lt;br/&gt;	Respect des consignes 	réalisé une pixilation comportant au moins un lévitation ou le déplacement improbable d\'un humain 	M&lt;br/&gt;	Qualité image 	utilisé des images bien exposées, cadrées, mises au point 	EA', '2020-03-03 11:06:06', 29),
(32338, 289, 220, 'Plus de fluiditer &lt;br/&gt;améliorer la mise au point', '2020-03-03 11:06:06', 5),
(32339, 289, 169, '', '2019-01-31 10:07:02', 2),
(32340, 289, 142, '-&lt;br/&gt;', '2018-10-11 11:26:05', 1),
(32341, 289, 199, '', '2019-10-11 14:16:58', 5),
(32342, 289, 199, '', '2019-10-11 14:16:58', 22),
(32343, 289, 149, '', '2018-10-18 11:31:36', 2),
(32344, 289, 176, 'je montrerais plus le temoin', '2019-02-14 11:52:13', 5),
(32345, 289, 176, 'clement benjamin', '2019-02-14 11:52:13', 6),
(32346, 289, 176, 'l ovni', '2019-02-14 11:52:13', 8),
(32347, 289, 176, 'avec une vitesse elever 400 iso ', '2019-02-14 11:52:13', 9),
(32348, 290, 178, '', '2019-02-21 11:53:28', 5),
(32349, 290, 178, 'Angelika &lt;br/&gt;Thomas &lt;br/&gt;Cyril', '2019-02-21 11:53:28', 6),
(32350, 290, 178, '', '2019-02-21 11:53:28', 8),
(32351, 290, 178, '', '2019-02-21 11:53:28', 9),
(32352, 290, 182, '', '2019-03-28 15:16:25', 16),
(32353, 290, 204, '', '2019-12-11 11:41:58', 22),
(32354, 290, 204, '', '2019-12-11 11:41:58', 22),
(32355, 290, 186, '', '2019-05-16 15:21:05', 16),
(32356, 290, 186, '', '2019-05-16 15:21:05', 16),
(32357, 290, 186, '', '2019-05-16 15:21:05', 16),
(32358, 290, 204, '', '2019-12-11 11:41:59', 22),
(32359, 290, 204, '', '2019-12-11 11:41:59', 22),
(32360, 290, 186, '', '2019-05-16 15:21:06', 16),
(32361, 290, 186, '', '2019-05-16 15:21:06', 16),
(32362, 290, 186, '', '2019-05-16 15:21:06', 16),
(32363, 290, 186, '', '2019-05-16 15:21:08', 16),
(32364, 290, 186, '', '2019-05-16 15:21:08', 16),
(32365, 290, 186, '', '2019-05-16 15:21:08', 16),
(32366, 290, 163, '', '2018-12-06 11:54:28', 1),
(32367, 290, 189, 'je n\'ai pas vraiment eu le temps pour la dernière photo .', '2019-05-23 16:06:53', 16),
(32368, 290, 189, 'je n\'ai pas vraiment eu le temps pour la dernière photo .', '2019-05-23 16:06:53', 16),
(32369, 290, 189, 'je n\'ai pas vraiment eu le temps pour la dernière photo .', '2019-05-23 16:06:53', 16),
(32370, 290, 189, 'je n\'ai pas vraiment eu le temps pour la dernière photo .', '2019-05-23 16:06:54', 16),
(32371, 290, 189, 'je n\'ai pas vraiment eu le temps pour la dernière photo .', '2019-05-23 16:06:54', 16),
(32372, 290, 189, 'je n\'ai pas vraiment eu le temps pour la dernière photo .', '2019-05-23 16:06:54', 16),
(32373, 290, 189, 'je n\'ai pas vraiment eu le temps pour la dernière photo .', '2019-05-23 16:06:55', 16),
(32374, 290, 189, 'je n\'ai pas vraiment eu le temps pour la dernière photo .', '2019-05-23 16:06:55', 16),
(32375, 290, 189, 'je n\'ai pas vraiment eu le temps pour la dernière photo .', '2019-05-23 16:06:55', 16),
(32376, 290, 165, 'première photo : floue&lt;br/&gt;deuxième photo : claire', '2018-12-11 11:26:14', 16),
(32377, 290, 165, 'première photo : floue&lt;br/&gt;deuxième photo : claire', '2018-12-11 11:26:14', 16),
(32378, 290, 165, 'première photo : floue&lt;br/&gt;deuxième photo : claire', '2018-12-11 11:26:15', 16),
(32379, 290, 165, 'première photo : floue&lt;br/&gt;deuxième photo : claire', '2018-12-11 11:26:15', 16),
(32380, 290, 142, '', '2018-09-20 10:00:44', 1),
(32381, 290, 141, '', '2018-10-04 13:43:36', 16),
(32382, 290, 140, '', '2018-10-04 13:44:43', 16),
(32383, 290, 191, '', '2019-06-18 10:29:43', 16),
(32384, 290, 170, '', '2019-01-31 11:05:05', 16),
(32385, 290, 169, '', '2019-01-31 11:07:07', 2),
(32386, 290, 168, '', '2019-01-31 11:07:54', 2),
(32387, 290, 199, '', '2019-10-11 14:17:52', 5),
(32388, 290, 199, '', '2019-10-11 14:17:52', 22),
(32389, 290, 149, '', '2018-10-18 11:51:38', 2),
(32390, 291, 194, '', '2019-10-24 10:01:08', 2),
(32391, 291, 198, '', '2019-10-24 11:21:38', 16),
(32392, 291, 198, '', '2019-10-24 11:21:38', 16),
(32393, 291, 198, '', '2019-10-24 11:21:38', 16),
(32394, 291, 198, '', '2019-10-24 11:21:39', 16),
(32395, 291, 198, '', '2019-10-24 11:21:39', 16),
(32396, 291, 198, '', '2019-10-24 11:21:39', 16),
(32397, 291, 198, '', '2019-10-24 11:21:41', 16),
(32398, 291, 198, '', '2019-10-24 11:21:41', 16),
(32399, 291, 198, '', '2019-10-24 11:21:41', 16),
(32400, 291, 153, 'difficulté avec la gestion de la luminosité+cadrage compliqué dû a une dénivellation du terrain &lt;br/&gt;', '2018-10-25 11:47:15', 16),
(32401, 291, 205, 'je n\'ai pas vu sur le moment mais quand j\'ai fais la mise au point, je n\'ai pas fait attention au focus et il s\'avère qu\'il etait en M&lt;br/&gt;', '2019-12-12 11:07:44', 16),
(32402, 291, 205, 'je n\'ai pas vu sur le moment mais quand j\'ai fais la mise au point, je n\'ai pas fait attention au focus et il s\'avère qu\'il etait en M&lt;br/&gt;', '2019-12-12 11:07:44', 16),
(32403, 291, 205, 'je n\'ai pas vu sur le moment mais quand j\'ai fais la mise au point, je n\'ai pas fait attention au focus et il s\'avère qu\'il etait en M&lt;br/&gt;', '2019-12-12 11:07:45', 16),
(32404, 291, 205, 'je n\'ai pas vu sur le moment mais quand j\'ai fais la mise au point, je n\'ai pas fait attention au focus et il s\'avère qu\'il etait en M&lt;br/&gt;', '2019-12-12 11:07:45', 16),
(32405, 291, 163, '', '2018-12-06 11:20:19', 1),
(32406, 291, 162, '', '2018-12-06 11:30:56', 2),
(32407, 291, 165, 'le cadrage n\'était pas bien réussi et la gestion de la lumière était mauvaise probablement dû au changement temps de pause &lt;br/&gt;&lt;br/&gt;', '2018-12-11 11:38:19', 16),
(32408, 291, 165, 'le cadrage n\'était pas bien réussi et la gestion de la lumière était mauvaise probablement dû au changement temps de pause &lt;br/&gt;&lt;br/&gt;', '2018-12-11 11:38:19', 16),
(32409, 291, 165, 'le cadrage n\'était pas bien réussi et la gestion de la lumière était mauvaise probablement dû au changement temps de pause &lt;br/&gt;&lt;br/&gt;', '2018-12-11 11:38:20', 16),
(32410, 291, 165, 'le cadrage n\'était pas bien réussi et la gestion de la lumière était mauvaise probablement dû au changement temps de pause &lt;br/&gt;&lt;br/&gt;', '2018-12-11 11:38:20', 16),
(32411, 291, 142, 'le cadrage plus l\'écriture car il y\'avait des lettres à inverser ', '2018-09-13 11:36:58', 1),
(32412, 291, 215, '', '2020-01-30 11:56:24', 5),
(32413, 291, 215, '', '2020-01-30 11:56:24', 6),
(32414, 291, 215, '', '2020-01-30 11:56:24', 8),
(32415, 291, 215, '', '2020-01-30 11:56:24', 9),
(32416, 291, 209, '', '2020-01-30 11:57:46', 1),
(32417, 291, 141, '', '2018-09-20 11:22:03', 16),
(32418, 291, 191, '', '2019-06-18 10:51:04', 16),
(32419, 291, 170, '', '2019-01-31 09:35:05', 16),
(32420, 291, 169, '', '2019-01-31 09:39:54', 2),
(32421, 291, 168, '', '2019-01-31 09:40:48', 2),
(32422, 291, 193, '', '2019-10-10 12:44:31', 16),
(32423, 291, 149, '', '2018-10-18 11:49:53', 2),
(32424, 291, 173, '', '2019-02-07 11:47:42', 16),
(32425, 291, 173, '', '2019-02-07 11:47:42', 16),
(32426, 291, 173, '', '2019-02-07 11:47:44', 16),
(32427, 291, 173, '', '2019-02-07 11:47:44', 16),
(32428, 292, 173, '', '2019-02-14 16:14:18', 16),
(32429, 292, 173, '', '2019-02-14 16:14:18', 16),
(32430, 292, 173, '', '2019-02-14 16:14:19', 16),
(32431, 292, 173, '', '2019-02-14 16:14:19', 16),
(32432, 292, 177, '', '2019-02-21 11:25:13', 2),
(32433, 292, 177, '', '2019-02-21 11:25:13', 2),
(32434, 292, 177, '', '2019-02-21 11:25:13', 2),
(32435, 292, 177, '', '2019-02-21 11:25:13', 2),
(32436, 292, 177, '', '2019-02-21 11:25:13', 2),
(32437, 292, 177, '', '2019-02-21 11:25:15', 2),
(32438, 292, 177, '', '2019-02-21 11:25:15', 2),
(32439, 292, 177, '', '2019-02-21 11:25:15', 2),
(32440, 292, 177, '', '2019-02-21 11:25:15', 2),
(32441, 292, 177, '', '2019-02-21 11:25:15', 2),
(32442, 292, 177, '', '2019-02-21 11:25:17', 2),
(32443, 292, 177, '', '2019-02-21 11:25:17', 2),
(32444, 292, 177, '', '2019-02-21 11:25:17', 2),
(32445, 292, 177, '', '2019-02-21 11:25:17', 2),
(32446, 292, 177, '', '2019-02-21 11:25:17', 2),
(32447, 292, 177, '', '2019-02-21 11:25:19', 2),
(32448, 292, 177, '', '2019-02-21 11:25:19', 2),
(32449, 292, 177, '', '2019-02-21 11:25:19', 2),
(32450, 292, 177, '', '2019-02-21 11:25:19', 2),
(32451, 292, 177, '', '2019-02-21 11:25:19', 2),
(32452, 292, 177, '', '2019-02-21 11:25:20', 2),
(32453, 292, 177, '', '2019-02-21 11:25:20', 2),
(32454, 292, 177, '', '2019-02-21 11:25:20', 2),
(32455, 292, 177, '', '2019-02-21 11:25:20', 2),
(32456, 292, 177, '', '2019-02-21 11:25:20', 2),
(32457, 292, 178, 'J\'aurais du prendre plus de temps pour travailler le montage photo', '2019-02-21 11:51:26', 5),
(32458, 292, 178, 'Hugo,Clément,Lucas et moi', '2019-02-21 11:51:26', 6),
(32459, 292, 178, 'Le projet Photomaton', '2019-02-21 11:51:26', 8),
(32460, 292, 178, 'On a pris 4 photo chacun avec une action sur chacune des photos . Ensuite on les a recadrer et on les a collé sur un fond blanc.', '2019-02-21 11:51:26', 9),
(32461, 292, 180, 'j aurais fait en sorte que l image sois plus lumineuse ', '2019-02-28 11:17:52', 5),
(32462, 292, 180, 'lucas, clement', '2019-02-28 11:17:52', 6),
(32463, 292, 180, 'défis : fantôme ', '2019-02-28 11:17:52', 8),
(32464, 292, 180, 'j ai augmenter le temps de pose ', '2019-02-28 11:17:52', 9),
(32465, 292, 182, '', '2019-03-28 15:18:19', 16),
(32466, 292, 189, '', '2019-05-23 15:57:33', 16),
(32467, 292, 189, '', '2019-05-23 15:57:33', 16),
(32468, 292, 189, '', '2019-05-23 15:57:33', 16),
(32469, 292, 189, '', '2019-05-23 15:57:35', 16),
(32470, 292, 189, '', '2019-05-23 15:57:35', 16),
(32471, 292, 189, '', '2019-05-23 15:57:35', 16),
(32472, 292, 162, '', '2018-12-06 11:31:51', 2),
(32473, 292, 189, '', '2019-05-23 15:57:36', 16),
(32474, 292, 189, '', '2019-05-23 15:57:36', 16),
(32475, 292, 189, '', '2019-05-23 15:57:36', 16),
(32476, 292, 163, '', '2018-12-06 11:32:40', 1),
(32477, 292, 165, '', '2018-12-11 12:17:10', 16),
(32478, 292, 165, '', '2018-12-11 12:17:10', 16),
(32479, 292, 165, '', '2018-12-11 12:17:11', 16),
(32480, 292, 165, '', '2018-12-11 12:17:11', 16),
(32481, 292, 142, '', '2018-09-20 10:01:41', 1),
(32482, 292, 141, '', '2018-09-20 11:46:17', 16),
(32483, 292, 191, '', '2019-06-18 09:16:48', 16),
(32484, 292, 140, '', '2018-10-04 13:41:16', 16),
(32485, 292, 168, '', '2019-01-15 10:00:53', 2),
(32486, 292, 169, '', '2019-01-17 11:17:28', 2),
(32487, 292, 170, '', '2019-01-22 09:49:09', 16),
(32488, 292, 172, '', '2019-01-31 11:14:05', 2),
(32489, 292, 149, '', '2018-10-18 11:50:47', 2),
(32490, 293, 178, 'il y a trop de bruit sur mes photos j aurais aimé qu il y en ai moin', '2019-02-21 11:45:22', 5),
(32491, 293, 178, 'Leny Hugo Clement', '2019-02-21 11:45:22', 6),
(32492, 293, 178, 'Photomaton (defis)', '2019-02-21 11:45:22', 8),
(32493, 293, 178, 'j ai du prendre 4 photos différente toute en créant une continuitée', '2019-02-21 11:45:22', 9),
(32494, 293, 177, 'la balance des blancs', '2019-02-21 11:50:02', 2),
(32495, 293, 177, 'la balance des blancs', '2019-02-21 11:50:02', 2),
(32496, 293, 177, 'la balance des blancs', '2019-02-21 11:50:02', 2),
(32497, 293, 177, 'la balance des blancs', '2019-02-21 11:50:02', 2),
(32498, 293, 177, 'la balance des blancs', '2019-02-21 11:50:02', 2),
(32499, 293, 177, 'la balance des blancs', '2019-02-21 11:50:03', 2),
(32500, 293, 177, 'la balance des blancs', '2019-02-21 11:50:03', 2),
(32501, 293, 177, 'la balance des blancs', '2019-02-21 11:50:03', 2),
(32502, 293, 177, 'la balance des blancs', '2019-02-21 11:50:03', 2),
(32503, 293, 177, 'la balance des blancs', '2019-02-21 11:50:03', 2),
(32504, 293, 177, 'la balance des blancs', '2019-02-21 11:50:05', 2),
(32505, 293, 177, 'la balance des blancs', '2019-02-21 11:50:05', 2),
(32506, 293, 177, 'la balance des blancs', '2019-02-21 11:50:05', 2),
(32507, 293, 177, 'la balance des blancs', '2019-02-21 11:50:05', 2),
(32508, 293, 177, 'la balance des blancs', '2019-02-21 11:50:05', 2),
(32509, 293, 177, 'la balance des blancs', '2019-02-21 11:50:06', 2),
(32510, 293, 177, 'la balance des blancs', '2019-02-21 11:50:06', 2),
(32511, 293, 177, 'la balance des blancs', '2019-02-21 11:50:06', 2),
(32512, 293, 177, 'la balance des blancs', '2019-02-21 11:50:06', 2),
(32513, 293, 177, 'la balance des blancs', '2019-02-21 11:50:06', 2),
(32514, 293, 177, 'la balance des blancs', '2019-02-21 11:50:07', 2),
(32515, 293, 177, 'la balance des blancs', '2019-02-21 11:50:07', 2),
(32516, 293, 177, 'la balance des blancs', '2019-02-21 11:50:07', 2),
(32517, 293, 177, 'la balance des blancs', '2019-02-21 11:50:07', 2),
(32518, 293, 177, 'la balance des blancs', '2019-02-21 11:50:07', 2),
(32519, 293, 180, 'j\'aurais été plus soigneux avec le focus car sur l image le témoin est un peu flou', '2019-02-28 10:55:20', 5),
(32520, 293, 180, 'clément,leny', '2019-02-28 10:55:20', 6),
(32521, 293, 180, 'défi : fantôme', '2019-02-28 10:55:20', 8),
(32522, 293, 180, 'j\'ai augmenter mon temps de pause tout en mettant une lumière sur les personnages  ', '2019-02-28 10:55:20', 9),
(32523, 293, 182, 'Je n\'est aucun commentaire a faire sur ce travaille.', '2019-03-28 15:04:32', 16),
(32524, 293, 184, 'je m\'organiserais mieux afin de proposé un travail plus soigner.', '2019-04-25 10:29:23', 5),
(32525, 293, 204, 'loop et split', '2019-12-11 10:21:45', 22),
(32526, 293, 204, 'loop et split', '2019-12-11 10:21:45', 22),
(32527, 293, 204, 'loop et split', '2019-12-11 10:21:46', 22),
(32528, 293, 204, 'loop et split', '2019-12-11 10:21:46', 22),
(32529, 293, 185, 'je pense que je prendrais plus de temps pour faire mes photos ', '2019-04-25 11:09:36', 5),
(32530, 293, 163, '', '2018-12-06 11:53:20', 1),
(32531, 293, 189, '', '2019-05-23 16:10:32', 16),
(32532, 293, 189, '', '2019-05-23 16:10:32', 16),
(32533, 293, 189, '', '2019-05-23 16:10:32', 16),
(32534, 293, 189, '', '2019-05-23 16:10:33', 16),
(32535, 293, 189, '', '2019-05-23 16:10:33', 16),
(32536, 293, 189, '', '2019-05-23 16:10:33', 16),
(32537, 293, 189, '', '2019-05-23 16:10:34', 16),
(32538, 293, 189, '', '2019-05-23 16:10:34', 16),
(32539, 293, 189, '', '2019-05-23 16:10:34', 16),
(32540, 293, 165, '1:flou arriere 2:net', '2018-12-11 11:46:15', 16),
(32541, 293, 165, '1:flou arriere 2:net', '2018-12-11 11:46:15', 16),
(32542, 293, 165, '1:flou arriere 2:net', '2018-12-11 11:46:16', 16),
(32543, 293, 165, '1:flou arriere 2:net', '2018-12-11 11:46:16', 16),
(32544, 293, 142, '', '2018-09-13 11:47:10', 1),
(32545, 293, 141, '', '2018-09-20 11:19:53', 16),
(32546, 293, 191, '', '2019-06-18 10:55:38', 16),
(32547, 293, 168, 'j\'ai appris a utilisée les couleur unie et ainsi a controlé un peu mieux photoshop  ', '2019-01-15 10:00:59', 2),
(32548, 293, 220, '- Respect des consignes 	monté un film image par image de manière a rendre les mouvements crédibles A&lt;br/&gt;- Respect des consignes 	réalisé une pixilation comportant au moins un lévitation ou le déplacement improbable d\'un humain EA&lt;br/&gt;- Qualité image 	utilisé des images bien exposées, cadrées, mises au point A', '2020-03-03 10:54:30', 29),
(32549, 293, 220, 'je  m\'attarderais plus sur le fait de prendre plus de photo afin afin que cela sois plus fluide ', '2020-03-03 10:54:30', 5),
(32550, 293, 197, '', '2019-10-04 13:25:11', 5),
(32551, 293, 197, '', '2019-10-04 13:25:11', 22),
(32552, 293, 219, 'je devrais plus m\'organiser car je pensais que le son prendrait moins de temps et j\'ai ete surpris par le temps&lt;br/&gt;Et quand j\'ai enregistré mes son je n\'avais pas entendu les bruits de fonds (souris, clavier)', '2020-03-03 11:05:14', 1),
(32553, 293, 219, '        Mixage 	produit une bande sonore exempte de parasites ou distortions inadéquates A&lt;br/&gt;	Mixage 	sonorisé toutes les actions demandant un bruitage  A &lt;br/&gt;	Mixage 	mixé les pistes et les bruitages entre eux, pour former un tout homogène et cohérent  EA&lt;br/&gt;        Mixage 	ajouté une piste ambiance EA', '2020-03-03 11:05:14', 29),
(32554, 293, 169, 'j\' appris a utilisé photoshop ', '2019-01-31 09:28:32', 2),
(32555, 293, 170, 'cela m\'a appris a utilisé photoshop&lt;br/&gt;', '2019-01-31 09:36:07', 16),
(32556, 293, 173, '', '2019-02-07 10:19:49', 16),
(32557, 293, 173, '', '2019-02-07 10:19:49', 16),
(32558, 293, 173, '', '2019-02-07 10:19:50', 16),
(32559, 293, 173, '', '2019-02-07 10:19:50', 16),
(32560, 293, 140, '', '2018-10-18 11:43:06', 16),
(32561, 293, 199, '', '2019-10-11 14:17:54', 5),
(32562, 293, 199, '', '2019-10-11 14:17:54', 22),
(32563, 293, 149, '', '2018-10-18 11:43:37', 2),
(32564, 293, 172, '', '2019-02-07 11:50:52', 2),
(32565, 293, 176, 'je pense que je devrais prendre un peu plus de temps pour la prise de photo ou pour le photomontage car sur le personnage de droite on voit que sa a été photoshopé', '2019-02-14 11:51:12', 5),
(32566, 293, 176, 'Leny et Hugo', '2019-02-14 11:51:12', 6),
(32567, 293, 176, 'le clonage ', '2019-02-14 11:51:12', 8),
(32568, 293, 176, 'j ai du prendre 3 photos pour les mettre sur photoshop et les assemblé toutes les 3', '2019-02-14 11:51:12', 9),
(32569, 294, 198, '', '2019-10-22 15:03:01', 16),
(32570, 294, 198, '', '2019-10-22 15:03:01', 16),
(32571, 294, 198, '', '2019-10-22 15:03:01', 16),
(32572, 294, 198, '', '2019-10-22 15:03:02', 16),
(32573, 294, 198, '', '2019-10-22 15:03:02', 16),
(32574, 294, 198, '', '2019-10-22 15:03:02', 16),
(32575, 294, 198, '', '2019-10-22 15:03:03', 16),
(32576, 294, 198, '', '2019-10-22 15:03:03', 16),
(32577, 294, 198, '', '2019-10-22 15:03:03', 16),
(32578, 294, 180, '', '2019-02-28 11:55:21', 5),
(32579, 294, 180, '', '2019-02-28 11:55:21', 6),
(32580, 294, 180, '', '2019-02-28 11:55:21', 8),
(32581, 294, 180, '', '2019-02-28 11:55:21', 9),
(32582, 294, 202, '', '2019-11-07 12:25:23', 2),
(32583, 294, 153, '', '2018-11-15 09:01:42', 16),
(32584, 294, 185, '', '2019-04-25 11:14:17', 5),
(32585, 294, 184, '', '2019-04-25 11:14:59', 5),
(32586, 294, 205, '', '2019-12-12 10:53:04', 16),
(32587, 294, 205, '', '2019-12-12 10:53:04', 16),
(32588, 294, 205, '', '2019-12-12 10:53:05', 16),
(32589, 294, 205, '', '2019-12-12 10:53:05', 16),
(32590, 294, 189, '', '2019-05-23 15:56:50', 16),
(32591, 294, 189, '', '2019-05-23 15:56:50', 16),
(32592, 294, 189, '', '2019-05-23 15:56:50', 16),
(32593, 294, 189, '', '2019-05-23 15:56:51', 16),
(32594, 294, 189, '', '2019-05-23 15:56:51', 16),
(32595, 294, 189, '', '2019-05-23 15:56:51', 16),
(32596, 294, 189, '', '2019-05-23 15:56:53', 16),
(32597, 294, 189, '', '2019-05-23 15:56:53', 16),
(32598, 294, 189, '', '2019-05-23 15:56:53', 16),
(32599, 294, 163, '', '2018-12-06 11:54:22', 1),
(32600, 294, 162, '', '2018-12-06 11:56:29', 2),
(32601, 294, 165, '', '2018-12-11 10:59:09', 16),
(32602, 294, 165, '', '2018-12-11 10:59:09', 16),
(32603, 294, 165, '', '2018-12-11 10:59:11', 16),
(32604, 294, 165, '', '2018-12-11 10:59:11', 16),
(32605, 294, 214, '', '2020-01-23 12:31:24', 5),
(32606, 294, 208, '', '2020-01-23 12:32:30', 5),
(32607, 294, 141, '', '2018-09-20 11:26:55', 16),
(32608, 294, 216, '', '2020-02-06 12:19:57', 5),
(32609, 294, 216, '', '2020-02-06 12:19:57', 6),
(32610, 294, 216, '', '2020-02-06 12:19:57', 8),
(32611, 294, 216, '', '2020-02-06 12:19:57', 9),
(32612, 294, 142, '', '2018-10-04 13:25:01', 1),
(32613, 294, 191, '', '2019-06-18 10:04:09', 16),
(32614, 294, 140, '', '2018-10-04 13:45:44', 16),
(32615, 294, 168, '', '2019-01-31 09:27:53', 2),
(32616, 294, 170, '', '2019-01-31 09:29:06', 16),
(32617, 294, 193, '', '2019-10-10 12:40:59', 16),
(32618, 294, 149, '', '2018-10-18 11:49:03', 2),
(32619, 294, 172, '', '2019-02-07 11:48:12', 2),
(32620, 295, 178, '', '2019-02-21 11:43:39', 5),
(32621, 295, 178, '', '2019-02-21 11:43:39', 6),
(32622, 295, 178, '', '2019-02-21 11:43:39', 8),
(32623, 295, 178, '', '2019-02-21 11:43:39', 9),
(32624, 295, 180, 'l imagination', '2019-02-28 11:18:25', 5),
(32625, 295, 180, 'amandine', '2019-02-28 11:18:25', 6),
(32626, 295, 180, 'histoire en 5 photos&lt;br/&gt;elle ,est sur internet  en train de faire de la recherche elle voit un rasoir et d un instant a l autre elle s occupe avec cet objet et de même avec les cotons tiges&lt;br/&gt;', '2019-02-28 11:18:25', 8),
(32627, 295, 180, 'avec un appareil photo et des objets de l ecole', '2019-02-28 11:18:25', 9),
(32628, 295, 153, '', '2018-10-25 11:21:08', 16),
(32629, 295, 182, '', '2019-03-28 15:35:08', 16),
(32630, 295, 185, 'plus de lumiere', '2019-04-25 11:10:58', 5),
(32631, 295, 184, 'le nez de Benjamin', '2019-04-25 11:11:37', 5),
(32632, 295, 186, '', '2019-05-16 15:24:15', 16),
(32633, 295, 186, '', '2019-05-16 15:24:15', 16),
(32634, 295, 186, '', '2019-05-16 15:24:15', 16),
(32635, 295, 186, '', '2019-05-16 15:24:16', 16),
(32636, 295, 186, '', '2019-05-16 15:24:16', 16),
(32637, 295, 186, '', '2019-05-16 15:24:16', 16),
(32638, 295, 186, '', '2019-05-16 15:24:17', 16),
(32639, 295, 186, '', '2019-05-16 15:24:17', 16),
(32640, 295, 186, '', '2019-05-16 15:24:17', 16),
(32641, 295, 189, '', '2019-05-23 15:54:54', 16),
(32642, 295, 189, '', '2019-05-23 15:54:54', 16),
(32643, 295, 189, '', '2019-05-23 15:54:54', 16),
(32644, 295, 189, '', '2019-05-23 15:54:55', 16),
(32645, 295, 189, '', '2019-05-23 15:54:55', 16),
(32646, 295, 189, '', '2019-05-23 15:54:55', 16),
(32647, 295, 189, '', '2019-05-23 15:54:56', 16),
(32648, 295, 189, '', '2019-05-23 15:54:56', 16),
(32649, 295, 189, '', '2019-05-23 15:54:56', 16),
(32650, 295, 163, '', '2018-12-06 11:36:56', 1),
(32651, 295, 162, '', '2018-12-06 11:43:38', 2),
(32652, 295, 165, '', '2018-12-11 12:21:46', 16),
(32653, 295, 165, '', '2018-12-11 12:21:46', 16),
(32654, 295, 165, '', '2018-12-11 12:21:47', 16),
(32655, 295, 165, '', '2018-12-11 12:21:47', 16),
(32656, 295, 142, '', '2018-09-20 10:02:18', 1),
(32657, 295, 141, '', '2018-09-20 11:49:25', 16),
(32658, 295, 140, '', '2018-10-04 13:39:37', 16),
(32659, 295, 191, '', '2019-06-18 09:59:48', 16),
(32660, 295, 168, '', '2019-01-15 10:00:33', 2),
(32661, 295, 169, '', '2019-01-22 09:54:55', 2),
(32662, 295, 170, '', '2019-01-29 09:34:54', 16),
(32663, 295, 149, '', '2018-10-18 11:34:33', 2),
(32664, 295, 173, '', '2019-02-07 11:35:05', 16),
(32665, 295, 173, '', '2019-02-07 11:35:05', 16),
(32666, 295, 173, '', '2019-02-07 11:35:05', 16),
(32667, 295, 173, '', '2019-02-07 11:35:05', 16),
(32668, 295, 172, '', '2019-02-07 11:38:21', 2),
(32669, 295, 176, '', '2019-02-14 11:53:24', 5),
(32670, 295, 176, '', '2019-02-14 11:53:24', 6),
(32671, 295, 176, '', '2019-02-14 11:53:24', 8),
(32672, 295, 176, '', '2019-02-14 11:53:24', 9),
(32673, 296, 178, '', '2019-02-21 11:47:07', 5),
(32674, 296, 178, '', '2019-02-21 11:47:07', 6),
(32675, 296, 178, '', '2019-02-21 11:47:07', 8),
(32676, 296, 178, '', '2019-02-21 11:47:07', 9),
(32677, 296, 180, '', '2019-02-28 11:40:39', 5),
(32678, 296, 180, '', '2019-02-28 11:40:39', 6),
(32679, 296, 180, '', '2019-02-28 11:40:39', 8),
(32680, 296, 180, '', '2019-02-28 11:40:39', 9),
(32681, 296, 186, '', '2019-05-23 16:02:44', 16),
(32682, 296, 186, '', '2019-05-23 16:02:44', 16),
(32683, 296, 186, '', '2019-05-23 16:02:44', 16),
(32684, 296, 186, '', '2019-05-23 16:02:45', 16),
(32685, 296, 186, '', '2019-05-23 16:02:45', 16),
(32686, 296, 186, '', '2019-05-23 16:02:45', 16),
(32687, 296, 186, '', '2019-05-23 16:02:46', 16),
(32688, 296, 186, '', '2019-05-23 16:02:46', 16),
(32689, 296, 186, '', '2019-05-23 16:02:46', 16),
(32690, 296, 165, '', '2018-12-11 10:53:00', 16),
(32691, 296, 165, '', '2018-12-11 10:53:00', 16),
(32692, 296, 165, '', '2018-12-11 10:53:01', 16),
(32693, 296, 165, '', '2018-12-11 10:53:01', 16),
(32694, 296, 141, '', '2018-09-20 11:29:16', 16),
(32695, 296, 140, '', '2018-10-04 13:15:08', 16),
(32696, 296, 191, '', '2019-06-18 09:20:23', 16),
(32697, 296, 192, '', '2019-09-02 14:30:20', 16),
(32698, 296, 168, '', '2019-01-31 11:24:05', 2),
(32699, 296, 163, '', '2019-01-31 11:27:11', 1),
(32700, 298, 176, 'que mon fantôme soit +flou ', '2019-02-14 11:54:38', 5),
(32701, 298, 176, 'loris ', '2019-02-14 11:54:38', 6),
(32702, 298, 176, 'celui du fantôme ', '2019-02-14 11:54:38', 8),
(32703, 298, 176, 'j\' ai mis les ISO a 800, mon temps de poses + long, mon diaphrame ouvert au max et c\'est tout ', '2019-02-14 11:54:38', 9),
(32704, 298, 173, '', '2019-02-21 15:57:51', 16),
(32705, 298, 173, '', '2019-02-21 15:57:51', 16),
(32706, 298, 173, '', '2019-02-21 15:57:52', 16),
(32707, 298, 173, '', '2019-02-21 15:57:52', 16),
(32708, 298, 180, 'la nettée ', '2019-02-28 11:36:06', 5),
(32709, 298, 180, 'edward et Loris ', '2019-02-28 11:36:06', 6),
(32710, 298, 180, 'celui de l\' oveni', '2019-02-28 11:36:06', 8),
(32711, 298, 180, 'on a lancé un chapeau en l\' air et on sait mit dehors', '2019-02-28 11:36:06', 9),
(32712, 298, 165, '', '2018-12-11 11:11:08', 16),
(32713, 298, 141, 'début très créatif ', '2018-10-04 13:07:02', 16),
(32714, 298, 140, 'très créatif 9/10', '2018-10-04 13:11:39', 16),
(32715, 298, 191, '', '2019-06-18 11:40:49', 16),
(32716, 298, 170, 'je vous présente Hugo Mignon le dernier mignon de moi moche et Méchant ', '2019-01-29 09:26:31', 16),
(32717, 298, 162, 'abcd tu connais la suite ', '2019-01-31 10:44:51', 2),
(32718, 298, 163, 'abcd tu connais la suite', '2019-01-31 10:45:30', 1),
(32719, 298, 168, 'c\'est ma bloem', '2019-01-31 10:46:14', 2),
(32720, 299, 180, 'le fantôme un peu plus net mais flou quand même', '2019-02-28 10:51:34', 5),
(32721, 299, 180, 'Edouard', '2019-02-28 10:51:34', 6),
(32722, 299, 180, 'Celui avec le fantôme.', '2019-02-28 10:51:34', 8),
(32723, 299, 180, 'Edouard a lancer un drap devant lui et j\'ai pris la photo.', '2019-02-28 10:51:34', 9),
(32724, 299, 182, '', '2019-03-28 15:18:06', 16),
(32725, 299, 153, '', '2018-10-25 11:22:21', 16),
(32726, 299, 185, 'Je devrais amélioré la mise au point.&lt;br/&gt;', '2019-04-25 11:01:26', 5),
(32727, 299, 184, 'Le positionnement du projecteur de derrière .', '2019-04-25 11:08:43', 5),
(32728, 299, 204, 'Batman et Loop', '2019-12-11 11:51:26', 22),
(32729, 299, 204, 'Batman et Loop', '2019-12-11 11:51:26', 22),
(32730, 299, 204, 'Batman et Loop', '2019-12-11 11:51:27', 22),
(32731, 299, 204, 'Batman et Loop', '2019-12-11 11:51:27', 22),
(32732, 299, 162, 'J\'ai appris à dessiner en suivant les points de fuite.', '2018-12-06 11:27:05', 2),
(32733, 299, 189, 'L\'image de l\'armoire est trop flou  !&lt;br/&gt;La photo de l\'armoire est volontairement surexposé car il y avait des écriture dessus donc je l\'ai surexposé pour qu\'on ne les voit plus .', '2019-05-23 15:59:09', 16),
(32734, 299, 189, 'L\'image de l\'armoire est trop flou  !&lt;br/&gt;La photo de l\'armoire est volontairement surexposé car il y avait des écriture dessus donc je l\'ai surexposé pour qu\'on ne les voit plus .', '2019-05-23 15:59:09', 16),
(32735, 299, 189, 'L\'image de l\'armoire est trop flou  !&lt;br/&gt;La photo de l\'armoire est volontairement surexposé car il y avait des écriture dessus donc je l\'ai surexposé pour qu\'on ne les voit plus .', '2019-05-23 15:59:09', 16),
(32736, 299, 189, 'L\'image de l\'armoire est trop flou  !&lt;br/&gt;La photo de l\'armoire est volontairement surexposé car il y avait des écriture dessus donc je l\'ai surexposé pour qu\'on ne les voit plus .', '2019-05-23 15:59:11', 16),
(32737, 299, 189, 'L\'image de l\'armoire est trop flou  !&lt;br/&gt;La photo de l\'armoire est volontairement surexposé car il y avait des écriture dessus donc je l\'ai surexposé pour qu\'on ne les voit plus .', '2019-05-23 15:59:11', 16),
(32738, 299, 189, 'L\'image de l\'armoire est trop flou  !&lt;br/&gt;La photo de l\'armoire est volontairement surexposé car il y avait des écriture dessus donc je l\'ai surexposé pour qu\'on ne les voit plus .', '2019-05-23 15:59:11', 16),
(32739, 299, 189, 'L\'image de l\'armoire est trop flou  !&lt;br/&gt;La photo de l\'armoire est volontairement surexposé car il y avait des écriture dessus donc je l\'ai surexposé pour qu\'on ne les voit plus .', '2019-05-23 15:59:12', 16),
(32740, 299, 189, 'L\'image de l\'armoire est trop flou  !&lt;br/&gt;La photo de l\'armoire est volontairement surexposé car il y avait des écriture dessus donc je l\'ai surexposé pour qu\'on ne les voit plus .', '2019-05-23 15:59:12', 16),
(32741, 299, 189, 'L\'image de l\'armoire est trop flou  !&lt;br/&gt;La photo de l\'armoire est volontairement surexposé car il y avait des écriture dessus donc je l\'ai surexposé pour qu\'on ne les voit plus .', '2019-05-23 15:59:12', 16),
(32742, 299, 163, 'J\'ai eu des difficultés à trouvé toutes les lettres de l\'alphabet. (Il m\'en manque quatre)', '2018-12-06 11:38:59', 1),
(32743, 299, 142, 'De mettre le J dans le bon sens.', '2018-09-13 11:39:34', 1),
(32744, 299, 165, '1) Le premier lego est légèrement flou mais je pense avoir réussi le flou d’arrière plan.&lt;br/&gt;2)L\'image est flou j\'ai trop bougé', '2018-12-11 11:49:45', 16),
(32745, 299, 165, '1) Le premier lego est légèrement flou mais je pense avoir réussi le flou d’arrière plan.&lt;br/&gt;2)L\'image est flou j\'ai trop bougé', '2018-12-11 11:49:45', 16),
(32746, 299, 165, '1) Le premier lego est légèrement flou mais je pense avoir réussi le flou d’arrière plan.&lt;br/&gt;2)L\'image est flou j\'ai trop bougé', '2018-12-11 11:49:46', 16),
(32747, 299, 165, '1) Le premier lego est légèrement flou mais je pense avoir réussi le flou d’arrière plan.&lt;br/&gt;2)L\'image est flou j\'ai trop bougé', '2018-12-11 11:49:46', 16),
(32748, 299, 141, '', '2018-09-20 11:20:50', 16),
(32749, 299, 140, '', '2018-10-04 13:36:54', 16),
(32750, 299, 191, 'Je n\'ai pas réussi à faire une silhouette. Je pense que j\'aurais du mettre un reflecteur ... J\'ai eu l\'effet inverse de se que je voulais...&lt;br/&gt;', '2019-06-18 10:28:01', 16),
(32751, 299, 169, 'J\'ai appris à faire des masques sur photoshop.', '2019-01-22 09:37:19', 2),
(32752, 299, 197, 'J\'aurais du mieux cadrer.', '2019-10-01 14:04:34', 5),
(32753, 299, 197, 'Faire croire que quelqu\'un est à l\'extérieur au soleil.', '2019-10-01 14:04:34', 22),
(32754, 299, 220, 'Respect des consignes 	monté un film image par image de manière a rendre les mouvements crédibles 	M&lt;br/&gt;Respect des consignes 	réalisé une pixilation comportant au moins un lévitation ou le déplacement improbable d\'un humain 	M&lt;br/&gt;Qualité image 	utilisé des images bien exposées, cadrées, mises au point   EA', '2020-03-03 10:57:52', 29),
(32755, 299, 220, 'Il faudrait que j\'améliore la mise au point de chaque photo et peut-être aussi l\'exposition .', '2020-03-03 10:57:52', 5),
(32756, 299, 219, 'Nous avions mal compris les consignes du coup nous avons qu\'une seul sonorisation pour le stop motion non complète car nous avions fini la sonorisation de la vidéo mais il y a eu un problème d\'exportation donc le projet n\'a pas été sauvegarder. La vidéo ci jointe n\'a pas tous les sons car nous avons du les remettre rapidement la dernière fois et puisque cela a été faite dans la précipitation tous les sons ne sont pas synchronisé à la vidéo.', '2020-03-03 11:09:58', 1),
(32757, 299, 219, 'Compétences 	Critères 	Tu as: 	&lt;br/&gt;Maximum&lt;br/&gt;	Mixage 	produit une bande sonore exempte de parasites ou distortions inadéquates 	A&lt;br/&gt; 	Mixage 	sonorisé toutes les actions demandant un bruitage 	EA&lt;br/&gt; 	Mixage 	mixé les pistes et les bruitages entre eux, pour former un tout homogène et cohérent 	A&lt;br/&gt; 	Mixage 	ajouté une piste ambiance   EA', '2020-03-03 11:09:58', 29),
(32758, 299, 168, 'A colorer une image en noir et blanc', '2019-01-31 10:21:12', 2),
(32759, 299, 170, '', '2019-01-31 10:43:01', 16),
(32760, 299, 172, '', '2019-01-31 11:15:19', 2),
(32761, 299, 149, '', '2018-10-18 11:29:32', 2),
(32762, 299, 176, 'Cadrer la photo plus droit.', '2019-02-14 11:50:40', 5),
(32763, 299, 176, 'Clément et Edouard', '2019-02-14 11:50:40', 6),
(32764, 299, 176, 'Faire un ovni.', '2019-02-14 11:50:40', 8),
(32765, 299, 176, 'J\'ai pris un photo une photo de Clément avec un court tdp pendant qu\'un DVD était lancer par Edouard .', '2019-02-14 11:50:40', 9),
(32766, 300, 176, 'j\'aurais fait une mise au point manuel. Pour que chaqu\'un des clones soit parfaitement net. ', '2019-02-14 11:53:46', 5),
(32767, 300, 176, 'Lucas et Leny ', '2019-02-14 11:53:46', 6),
(32768, 300, 176, 'Le projet sur les clones', '2019-02-14 11:53:46', 8),
(32769, 300, 176, 'J\'ai mis en place un trépied et ensuite j\'ai choisi un décor j\'ai ensuite pris une photo de chaque position et ensuite j\'ai utilisé photoshop &lt;br/&gt;', '2019-02-14 11:53:46', 9),
(32770, 300, 173, 'Beau travail ;)', '2019-02-14 16:00:02', 16),
(32771, 300, 173, 'Beau travail ;)', '2019-02-14 16:00:02', 16),
(32772, 300, 173, 'Beau travail ;)', '2019-02-14 16:00:03', 16),
(32773, 300, 173, 'Beau travail ;)', '2019-02-14 16:00:03', 16),
(32774, 300, 177, 'Que en fonction du mode de photo que j\'utilise la colorisation de la photo change. ', '2019-02-21 11:52:12', 2),
(32775, 300, 177, 'Que en fonction du mode de photo que j\'utilise la colorisation de la photo change. ', '2019-02-21 11:52:12', 2),
(32776, 300, 177, 'Que en fonction du mode de photo que j\'utilise la colorisation de la photo change. ', '2019-02-21 11:52:12', 2),
(32777, 300, 177, 'Que en fonction du mode de photo que j\'utilise la colorisation de la photo change. ', '2019-02-21 11:52:12', 2),
(32778, 300, 177, 'Que en fonction du mode de photo que j\'utilise la colorisation de la photo change. ', '2019-02-21 11:52:12', 2),
(32779, 300, 177, 'Que en fonction du mode de photo que j\'utilise la colorisation de la photo change. ', '2019-02-21 11:52:15', 2),
(32780, 300, 177, 'Que en fonction du mode de photo que j\'utilise la colorisation de la photo change. ', '2019-02-21 11:52:15', 2),
(32781, 300, 177, 'Que en fonction du mode de photo que j\'utilise la colorisation de la photo change. ', '2019-02-21 11:52:15', 2);
INSERT INTO `self_assessment_answer` (`id`, `student_id`, `project_id`, `answer`, `datetime`, `self_assessment_question_id`) VALUES
(32782, 300, 177, 'Que en fonction du mode de photo que j\'utilise la colorisation de la photo change. ', '2019-02-21 11:52:15', 2),
(32783, 300, 177, 'Que en fonction du mode de photo que j\'utilise la colorisation de la photo change. ', '2019-02-21 11:52:15', 2),
(32784, 300, 177, 'Que en fonction du mode de photo que j\'utilise la colorisation de la photo change. ', '2019-02-21 11:52:16', 2),
(32785, 300, 177, 'Que en fonction du mode de photo que j\'utilise la colorisation de la photo change. ', '2019-02-21 11:52:16', 2),
(32786, 300, 177, 'Que en fonction du mode de photo que j\'utilise la colorisation de la photo change. ', '2019-02-21 11:52:16', 2),
(32787, 300, 177, 'Que en fonction du mode de photo que j\'utilise la colorisation de la photo change. ', '2019-02-21 11:52:16', 2),
(32788, 300, 177, 'Que en fonction du mode de photo que j\'utilise la colorisation de la photo change. ', '2019-02-21 11:52:16', 2),
(32789, 300, 177, 'Que en fonction du mode de photo que j\'utilise la colorisation de la photo change. ', '2019-02-21 11:52:18', 2),
(32790, 300, 177, 'Que en fonction du mode de photo que j\'utilise la colorisation de la photo change. ', '2019-02-21 11:52:18', 2),
(32791, 300, 177, 'Que en fonction du mode de photo que j\'utilise la colorisation de la photo change. ', '2019-02-21 11:52:18', 2),
(32792, 300, 177, 'Que en fonction du mode de photo que j\'utilise la colorisation de la photo change. ', '2019-02-21 11:52:18', 2),
(32793, 300, 177, 'Que en fonction du mode de photo que j\'utilise la colorisation de la photo change. ', '2019-02-21 11:52:18', 2),
(32794, 300, 178, 'J\'aurais mieux cadré mes photos &lt;br/&gt;', '2019-02-21 11:51:07', 5),
(32795, 300, 178, 'Leny, Lucas, Clément et moi ', '2019-02-21 11:51:07', 6),
(32796, 300, 178, 'Le projet des photos &quot;PHOTOMATON&quot; ', '2019-02-21 11:51:07', 8),
(32797, 300, 178, 'Nous avons tout d\'abord pris 4 photos et nous avons fait quelque mise en scène pour une touche d\'humour.&lt;br/&gt;Ensuite nous avons travailler sur Photoshop pour pouvoir recadrer nos photos et les incruster sur un fond blanc. &lt;br/&gt;Et j\'ai recadrer la fond blanc ', '2019-02-21 11:51:07', 9),
(32798, 300, 177, 'Que en fonction du mode de photo que j\'utilise la colorisation de la photo change. ', '2019-02-21 11:52:11', 2),
(32799, 300, 177, 'Que en fonction du mode de photo que j\'utilise la colorisation de la photo change. ', '2019-02-21 11:52:11', 2),
(32800, 300, 177, 'Que en fonction du mode de photo que j\'utilise la colorisation de la photo change. ', '2019-02-21 11:52:11', 2),
(32801, 300, 177, 'Que en fonction du mode de photo que j\'utilise la colorisation de la photo change. ', '2019-02-21 11:52:11', 2),
(32802, 300, 177, 'Que en fonction du mode de photo que j\'utilise la colorisation de la photo change. ', '2019-02-21 11:52:11', 2),
(32803, 300, 180, 'J\'aurais améliorer la mise au point. ', '2019-02-28 10:53:53', 5),
(32804, 300, 180, 'J\'ai travailler seul sur le projet. ', '2019-02-28 10:53:53', 6),
(32805, 300, 180, 'le HIKEY ', '2019-02-28 10:53:53', 8),
(32806, 300, 180, 'J\'ai tout d\'abord placer mon modèle sur un trépied. Ensuite j\'ai du utiliser le réglage de la balance des blancs en manuel et j\'ai pris mon arrière plan en photo. Ensuite  j\'ai pris ma photo. ', '2019-02-28 10:53:53', 9),
(32807, 300, 182, '&lt;br/&gt;', '2019-04-04 09:19:54', 16),
(32808, 300, 184, 'pour moi les consignes sont pleinement respectée et cette photo ne nécessite pas de modification technique. &lt;br/&gt;Pour moi toutes les consignes ont été respectée et cette photo ne  nécessite pas de modification technique ', '2019-04-25 11:05:07', 5),
(32809, 300, 185, 'Je ne sais pas si les réglages sont fait correctement mais pour moi, c\'est bien réalisé. Au début, lors des première photo je n\'avais pas vraiment d\'idée mais par la suite grâce au niveaux de l\'éclairage et à ce que j\'ai pu  crée avec la lumière j\'ai rajouter des éléments de décors.', '2019-04-25 11:08:27', 5),
(32810, 300, 186, '', '2019-05-16 15:10:49', 16),
(32811, 300, 186, '', '2019-05-16 15:10:49', 16),
(32812, 300, 186, '', '2019-05-16 15:10:49', 16),
(32813, 300, 186, '', '2019-05-16 15:10:50', 16),
(32814, 300, 186, '', '2019-05-16 15:10:50', 16),
(32815, 300, 186, '', '2019-05-16 15:10:50', 16),
(32816, 300, 186, '', '2019-05-16 15:10:51', 16),
(32817, 300, 186, '', '2019-05-16 15:10:51', 16),
(32818, 300, 186, '', '2019-05-16 15:10:51', 16),
(32819, 300, 162, '', '2018-12-06 11:25:18', 2),
(32820, 300, 163, 'La seule difficulté c\'était de trouver toutes les lettres sans devoirs les crées, ou les reprendre d\'affiche de pub, ou autre... &lt;br/&gt;Du coup on a du un peu tous prendre les photos de tout le monde. &lt;br/&gt;Avec leurs accords ;) ', '2018-12-06 11:35:38', 1),
(32821, 300, 189, 'J\'ai beaucoup aimer crée le décor.&lt;br/&gt;', '2019-05-23 16:05:42', 16),
(32822, 300, 189, 'J\'ai beaucoup aimer crée le décor.&lt;br/&gt;', '2019-05-23 16:05:42', 16),
(32823, 300, 189, 'J\'ai beaucoup aimer crée le décor.&lt;br/&gt;', '2019-05-23 16:05:42', 16),
(32824, 300, 189, 'J\'ai beaucoup aimer crée le décor.&lt;br/&gt;', '2019-05-23 16:05:43', 16),
(32825, 300, 189, 'J\'ai beaucoup aimer crée le décor.&lt;br/&gt;', '2019-05-23 16:05:43', 16),
(32826, 300, 189, 'J\'ai beaucoup aimer crée le décor.&lt;br/&gt;', '2019-05-23 16:05:43', 16),
(32827, 300, 189, 'J\'ai beaucoup aimer crée le décor.&lt;br/&gt;', '2019-05-23 16:05:44', 16),
(32828, 300, 189, 'J\'ai beaucoup aimer crée le décor.&lt;br/&gt;', '2019-05-23 16:05:44', 16),
(32829, 300, 189, 'J\'ai beaucoup aimer crée le décor.&lt;br/&gt;', '2019-05-23 16:05:44', 16),
(32830, 300, 165, 'Problème au niveau des iso. Pour la photo numéro deux les iso devaient être régler plus haut. &lt;br/&gt;Pour la 1 aussi.&lt;br/&gt;Manque d\'attention sur les réglages. ', '2018-12-11 10:42:05', 16),
(32831, 300, 165, 'Problème au niveau des iso. Pour la photo numéro deux les iso devaient être régler plus haut. &lt;br/&gt;Pour la 1 aussi.&lt;br/&gt;Manque d\'attention sur les réglages. ', '2018-12-11 10:42:05', 16),
(32832, 300, 165, 'Problème au niveau des iso. Pour la photo numéro deux les iso devaient être régler plus haut. &lt;br/&gt;Pour la 1 aussi.&lt;br/&gt;Manque d\'attention sur les réglages. ', '2018-12-11 10:42:06', 16),
(32833, 300, 165, 'Problème au niveau des iso. Pour la photo numéro deux les iso devaient être régler plus haut. &lt;br/&gt;Pour la 1 aussi.&lt;br/&gt;Manque d\'attention sur les réglages. ', '2018-12-11 10:42:06', 16),
(32834, 300, 142, '', '2018-09-13 11:44:23', 1),
(32835, 300, 141, '', '2018-09-20 11:24:43', 16),
(32836, 300, 191, '', '2019-06-18 08:57:17', 16),
(32837, 300, 140, 'je n\'aime pas ce que j\'ai fait. Ca à été mal réaliser par le modèle.', '2018-10-04 13:27:55', 16),
(32838, 300, 168, 'J\'ai adorer le travail sur Photoshop. ', '2019-01-15 09:59:39', 2),
(32839, 300, 169, 'J\'aimerai en faire d\'encore plus original. ', '2019-01-17 11:10:16', 2),
(32840, 300, 170, '', '2019-01-22 09:29:38', 16),
(32841, 300, 172, '', '2019-02-07 11:47:14', 2),
(32842, 300, 149, '', '2018-10-18 13:00:32', 2),
(32843, 301, 178, '', '2019-02-21 11:52:57', 5),
(32844, 301, 178, 'Amandine&lt;br/&gt;Thomas&lt;br/&gt;Cyril', '2019-02-21 11:52:57', 6),
(32845, 301, 178, 'Panorama + Clones', '2019-02-21 11:52:57', 8),
(32846, 301, 178, '', '2019-02-21 11:52:57', 9),
(32847, 301, 180, 'mieux ecouter les consignes', '2019-02-28 11:52:04', 5),
(32848, 301, 180, 'thomas&lt;br/&gt;felix', '2019-02-28 11:52:04', 6),
(32849, 301, 180, 'photomathon &lt;br/&gt;une histoire en images', '2019-02-28 11:52:04', 8),
(32850, 301, 180, 'on a fait plusieurs photos et puis on les a recadré sur photoshop', '2019-02-28 11:52:04', 9),
(32851, 301, 182, '', '2019-03-28 14:52:56', 16),
(32852, 301, 204, 'loop et batman, desolé mon modèle est orange', '2019-12-11 10:16:03', 22),
(32853, 301, 204, 'loop et batman, desolé mon modèle est orange', '2019-12-11 10:16:03', 22),
(32854, 301, 204, 'loop et batman, desolé mon modèle est orange', '2019-12-11 10:16:04', 22),
(32855, 301, 204, 'loop et batman, desolé mon modèle est orange', '2019-12-11 10:16:04', 22),
(32856, 301, 153, '', '2018-11-15 09:00:02', 16),
(32857, 301, 185, '', '2019-05-02 11:34:08', 5),
(32858, 301, 186, '', '2019-05-16 15:21:51', 16),
(32859, 301, 186, '', '2019-05-16 15:21:51', 16),
(32860, 301, 186, '', '2019-05-16 15:21:51', 16),
(32861, 301, 186, '', '2019-05-16 15:21:52', 16),
(32862, 301, 186, '', '2019-05-16 15:21:52', 16),
(32863, 301, 186, '', '2019-05-16 15:21:52', 16),
(32864, 301, 186, '', '2019-05-16 15:21:53', 16),
(32865, 301, 186, '', '2019-05-16 15:21:53', 16),
(32866, 301, 186, '', '2019-05-16 15:21:53', 16),
(32867, 301, 163, '', '2018-12-06 11:15:30', 1),
(32868, 301, 162, '', '2018-12-06 11:28:52', 2),
(32869, 301, 189, '', '2019-05-23 16:07:08', 16),
(32870, 301, 189, '', '2019-05-23 16:07:08', 16),
(32871, 301, 189, '', '2019-05-23 16:07:08', 16),
(32872, 301, 189, '', '2019-05-23 16:07:07', 16),
(32873, 301, 189, '', '2019-05-23 16:07:07', 16),
(32874, 301, 189, '', '2019-05-23 16:07:07', 16),
(32875, 301, 165, 'la 2 photo est trop floue a mon gout', '2018-12-11 10:34:17', 16),
(32876, 301, 165, 'la 2 photo est trop floue a mon gout', '2018-12-11 10:34:17', 16),
(32877, 301, 165, 'la 2 photo est trop floue a mon gout', '2018-12-11 10:34:18', 16),
(32878, 301, 165, 'la 2 photo est trop floue a mon gout', '2018-12-11 10:34:18', 16),
(32879, 301, 189, '', '2019-05-23 16:07:06', 16),
(32880, 301, 189, '', '2019-05-23 16:07:06', 16),
(32881, 301, 189, '', '2019-05-23 16:07:06', 16),
(32882, 301, 142, '', '2018-09-20 09:59:47', 1),
(32883, 301, 141, 'très médiocre', '2018-09-20 11:43:35', 16),
(32884, 301, 191, '', '2019-06-18 09:37:14', 16),
(32885, 301, 140, '', '2018-10-04 13:42:28', 16),
(32886, 301, 168, '', '2019-01-15 10:01:14', 2),
(32887, 301, 169, '', '2019-01-22 09:40:56', 2),
(32888, 301, 220, 'Respect des consignes 	monté un film image par image de manière a rendre les mouvements crédibles                                              m&lt;br/&gt;Respect des consignes 	réalisé une pixilation comportant au moins un lévitation ou le déplacement improbable d\'un humain 	   m&lt;br/&gt;Qualité image 	                utilisé des images bien exposées, cadrées, mises au point                                                                                    m', '2020-03-03 10:52:50', 29),
(32889, 301, 220, 'eviter d\'apuyer trop fort sur le declencheur pour eviter un mouvement de l appareil', '2020-03-03 10:52:50', 5),
(32890, 301, 170, '', '2019-01-22 09:44:29', 16),
(32891, 301, 197, '', '2019-10-04 13:17:10', 5),
(32892, 301, 197, '', '2019-10-04 13:17:10', 22),
(32893, 301, 195, '', '2019-10-04 13:18:43', 5),
(32894, 301, 195, '', '2019-10-04 13:18:43', 22),
(32895, 301, 219, 'Mixage 	produit une bande sonore exempte de parasites ou distortions inadéquates 	                      NA          &lt;br/&gt;Mixage 	sonorisé toutes les actions demandant un bruitage 	                                                                      NA&lt;br/&gt;Mixage 	mixé les pistes et les bruitages entre eux, pour former un tout homogène et cohérent 	      NA&lt;br/&gt;Mixage ajouté une piste ambiance                                                                                                                         NA', '2020-03-03 11:00:46', 1),
(32896, 301, 219, 'je n\'ai pas eu le temps de enregistrer le son ', '2020-03-03 11:00:46', 29),
(32897, 301, 199, '', '2019-10-11 14:11:16', 5),
(32898, 301, 199, '', '2019-10-11 14:11:16', 22),
(32899, 301, 173, '', '2019-02-07 10:34:44', 16),
(32900, 301, 173, '', '2019-02-07 10:34:44', 16),
(32901, 301, 173, '', '2019-02-07 10:34:45', 16),
(32902, 301, 173, '', '2019-02-07 10:34:45', 16),
(32903, 301, 172, '', '2019-02-07 11:22:06', 2),
(32904, 301, 149, '', '2018-10-18 11:52:38', 2),
(32905, 303, 196, 'Pour que l\'on puisse voir touts les traits de son visage lorsqu\'il est heureux.', '2019-10-18 09:49:20', 28),
(32906, 303, 175, '', '2019-02-19 15:11:53', 16),
(32907, 303, 151, '', '2018-10-23 09:18:14', 16),
(32908, 303, 146, '', '2018-10-23 09:31:00', 1),
(32909, 303, 146, '', '2018-10-23 09:31:00', 1),
(32910, 303, 146, '', '2018-10-23 09:31:00', 1),
(32911, 303, 146, '', '2018-10-23 09:31:00', 1),
(32912, 303, 146, '', '2018-10-23 09:31:00', 1),
(32913, 303, 146, '', '2018-10-23 09:31:01', 1),
(32914, 303, 146, '', '2018-10-23 09:31:01', 1),
(32915, 303, 146, '', '2018-10-23 09:31:01', 1),
(32916, 303, 146, '', '2018-10-23 09:31:01', 1),
(32917, 303, 146, '', '2018-10-23 09:31:01', 1),
(32918, 303, 146, '', '2018-10-23 09:31:02', 1),
(32919, 303, 146, '', '2018-10-23 09:31:02', 1),
(32920, 303, 146, '', '2018-10-23 09:31:02', 1),
(32921, 303, 146, '', '2018-10-23 09:31:02', 1),
(32922, 303, 146, '', '2018-10-23 09:31:02', 1),
(32923, 303, 146, '', '2018-10-23 09:30:59', 1),
(32924, 303, 146, '', '2018-10-23 09:30:59', 1),
(32925, 303, 146, '', '2018-10-23 09:30:59', 1),
(32926, 303, 146, '', '2018-10-23 09:30:59', 1),
(32927, 303, 146, '', '2018-10-23 09:30:59', 1),
(32928, 303, 145, '', '2018-10-23 09:47:26', 1),
(32929, 303, 145, '', '2018-10-23 09:47:26', 1),
(32930, 303, 145, '', '2018-10-23 09:47:26', 1),
(32931, 303, 181, 'moi, Emily ', '2019-03-28 13:46:17', 6),
(32932, 303, 181, 'Point faible: le volume des bases.&lt;br/&gt;Point fort: le bon emplacement des sons.', '2019-03-28 13:46:17', 26),
(32933, 303, 181, 'Point faible: J\'ai pas l impression que il y en avait.&lt;br/&gt;Point fort: L\'imagination pour l histoire de la bande sons.', '2019-03-28 13:46:17', 27),
(32934, 303, 145, '', '2018-10-23 09:47:25', 1),
(32935, 303, 145, '', '2018-10-23 09:47:25', 1),
(32936, 303, 145, '', '2018-10-23 09:47:25', 1),
(32937, 303, 161, '', '2018-11-15 14:10:47', 1),
(32938, 303, 161, '', '2018-11-15 14:10:47', 1),
(32939, 303, 161, '', '2018-11-15 14:10:47', 1),
(32940, 303, 161, '', '2018-11-15 14:10:47', 1),
(32941, 303, 161, '', '2018-11-15 14:10:50', 1),
(32942, 303, 161, '', '2018-11-15 14:10:50', 1),
(32943, 303, 161, '', '2018-11-15 14:10:50', 1),
(32944, 303, 161, '', '2018-11-15 14:10:50', 1),
(32945, 303, 161, '', '2018-11-15 14:10:52', 1),
(32946, 303, 161, '', '2018-11-15 14:10:52', 1),
(32947, 303, 161, '', '2018-11-15 14:10:52', 1),
(32948, 303, 161, '', '2018-11-15 14:10:52', 1),
(32949, 303, 161, '', '2018-11-15 14:10:54', 1),
(32950, 303, 161, '', '2018-11-15 14:10:54', 1),
(32951, 303, 161, '', '2018-11-15 14:10:54', 1),
(32952, 303, 161, '', '2018-11-15 14:10:54', 1),
(32953, 303, 187, '', '2019-05-21 16:12:03', 5),
(32954, 303, 206, '', '2019-12-17 10:32:58', 16),
(32955, 303, 164, '', '2018-12-06 13:22:02', 1),
(32956, 303, 164, '', '2018-12-06 13:22:02', 2),
(32957, 303, 188, '', '2019-06-04 15:09:23', 1),
(32958, 303, 188, '', '2019-06-04 15:09:23', 5),
(32959, 303, 190, '', '2019-06-12 11:22:53', 16),
(32960, 303, 190, '', '2019-06-12 11:22:53', 16),
(32961, 303, 190, '', '2019-06-12 11:22:53', 16),
(32962, 303, 190, '', '2019-06-12 11:22:53', 16),
(32963, 303, 138, '', '2018-10-01 13:47:10', 5),
(32964, 303, 167, '', '2018-12-18 11:58:10', 16),
(32965, 303, 167, '', '2018-12-18 11:58:10', 16),
(32966, 303, 167, '', '2018-12-18 11:58:11', 16),
(32967, 303, 167, '', '2018-12-18 11:58:11', 16),
(32968, 303, 145, '', '2018-10-23 09:47:27', 1),
(32969, 303, 145, '', '2018-10-23 09:47:27', 1),
(32970, 303, 145, '', '2018-10-23 09:47:27', 1),
(32971, 303, 146, '', '2018-10-23 09:31:04', 1),
(32972, 303, 146, '', '2018-10-23 09:31:04', 1),
(32973, 303, 146, '', '2018-10-23 09:31:04', 1),
(32974, 303, 146, '', '2018-10-23 09:31:04', 1),
(32975, 303, 146, '', '2018-10-23 09:31:04', 1),
(32976, 304, 138, '', '2018-10-23 08:49:59', 5),
(32977, 304, 196, 'Je voulais donner un effet de contraste entre les deux personnes en gardant la mise en avant d\' eux même. Je voulais faire ressortir leur charisme.', '2019-10-18 10:00:37', 28),
(32978, 304, 151, '', '2018-10-23 09:16:47', 16),
(32979, 304, 181, 'Kevin Hejda &lt;br/&gt;Pierre Meert ', '2019-03-28 14:09:18', 6),
(32980, 304, 181, 'Point fort: une bonne oreille, je sais vraiment me concentré sur le travail, j\'arrive a me souvenir de ce que donne un son avant modification, J\'apprend vite.&lt;br/&gt;Point faible: j\'ai très peut travaillé sur audition avant car je suis à ma première année. ', '2019-03-28 14:09:18', 26),
(32981, 304, 181, 'Point fort: j\'ai une grande imagination et une très bonne visualisation par rapport à un son.&lt;br/&gt;Point faible: j\'ai beaucoup de mal à structurer mes idées.', '2019-03-28 14:09:18', 27),
(32982, 304, 161, 'Je suis satisfait !', '2018-11-15 14:14:50', 1),
(32983, 304, 161, 'Je suis satisfait !', '2018-11-15 14:14:50', 1),
(32984, 304, 161, 'Je suis satisfait !', '2018-11-15 14:14:50', 1),
(32985, 304, 161, 'Je suis satisfait !', '2018-11-15 14:14:50', 1),
(32986, 304, 161, 'Je suis satisfait !', '2018-11-15 14:14:51', 1),
(32987, 304, 161, 'Je suis satisfait !', '2018-11-15 14:14:51', 1),
(32988, 304, 161, 'Je suis satisfait !', '2018-11-15 14:14:51', 1),
(32989, 304, 161, 'Je suis satisfait !', '2018-11-15 14:14:51', 1),
(32990, 304, 161, 'Je suis satisfait !', '2018-11-15 14:14:52', 1),
(32991, 304, 161, 'Je suis satisfait !', '2018-11-15 14:14:52', 1),
(32992, 304, 161, 'Je suis satisfait !', '2018-11-15 14:14:52', 1),
(32993, 304, 161, 'Je suis satisfait !', '2018-11-15 14:14:52', 1),
(32994, 304, 161, 'Je suis satisfait !', '2018-11-15 14:14:53', 1),
(32995, 304, 161, 'Je suis satisfait !', '2018-11-15 14:14:53', 1),
(32996, 304, 161, 'Je suis satisfait !', '2018-11-15 14:14:53', 1),
(32997, 304, 161, 'Je suis satisfait !', '2018-11-15 14:14:53', 1),
(32998, 304, 187, '', '2019-05-23 14:18:37', 5),
(32999, 304, 206, '', '2019-12-17 11:49:40', 16),
(33000, 304, 188, '', '2019-06-04 15:04:17', 1),
(33001, 304, 188, '', '2019-06-04 15:04:17', 5),
(33002, 304, 190, 'Je suis désolé pour le temps que j\'ai mis, je me suis laissé aller dans le stresse. ', '2019-06-12 10:06:01', 16),
(33003, 304, 190, 'Je suis désolé pour le temps que j\'ai mis, je me suis laissé aller dans le stresse. ', '2019-06-12 10:06:01', 16),
(33004, 304, 190, 'Je suis désolé pour le temps que j\'ai mis, je me suis laissé aller dans le stresse. ', '2019-06-12 10:06:01', 16),
(33005, 304, 190, 'Je suis désolé pour le temps que j\'ai mis, je me suis laissé aller dans le stresse. ', '2019-06-12 10:06:01', 16),
(33006, 304, 167, '', '2018-12-18 12:11:04', 16),
(33007, 304, 167, '', '2018-12-18 12:11:04', 16),
(33008, 304, 146, '', '2018-10-09 09:54:19', 1),
(33009, 304, 146, '', '2018-10-09 09:54:19', 1),
(33010, 304, 146, '', '2018-10-09 09:54:19', 1),
(33011, 304, 146, '', '2018-10-09 09:54:19', 1),
(33012, 304, 146, '', '2018-10-09 09:54:19', 1),
(33013, 304, 167, '', '2018-12-18 12:11:05', 16),
(33014, 304, 167, '', '2018-12-18 12:11:05', 16),
(33015, 304, 146, '', '2018-10-09 09:54:20', 1),
(33016, 304, 146, '', '2018-10-09 09:54:20', 1),
(33017, 304, 146, '', '2018-10-09 09:54:20', 1),
(33018, 304, 146, '', '2018-10-09 09:54:20', 1),
(33019, 304, 146, '', '2018-10-09 09:54:20', 1),
(33020, 304, 145, '', '2018-10-09 09:54:50', 1),
(33021, 304, 145, '', '2018-10-09 09:54:50', 1),
(33022, 304, 145, '', '2018-10-09 09:54:50', 1),
(33023, 304, 145, '', '2018-10-09 09:54:51', 1),
(33024, 304, 145, '', '2018-10-09 09:54:51', 1),
(33025, 304, 145, '', '2018-10-09 09:54:51', 1),
(33026, 304, 146, '', '2018-10-09 09:54:14', 1),
(33027, 304, 146, '', '2018-10-09 09:54:14', 1),
(33028, 304, 146, '', '2018-10-09 09:54:14', 1),
(33029, 304, 146, '', '2018-10-09 09:54:14', 1),
(33030, 304, 146, '', '2018-10-09 09:54:14', 1),
(33031, 304, 146, '', '2018-10-09 09:54:16', 1),
(33032, 304, 146, '', '2018-10-09 09:54:16', 1),
(33033, 304, 146, '', '2018-10-09 09:54:16', 1),
(33034, 304, 146, '', '2018-10-09 09:54:16', 1),
(33035, 304, 146, '', '2018-10-09 09:54:16', 1),
(33036, 304, 146, '', '2018-10-09 09:54:18', 1),
(33037, 304, 146, '', '2018-10-09 09:54:18', 1),
(33038, 304, 146, '', '2018-10-09 09:54:18', 1),
(33039, 304, 146, '', '2018-10-09 09:54:18', 1),
(33040, 304, 146, '', '2018-10-09 09:54:18', 1),
(33041, 304, 145, '', '2018-10-09 09:54:49', 1),
(33042, 304, 145, '', '2018-10-09 09:54:49', 1),
(33043, 304, 145, '', '2018-10-09 09:54:49', 1),
(33044, 304, 175, '', '2019-02-12 15:53:26', 16),
(33045, 305, 151, '', '2018-10-23 09:26:13', 16),
(33046, 305, 146, '', '2018-10-23 09:39:27', 1),
(33047, 305, 146, '', '2018-10-23 09:39:27', 1),
(33048, 305, 146, '', '2018-10-23 09:39:27', 1),
(33049, 305, 146, '', '2018-10-23 09:39:27', 1),
(33050, 305, 146, '', '2018-10-23 09:39:27', 1),
(33051, 305, 146, '', '2018-10-23 09:39:28', 1),
(33052, 305, 146, '', '2018-10-23 09:39:28', 1),
(33053, 305, 146, '', '2018-10-23 09:39:28', 1),
(33054, 305, 146, '', '2018-10-23 09:39:28', 1),
(33055, 305, 146, '', '2018-10-23 09:39:28', 1),
(33056, 305, 146, '', '2018-10-23 09:39:29', 1),
(33057, 305, 146, '', '2018-10-23 09:39:29', 1),
(33058, 305, 146, '', '2018-10-23 09:39:29', 1),
(33059, 305, 146, '', '2018-10-23 09:39:29', 1),
(33060, 305, 146, '', '2018-10-23 09:39:29', 1),
(33061, 305, 146, '', '2018-10-23 09:39:30', 1),
(33062, 305, 146, '', '2018-10-23 09:39:30', 1),
(33063, 305, 146, '', '2018-10-23 09:39:30', 1),
(33064, 305, 146, '', '2018-10-23 09:39:30', 1),
(33065, 305, 146, '', '2018-10-23 09:39:30', 1),
(33066, 305, 146, '', '2018-10-23 09:39:31', 1),
(33067, 305, 146, '', '2018-10-23 09:39:31', 1),
(33068, 305, 146, '', '2018-10-23 09:39:31', 1),
(33069, 305, 146, '', '2018-10-23 09:39:31', 1),
(33070, 305, 146, '', '2018-10-23 09:39:31', 1),
(33071, 305, 145, '', '2018-10-23 09:40:21', 1),
(33072, 305, 145, '', '2018-10-23 09:40:21', 1),
(33073, 305, 145, '', '2018-10-23 09:40:21', 1),
(33074, 305, 145, '', '2018-10-23 09:40:22', 1),
(33075, 305, 145, '', '2018-10-23 09:40:22', 1),
(33076, 305, 145, '', '2018-10-23 09:40:22', 1),
(33077, 305, 145, '', '2018-10-23 09:40:23', 1),
(33078, 305, 145, '', '2018-10-23 09:40:23', 1),
(33079, 305, 145, '', '2018-10-23 09:40:23', 1),
(33080, 305, 161, '', '2018-11-15 14:12:51', 1),
(33081, 305, 161, '', '2018-11-15 14:12:51', 1),
(33082, 305, 161, '', '2018-11-15 14:12:51', 1),
(33083, 305, 161, '', '2018-11-15 14:12:51', 1),
(33084, 305, 161, '', '2018-11-15 14:12:52', 1),
(33085, 305, 161, '', '2018-11-15 14:12:52', 1),
(33086, 305, 161, '', '2018-11-15 14:12:52', 1),
(33087, 305, 161, '', '2018-11-15 14:12:52', 1),
(33088, 305, 161, '', '2018-11-15 14:12:54', 1),
(33089, 305, 161, '', '2018-11-15 14:12:54', 1),
(33090, 305, 161, '', '2018-11-15 14:12:54', 1),
(33091, 305, 161, '', '2018-11-15 14:12:54', 1),
(33092, 305, 161, '', '2018-11-15 14:12:55', 1),
(33093, 305, 161, '', '2018-11-15 14:12:55', 1),
(33094, 305, 161, '', '2018-11-15 14:12:55', 1),
(33095, 305, 161, '', '2018-11-15 14:12:55', 1),
(33096, 305, 187, '', '2019-05-21 16:06:35', 5),
(33097, 305, 183, '', '2019-05-23 14:22:00', 6),
(33098, 305, 183, '', '2019-05-23 14:22:00', 26),
(33099, 305, 183, '', '2019-05-23 14:22:00', 27),
(33100, 305, 206, '', '2019-12-17 11:14:52', 16),
(33101, 305, 164, '', '2018-12-06 13:45:01', 1),
(33102, 305, 164, '', '2018-12-06 13:45:01', 2),
(33103, 305, 188, '', '2019-06-04 15:02:20', 1),
(33104, 305, 188, '', '2019-06-04 15:02:20', 5),
(33105, 305, 167, '', '2018-12-18 10:29:25', 16),
(33106, 305, 167, '', '2018-12-18 10:29:25', 16),
(33107, 305, 167, '', '2018-12-18 10:29:26', 16),
(33108, 305, 167, '', '2018-12-18 10:29:26', 16),
(33109, 305, 190, '', '2019-06-12 11:55:33', 16),
(33110, 305, 190, '', '2019-06-12 11:55:33', 16),
(33111, 305, 190, '', '2019-06-12 11:55:34', 16),
(33112, 305, 190, '', '2019-06-12 11:55:34', 16),
(33113, 305, 138, '', '2018-10-01 14:12:49', 5),
(33114, 305, 175, '', '2019-02-12 15:57:25', 16),
(33115, 306, 145, '', '2018-10-23 09:35:41', 1),
(33116, 306, 145, '', '2018-10-23 09:35:41', 1),
(33117, 306, 145, '', '2018-10-23 09:35:41', 1),
(33118, 306, 145, '', '2018-10-23 09:35:41', 1),
(33119, 306, 145, '', '2018-10-23 09:35:41', 1),
(33120, 306, 145, '', '2018-10-23 09:35:41', 1),
(33121, 306, 146, '', '2018-10-23 09:38:37', 1),
(33122, 306, 146, '', '2018-10-23 09:38:37', 1),
(33123, 306, 146, '', '2018-10-23 09:38:37', 1),
(33124, 306, 146, '', '2018-10-23 09:38:37', 1),
(33125, 306, 146, '', '2018-10-23 09:38:37', 1),
(33126, 306, 146, '', '2018-10-23 09:38:38', 1),
(33127, 306, 146, '', '2018-10-23 09:38:38', 1),
(33128, 306, 146, '', '2018-10-23 09:38:38', 1),
(33129, 306, 146, '', '2018-10-23 09:38:38', 1),
(33130, 306, 146, '', '2018-10-23 09:38:38', 1),
(33131, 306, 146, '', '2018-10-23 09:38:40', 1),
(33132, 306, 146, '', '2018-10-23 09:38:40', 1),
(33133, 306, 146, '', '2018-10-23 09:38:40', 1),
(33134, 306, 146, '', '2018-10-23 09:38:40', 1),
(33135, 306, 146, '', '2018-10-23 09:38:40', 1),
(33136, 306, 146, '', '2018-10-23 09:38:41', 1),
(33137, 306, 146, '', '2018-10-23 09:38:41', 1),
(33138, 306, 146, '', '2018-10-23 09:38:41', 1),
(33139, 306, 146, '', '2018-10-23 09:38:41', 1),
(33140, 306, 146, '', '2018-10-23 09:38:41', 1),
(33141, 306, 151, '', '2018-10-23 10:11:19', 16),
(33142, 306, 187, '', '2019-05-23 12:58:25', 5),
(33143, 306, 161, '', '2018-11-15 14:18:41', 1),
(33144, 306, 161, '', '2018-11-15 14:18:41', 1),
(33145, 306, 161, '', '2018-11-15 14:18:41', 1),
(33146, 306, 161, '', '2018-11-15 14:18:41', 1),
(33147, 306, 161, '', '2018-11-15 14:18:42', 1),
(33148, 306, 161, '', '2018-11-15 14:18:42', 1),
(33149, 306, 161, '', '2018-11-15 14:18:42', 1),
(33150, 306, 161, '', '2018-11-15 14:18:42', 1),
(33151, 306, 161, '', '2018-11-15 14:18:43', 1),
(33152, 306, 161, '', '2018-11-15 14:18:43', 1),
(33153, 306, 161, '', '2018-11-15 14:18:43', 1),
(33154, 306, 161, '', '2018-11-15 14:18:43', 1),
(33155, 306, 161, '', '2018-11-15 14:18:45', 1),
(33156, 306, 161, '', '2018-11-15 14:18:45', 1),
(33157, 306, 161, '', '2018-11-15 14:18:45', 1),
(33158, 306, 161, '', '2018-11-15 14:18:45', 1),
(33159, 306, 183, 'Edward, Edouardo, Toma, Anthony,', '2019-05-23 14:29:24', 6),
(33160, 306, 183, '', '2019-05-23 14:29:24', 26),
(33161, 306, 183, 'fort: Le jeux d\'acteur et la direction / faibles: montage', '2019-05-23 14:29:24', 27),
(33162, 306, 206, 'Non.', '2019-12-17 10:19:41', 16),
(33163, 306, 164, '', '2018-12-06 14:08:10', 1),
(33164, 306, 164, '', '2018-12-06 14:08:10', 2),
(33165, 306, 188, '', '2019-06-04 14:59:38', 1),
(33166, 306, 188, '', '2019-06-04 14:59:38', 5),
(33167, 306, 190, '', '2019-06-12 11:03:39', 16),
(33168, 306, 190, '', '2019-06-12 11:03:39', 16),
(33169, 306, 190, '', '2019-06-12 11:03:39', 16),
(33170, 306, 190, '', '2019-06-12 11:03:39', 16),
(33171, 306, 167, '', '2018-12-18 10:21:28', 16),
(33172, 306, 167, '', '2018-12-18 10:21:28', 16),
(33173, 306, 167, '', '2018-12-18 10:21:29', 16),
(33174, 306, 167, '', '2018-12-18 10:21:29', 16),
(33175, 306, 138, '', '2018-10-01 14:00:10', 5),
(33176, 306, 145, '', '2018-10-23 09:35:41', 1),
(33177, 306, 145, '', '2018-10-23 09:35:41', 1),
(33178, 306, 145, '', '2018-10-23 09:35:41', 1),
(33179, 306, 146, '', '2018-10-23 09:38:42', 1),
(33180, 306, 146, '', '2018-10-23 09:38:42', 1),
(33181, 306, 146, '', '2018-10-23 09:38:42', 1),
(33182, 306, 146, '', '2018-10-23 09:38:42', 1),
(33183, 306, 146, '', '2018-10-23 09:38:42', 1),
(33184, 307, 165, '', '2018-12-11 11:17:27', 16),
(33185, 307, 165, '', '2018-12-11 11:17:27', 16),
(33186, 307, 165, '', '2018-12-11 11:17:28', 16),
(33187, 307, 165, '', '2018-12-11 11:17:28', 16),
(33188, 307, 141, '', '2018-09-20 11:38:12', 16),
(33189, 307, 140, 'j\'ai fais les reglages sur l\'appareil mais je n\'ai pas pris les photos.&lt;br/&gt;', '2018-10-04 13:18:06', 16),
(33190, 308, 178, 'Prendre plus mon temps a faire des photos et m\'appliquer un peu plus.', '2019-02-21 11:42:48', 5),
(33191, 308, 178, 'Lucas,Hugo,Leny', '2019-02-21 11:42:48', 6),
(33192, 308, 178, 'Le projet est le photomaton.', '2019-02-21 11:42:48', 8),
(33193, 308, 178, 'J\'ai fais plusieurs photos et je suis passé par photoshop pour que ça fasse comme un photomaton.', '2019-02-21 11:42:48', 9),
(33194, 308, 180, 'peux-être améliorer le témoin pour qu\'il soit moin flou', '2019-02-28 10:58:07', 5),
(33195, 308, 180, 'Leny/Lucas', '2019-02-28 10:58:07', 6),
(33196, 308, 180, 'Le projet fantôme&lt;br/&gt;', '2019-02-28 10:58:07', 8),
(33197, 308, 180, 'j\'ai augmenter mon temps de pause tout en mettant une lumière sur les personnages ', '2019-02-28 10:58:07', 9),
(33198, 308, 182, 'non je n\'en ai aucun', '2019-03-28 15:21:13', 16),
(33199, 308, 184, 'je carderais mieux0', '2019-04-25 11:08:29', 5),
(33200, 308, 204, 'Loop et Rembround', '2019-12-11 11:00:14', 22),
(33201, 308, 204, 'Loop et Rembround', '2019-12-11 11:00:14', 22),
(33202, 308, 204, 'Loop et Rembround', '2019-12-11 11:00:15', 22),
(33203, 308, 204, 'Loop et Rembround', '2019-12-11 11:00:15', 22),
(33204, 308, 186, '', '2019-05-23 15:59:26', 16),
(33205, 308, 186, '', '2019-05-23 15:59:26', 16),
(33206, 308, 186, '', '2019-05-23 15:59:26', 16),
(33207, 308, 186, '', '2019-05-23 15:59:27', 16),
(33208, 308, 186, '', '2019-05-23 15:59:27', 16),
(33209, 308, 186, '', '2019-05-23 15:59:27', 16),
(33210, 308, 163, 'je n\'ai pas finis car je n\'avais pas le temps ...', '2018-12-06 11:52:02', 1),
(33211, 308, 186, '', '2019-05-23 15:59:29', 16),
(33212, 308, 186, '', '2019-05-23 15:59:29', 16),
(33213, 308, 186, '', '2019-05-23 15:59:29', 16),
(33214, 308, 189, '', '2019-05-23 16:00:26', 16),
(33215, 308, 189, '', '2019-05-23 16:00:26', 16),
(33216, 308, 189, '', '2019-05-23 16:00:26', 16),
(33217, 308, 189, '', '2019-05-23 16:00:27', 16),
(33218, 308, 189, '', '2019-05-23 16:00:27', 16),
(33219, 308, 189, '', '2019-05-23 16:00:27', 16),
(33220, 308, 189, '', '2019-05-23 16:00:28', 16),
(33221, 308, 189, '', '2019-05-23 16:00:28', 16),
(33222, 308, 189, '', '2019-05-23 16:00:28', 16),
(33223, 308, 165, '', '2018-12-11 11:27:06', 16),
(33224, 308, 165, '', '2018-12-11 11:27:06', 16),
(33225, 308, 165, '', '2018-12-11 11:27:07', 16),
(33226, 308, 165, '', '2018-12-11 11:27:07', 16),
(33227, 308, 191, '', '2019-06-18 09:39:36', 16),
(33228, 308, 168, '', '2019-01-15 10:00:29', 2),
(33229, 308, 169, '', '2019-01-17 11:15:16', 2),
(33230, 308, 195, '', '2019-10-01 13:51:34', 5),
(33231, 308, 195, '', '2019-10-01 13:51:34', 22),
(33232, 308, 170, '', '2019-01-22 09:30:58', 16),
(33233, 308, 219, 'Trouvé les sons a faire donc quelles types de son pour bruiter un voiture qui roule, les tirs de fusils, etc ...', '2020-03-03 11:02:04', 1),
(33234, 308, 219, 'A1 	Mixage 	produit une bande sonore exempte de parasites ou distortions inadéquates 	                      A&lt;br/&gt;F6 	Mixage 	sonorisé toutes les actions demandant un bruitage 	                                                                      A&lt;br/&gt;R1 	Mixage 	mixé les pistes et les bruitages entre eux, pour former un tout homogène et cohérent 	      EA&lt;br/&gt;E1 	Mixage 	ajouté une piste ambiance 	                                                                                                              A', '2020-03-03 11:02:04', 29),
(33235, 308, 220, ' 	Respect des consignes 	monté un film image par image de manière a rendre les mouvements crédibles 	                                        A&lt;br/&gt;	Respect des consignes 	réalisé une pixilation comportant au moins un lévitation ou le déplacement improbable d\'un humain 	EA&lt;br/&gt;	Qualité image 	                utilisé des images bien exposées, cadrées, mises au point 	                                                                        A', '2020-03-03 11:08:23', 29),
(33236, 308, 220, 'Avoir un meilleur fond pour la caméra et mettre des effets spéciaux pour le tir de fusil.', '2020-03-03 11:08:23', 5),
(33237, 308, 173, '', '2019-02-07 10:06:06', 16),
(33238, 308, 173, '', '2019-02-07 10:06:06', 16),
(33239, 308, 173, '', '2019-02-07 10:06:08', 16),
(33240, 308, 173, '', '2019-02-07 10:06:08', 16),
(33241, 308, 199, '', '2019-10-11 14:16:20', 5),
(33242, 308, 199, '', '2019-10-11 14:16:20', 22),
(33243, 308, 140, '', '2018-10-18 11:45:23', 16),
(33244, 308, 149, '', '2018-10-18 11:45:47', 2),
(33245, 308, 176, 'faire le soir avec une petite lumière .', '2019-02-14 11:47:18', 5),
(33246, 308, 176, 'édouard et benjamin.', '2019-02-14 11:47:18', 6),
(33247, 308, 176, 'Les ovnis.', '2019-02-14 11:47:18', 8),
(33248, 308, 176, 'J\'ai pris un bâton et j\'ai demandé a édouard de le lancer en l\'aire et a benjamin de regarder un endroit fixe.', '2019-02-14 11:47:18', 9),
(33249, 309, 201, '', '2019-10-24 12:52:49', 16),
(33250, 309, 201, '', '2019-10-24 12:52:49', 16),
(33251, 309, 201, '', '2019-10-24 12:52:49', 16),
(33252, 309, 201, '', '2019-10-24 12:52:50', 16),
(33253, 309, 201, '', '2019-10-24 12:52:50', 16),
(33254, 309, 201, '', '2019-10-24 12:52:50', 16),
(33255, 309, 201, '', '2019-10-24 12:52:51', 16),
(33256, 309, 201, '', '2019-10-24 12:52:51', 16),
(33257, 309, 201, '', '2019-10-24 12:52:51', 16),
(33258, 309, 202, 'ce proget est cool et dificile a la foix de pluce notre aparelle avai un souci (flash) (donc grin)', '2019-11-07 12:20:09', 2),
(33259, 309, 205, 'je naitai pas abituer au spote (lumiere)', '2019-12-12 10:37:45', 16),
(33260, 309, 205, 'je naitai pas abituer au spote (lumiere)', '2019-12-12 10:37:45', 16),
(33261, 309, 205, 'je naitai pas abituer au spote (lumiere)', '2019-12-12 10:37:46', 16),
(33262, 309, 205, 'je naitai pas abituer au spote (lumiere)', '2019-12-12 10:37:46', 16),
(33263, 309, 208, '', '2020-01-16 11:37:11', 5),
(33264, 309, 214, '', '2020-01-23 12:12:58', 5),
(33265, 309, 209, '', '2020-01-23 12:27:13', 1),
(33266, 309, 209, '', '2020-01-23 12:27:13', 1),
(33267, 309, 209, '', '2020-01-23 12:27:12', 1),
(33268, 309, 209, '', '2020-01-23 12:27:12', 1),
(33269, 309, 215, 'je prandre les photo un lour ou il y a plus de solei', '2020-01-30 12:00:58', 5),
(33270, 309, 215, 'robyn     .      leonor', '2020-01-30 12:00:58', 6),
(33271, 309, 215, 'sur exposition', '2020-01-30 12:00:58', 8),
(33272, 309, 215, 'j\'avai un canon avec trie pie ', '2020-01-30 12:00:58', 9),
(33273, 309, 216, 'augumenter le temp de pose pour la sur ex', '2020-02-06 12:16:36', 5),
(33274, 309, 216, 'leonor et moi ludovic bar\'iaux ', '2020-02-06 12:16:36', 6),
(33275, 309, 216, 'Clonne&lt;br/&gt;&lt;br/&gt;', '2020-02-06 12:16:36', 8),
(33276, 309, 216, '-tri pier &lt;br/&gt;-apparelle photo conon&lt;br/&gt;-devan arait de bus&lt;br/&gt;', '2020-02-06 12:16:36', 9),
(33277, 309, 218, 'plus de tamp', '2020-02-20 12:41:59', 5),
(33278, 309, 218, 'maxime', '2020-02-20 12:41:59', 6),
(33279, 309, 218, '360', '2020-02-20 12:41:59', 8),
(33280, 309, 218, '', '2020-02-20 12:41:59', 9),
(33281, 309, 217, '', '2020-02-20 12:42:38', 5),
(33282, 309, 217, '', '2020-02-20 12:42:38', 6),
(33283, 309, 217, '', '2020-02-20 12:42:38', 8),
(33284, 309, 217, '', '2020-02-20 12:42:38', 9),
(33285, 309, 198, '', '2019-10-10 12:44:22', 16),
(33286, 309, 198, '', '2019-10-10 12:44:22', 16),
(33287, 309, 198, '', '2019-10-10 12:44:22', 16),
(33288, 309, 198, '', '2019-10-10 12:44:24', 16),
(33289, 309, 198, '', '2019-10-10 12:44:24', 16),
(33290, 309, 198, '', '2019-10-10 12:44:24', 16),
(33291, 309, 198, '', '2019-10-10 12:44:25', 16),
(33292, 309, 198, '', '2019-10-10 12:44:25', 16),
(33293, 309, 198, '', '2019-10-10 12:44:25', 16),
(33294, 309, 223, '', '2020-03-05 12:11:47', 16),
(33295, 309, 194, 'a retoucher sur lite room', '2019-10-17 10:36:49', 2),
(33296, 309, 193, 'personellement je n\'ai pas forceman aprecier ce proget &lt;br/&gt;', '2019-10-17 11:01:33', 16),
(33297, 310, 194, '', '2019-10-17 11:45:04', 2),
(33298, 310, 198, '', '2019-10-22 14:58:36', 16),
(33299, 310, 198, '', '2019-10-22 14:58:36', 16),
(33300, 310, 198, '', '2019-10-22 14:58:36', 16),
(33301, 310, 198, '', '2019-10-22 14:58:37', 16),
(33302, 310, 198, '', '2019-10-22 14:58:37', 16),
(33303, 310, 198, '', '2019-10-22 14:58:37', 16),
(33304, 310, 198, '', '2019-10-22 14:58:38', 16),
(33305, 310, 198, '', '2019-10-22 14:58:38', 16),
(33306, 310, 198, '', '2019-10-22 14:58:38', 16),
(33307, 310, 202, '', '2019-11-07 12:37:08', 2),
(33308, 310, 205, '', '2019-12-12 10:21:47', 16),
(33309, 310, 205, '', '2019-12-12 10:21:47', 16),
(33310, 310, 205, '', '2019-12-12 10:21:48', 16),
(33311, 310, 205, '', '2019-12-12 10:21:48', 16),
(33312, 310, 208, '', '2020-01-16 12:08:41', 5),
(33313, 310, 215, '', '2020-01-30 12:13:44', 5),
(33314, 310, 215, '', '2020-01-30 12:13:44', 6),
(33315, 310, 215, '', '2020-01-30 12:13:44', 8),
(33316, 310, 215, '', '2020-01-30 12:13:44', 9),
(33317, 310, 216, 'meilleur stabilité pour éviter le flou.', '2020-02-06 12:51:06', 5),
(33318, 310, 216, 'Justin et Thomas', '2020-02-06 12:51:06', 6),
(33319, 310, 216, 'Le fantôme', '2020-02-06 12:51:06', 8),
(33320, 310, 216, 'j\'ai utilisé un grand temps de pause&lt;br/&gt;', '2020-02-06 12:51:06', 9),
(33321, 310, 193, '', '2019-10-17 09:38:38', 16),
(33322, 311, 198, '', '2019-10-24 09:41:40', 16),
(33323, 311, 198, '', '2019-10-24 09:41:40', 16),
(33324, 311, 198, '', '2019-10-24 09:41:40', 16),
(33325, 311, 198, '', '2019-10-24 09:41:41', 16),
(33326, 311, 198, '', '2019-10-24 09:41:41', 16),
(33327, 311, 198, '', '2019-10-24 09:41:41', 16),
(33328, 311, 201, '', '2019-11-28 12:40:13', 16),
(33329, 311, 201, '', '2019-11-28 12:40:13', 16),
(33330, 311, 201, '', '2019-11-28 12:40:13', 16),
(33331, 311, 201, '', '2019-11-28 12:40:14', 16),
(33332, 311, 201, '', '2019-11-28 12:40:14', 16),
(33333, 311, 201, '', '2019-11-28 12:40:14', 16),
(33334, 311, 201, '', '2019-11-28 12:40:14', 16),
(33335, 311, 201, '', '2019-11-28 12:40:14', 16),
(33336, 311, 201, '', '2019-11-28 12:40:14', 16),
(33337, 311, 202, 'L\'application du temps de pose et du mode manuel', '2019-11-07 11:52:58', 2),
(33338, 311, 205, '', '2019-12-12 11:38:50', 16),
(33339, 311, 205, '', '2019-12-12 11:38:50', 16),
(33340, 311, 205, '', '2019-12-12 11:38:51', 16),
(33341, 311, 205, '', '2019-12-12 11:38:51', 16),
(33342, 311, 208, '', '2020-01-16 11:18:44', 5),
(33343, 311, 209, '', '2020-01-16 12:24:19', 1),
(33344, 311, 209, '', '2020-01-16 12:24:19', 1),
(33345, 311, 209, '', '2020-01-16 12:24:18', 1),
(33346, 311, 209, '', '2020-01-16 12:24:18', 1),
(33347, 311, 215, '', '2020-01-30 11:53:30', 5),
(33348, 311, 215, '', '2020-01-30 11:53:30', 6),
(33349, 311, 215, '', '2020-01-30 11:53:30', 8),
(33350, 311, 215, '', '2020-01-30 11:53:30', 9),
(33351, 311, 216, '', '2020-02-06 12:18:07', 5),
(33352, 311, 216, '', '2020-02-06 12:18:07', 6),
(33353, 311, 216, '', '2020-02-06 12:18:07', 8),
(33354, 311, 216, '', '2020-02-06 12:18:07', 9),
(33355, 311, 194, 'l\'utilisation des lignes sur lightroom', '2019-10-10 12:39:48', 2),
(33356, 311, 193, 'la découverte du lightpainting ', '2019-10-10 12:43:19', 16),
(33357, 311, 198, '', '2019-10-24 09:41:43', 16),
(33358, 311, 198, '', '2019-10-24 09:41:43', 16),
(33359, 311, 198, '', '2019-10-24 09:41:43', 16),
(33360, 311, 223, '', '2020-03-05 12:19:56', 16),
(33361, 312, 198, '', '2019-10-17 11:42:11', 16),
(33362, 312, 198, '', '2019-10-17 11:42:11', 16),
(33363, 312, 198, '', '2019-10-17 11:42:11', 16),
(33364, 312, 198, '', '2019-10-17 11:42:10', 16),
(33365, 312, 198, '', '2019-10-17 11:42:10', 16),
(33366, 312, 198, '', '2019-10-17 11:42:10', 16),
(33367, 312, 201, '', '2019-10-24 12:48:45', 16),
(33368, 312, 201, '', '2019-10-24 12:48:45', 16),
(33369, 312, 201, '', '2019-10-24 12:48:45', 16),
(33370, 312, 201, '', '2019-10-24 12:48:52', 16),
(33371, 312, 201, '', '2019-10-24 12:48:52', 16),
(33372, 312, 201, '', '2019-10-24 12:48:52', 16),
(33373, 312, 201, '', '2019-10-24 12:48:54', 16),
(33374, 312, 201, '', '2019-10-24 12:48:54', 16),
(33375, 312, 201, '', '2019-10-24 12:48:54', 16),
(33376, 312, 202, '', '2019-11-07 12:32:36', 2),
(33377, 312, 205, '', '2019-12-12 12:08:50', 16),
(33378, 312, 205, '', '2019-12-12 12:08:50', 16),
(33379, 312, 205, '', '2019-12-12 12:08:51', 16),
(33380, 312, 205, '', '2019-12-12 12:08:51', 16),
(33381, 312, 208, '', '2020-01-16 11:16:48', 5),
(33382, 312, 214, '', '2020-01-30 11:32:56', 5),
(33383, 312, 215, 'J\'aurais fais plus attention au décors afin de ne pas laisser apparaitre de défauts. On peut voir les prises au bas à droite de la photo.', '2020-01-30 12:01:54', 5),
(33384, 312, 215, 'J\'étais en équipe avec Robyn comme modèle et Ludovic était dans le groupe.', '2020-01-30 12:01:54', 6),
(33385, 312, 215, 'highkey', '2020-01-30 12:01:54', 8),
(33386, 312, 215, 'J\'ai fais les réglages nécessaires sur l\'appareil photo avant de prendre les clichés. Ensuite j\'ai retravaillée la photo sur lightroom.', '2020-01-30 12:01:54', 9),
(33387, 312, 216, 'J\'aurais mis le sujet en évidence en rendant l\'arrière plans flou.', '2020-02-06 12:25:24', 5),
(33388, 312, 216, 'Ludovic était le sujet.', '2020-02-06 12:25:24', 6),
(33389, 312, 216, 'Les clones.', '2020-02-06 12:25:24', 8),
(33390, 312, 216, 'Pour commencer, j\'ai placée le trépieds afin d\'avoir la prise de vue souhaitée. Ensuite, j\'ai effectuée les différents réglages sur l\'appareil photo. Une fois que cela a été fait, j\'ai guidée Ludovic afin qu\'il puisse se placer aux endroits voulu. Après avoir pris les photos, je les ai retouchée sur photoshop.', '2020-02-06 12:25:24', 9),
(33391, 312, 217, 'L\'éclairage était un peu complexe', '2020-02-20 12:40:45', 5),
(33392, 312, 217, 'Ludovic et Maxime sont les deux modèle de cette photo tandis que Robyn assurait l\'éclairage des sujets avec moi.', '2020-02-20 12:40:45', 6),
(33393, 312, 217, 'fantome', '2020-02-20 12:40:45', 8),
(33394, 312, 217, 'Tout d\'abord, il a fallut trouver un endroit avec une ambiance un petit peu glauque, cette cave en mauvais état a parut parfaite. Ensuite j\'ai fais le choix de la prise de vue et ai placée le matériel. J\'ai fais des test avec l\'éclairage et les réglages et finis par prendre les photos. J\'ai terminée en retravaillant la photo sur lightroom.', '2020-02-20 12:40:45', 9),
(33395, 312, 223, 'Ce nouvel élève est en réalité un mélange de Maxime pour le corps, Léonore pour le visage et les cheveux et pour finir, le nez et la bouche de Julien.W.', '2020-03-05 12:20:52', 16),
(33396, 312, 194, 'j\'ai appris a retravailler une photo avec un programme sur ordinateur et a pendre des portraits.', '2019-10-17 09:41:30', 2),
(33397, 312, 193, '', '2019-10-17 11:30:45', 16),
(33398, 312, 198, '', '2019-10-17 11:42:12', 16),
(33399, 312, 198, '', '2019-10-17 11:42:12', 16),
(33400, 312, 198, '', '2019-10-17 11:42:12', 16),
(33401, 314, 201, '', '2019-11-28 12:31:50', 16),
(33402, 314, 201, '', '2019-11-28 12:31:50', 16),
(33403, 314, 201, '', '2019-11-28 12:31:50', 16),
(33404, 314, 201, '', '2019-11-28 12:31:51', 16),
(33405, 314, 201, '', '2019-11-28 12:31:51', 16),
(33406, 314, 201, '', '2019-11-28 12:31:51', 16),
(33407, 314, 201, '', '2019-11-28 12:31:52', 16),
(33408, 314, 201, '', '2019-11-28 12:31:52', 16),
(33409, 314, 201, '', '2019-11-28 12:31:52', 16),
(33410, 314, 202, 'le mode manuel et le temps de pause', '2019-11-07 12:05:23', 2),
(33411, 314, 205, '', '2019-12-12 11:31:10', 16),
(33412, 314, 205, '', '2019-12-12 11:31:10', 16),
(33413, 314, 205, '', '2019-12-12 11:31:11', 16),
(33414, 314, 205, '', '2019-12-12 11:31:11', 16),
(33415, 314, 208, '', '2020-01-16 11:21:10', 5),
(33416, 314, 209, '', '2020-01-16 12:27:27', 1),
(33417, 314, 209, '', '2020-01-16 12:27:27', 1),
(33418, 314, 209, '', '2020-01-16 12:27:28', 1),
(33419, 314, 209, '', '2020-01-16 12:27:28', 1),
(33420, 314, 215, '', '2020-01-30 11:54:33', 5),
(33421, 314, 215, '', '2020-01-30 11:54:33', 6),
(33422, 314, 215, '', '2020-01-30 11:54:33', 8),
(33423, 314, 215, '', '2020-01-30 11:54:33', 9),
(33424, 314, 214, '', '2020-01-30 12:02:01', 5),
(33425, 314, 216, 'faire plus attention au décore', '2020-02-06 12:39:02', 5),
(33426, 314, 216, 'Robyn', '2020-02-06 12:39:02', 6),
(33427, 314, 216, 'clonage', '2020-02-06 12:39:02', 8),
(33428, 314, 216, 'avec un triped , un apparaille photo et photoshop', '2020-02-06 12:39:02', 9),
(33429, 314, 218, '', '2020-02-20 12:39:29', 5),
(33430, 314, 218, '', '2020-02-20 12:39:29', 6),
(33431, 314, 218, '', '2020-02-20 12:39:29', 8),
(33432, 314, 218, '', '2020-02-20 12:39:29', 9),
(33433, 314, 217, '', '2020-02-20 12:40:00', 5),
(33434, 314, 217, '', '2020-02-20 12:40:00', 6),
(33435, 314, 217, '', '2020-02-20 12:40:00', 8),
(33436, 314, 217, '', '2020-02-20 12:40:00', 9),
(33437, 314, 198, '', '2019-10-10 12:29:22', 16),
(33438, 314, 198, '', '2019-10-10 12:29:22', 16),
(33439, 314, 198, '', '2019-10-10 12:29:22', 16),
(33440, 314, 198, '', '2019-10-10 12:29:26', 16),
(33441, 314, 198, '', '2019-10-10 12:29:26', 16),
(33442, 314, 198, '', '2019-10-10 12:29:26', 16),
(33443, 314, 198, '', '2019-10-10 12:29:27', 16),
(33444, 314, 198, '', '2019-10-10 12:29:27', 16),
(33445, 314, 198, '', '2019-10-10 12:29:27', 16),
(33446, 314, 194, 'Le cardrage sur litghrom', '2019-10-10 12:31:22', 2),
(33447, 314, 193, 'Photo Lightpainting', '2019-10-10 12:34:09', 16),
(33448, 314, 223, '', '2020-03-05 11:37:24', 16),
(33449, 315, 201, 'Les trois photos symétrie', '2019-11-28 12:33:39', 16),
(33450, 315, 201, 'Les trois photos symétrie', '2019-11-28 12:33:39', 16),
(33451, 315, 201, 'Les trois photos symétrie', '2019-11-28 12:33:39', 16),
(33452, 315, 201, 'Les trois photos symétrie', '2019-11-28 12:33:40', 16),
(33453, 315, 201, 'Les trois photos symétrie', '2019-11-28 12:33:40', 16),
(33454, 315, 201, 'Les trois photos symétrie', '2019-11-28 12:33:40', 16),
(33455, 315, 201, 'Les trois photos symétrie', '2019-11-28 12:33:42', 16),
(33456, 315, 201, 'Les trois photos symétrie', '2019-11-28 12:33:42', 16),
(33457, 315, 201, 'Les trois photos symétrie', '2019-11-28 12:33:42', 16),
(33458, 315, 202, '', '2019-11-07 12:32:44', 2),
(33459, 315, 205, '', '2019-12-12 12:01:40', 16),
(33460, 315, 205, '', '2019-12-12 12:01:40', 16),
(33461, 315, 205, '', '2019-12-12 12:01:41', 16),
(33462, 315, 205, '', '2019-12-12 12:01:41', 16),
(33463, 315, 208, '', '2020-01-16 10:49:57', 5),
(33464, 315, 209, '', '2020-01-16 12:29:21', 1),
(33465, 315, 209, '', '2020-01-16 12:29:21', 1),
(33466, 315, 209, '', '2020-01-16 12:29:22', 1),
(33467, 315, 209, '', '2020-01-16 12:29:22', 1),
(33468, 315, 214, '', '2020-01-23 12:11:05', 5),
(33469, 315, 215, '', '2020-01-30 12:11:36', 5),
(33470, 315, 215, '', '2020-01-30 12:11:36', 6),
(33471, 315, 215, '', '2020-01-30 12:11:36', 8),
(33472, 315, 215, '', '2020-01-30 12:11:36', 9),
(33473, 315, 216, '', '2020-02-06 12:37:16', 5),
(33474, 315, 216, 'Moussa &lt;br/&gt;Jérémie&lt;br/&gt;Nouri ', '2020-02-06 12:37:16', 6),
(33475, 315, 216, 'L\'ovni', '2020-02-06 12:37:16', 8),
(33476, 315, 216, 'Avec un réflecteur comme ovni ', '2020-02-06 12:37:16', 9),
(33477, 315, 217, 'ne pas changé de place le projecteur ', '2020-02-20 11:38:01', 5),
(33478, 315, 217, 'Nouri &lt;br/&gt;Jéremi &lt;br/&gt;Moussa &lt;br/&gt;Julien W (moi)', '2020-02-20 11:38:01', 6),
(33479, 315, 217, 'Clonne ', '2020-02-20 11:38:01', 8),
(33480, 315, 217, 'Avec un projecteur et deux participant ', '2020-02-20 11:38:01', 9),
(33481, 315, 198, 'J\'ai appris a recadré mes photo', '2019-10-10 12:40:24', 16),
(33482, 315, 198, 'J\'ai appris a recadré mes photo', '2019-10-10 12:40:24', 16),
(33483, 315, 198, 'J\'ai appris a recadré mes photo', '2019-10-10 12:40:24', 16),
(33484, 315, 198, 'J\'ai appris a recadré mes photo', '2019-10-10 12:40:26', 16),
(33485, 315, 198, 'J\'ai appris a recadré mes photo', '2019-10-10 12:40:26', 16),
(33486, 315, 198, 'J\'ai appris a recadré mes photo', '2019-10-10 12:40:26', 16),
(33487, 315, 198, 'J\'ai appris a recadré mes photo', '2019-10-10 12:40:27', 16),
(33488, 315, 198, 'J\'ai appris a recadré mes photo', '2019-10-10 12:40:27', 16),
(33489, 315, 198, 'J\'ai appris a recadré mes photo', '2019-10-10 12:40:27', 16),
(33490, 315, 194, 'Apprentissage lighdroom', '2019-10-10 12:44:03', 2),
(33491, 315, 223, '', '2020-03-05 12:21:13', 16),
(33492, 315, 193, 'J\'ai appris a régler l\'appareil photo pour faire du Lightpainting.', '2019-10-17 10:40:28', 16),
(33493, 316, 202, '', '2019-11-07 12:39:44', 2),
(33494, 316, 205, '', '2019-12-12 12:24:15', 16),
(33495, 316, 205, '', '2019-12-12 12:24:15', 16),
(33496, 316, 205, '', '2019-12-12 12:24:16', 16),
(33497, 316, 205, '', '2019-12-12 12:24:16', 16),
(33498, 316, 208, '', '2020-01-16 11:07:43', 5),
(33499, 316, 209, '', '2020-01-16 12:14:52', 1),
(33500, 316, 209, '', '2020-01-16 12:14:52', 1),
(33501, 316, 209, '', '2020-01-16 12:14:53', 1),
(33502, 316, 209, '', '2020-01-16 12:14:53', 1),
(33503, 316, 214, '', '2020-01-23 12:21:01', 5),
(33504, 316, 216, '', '2020-02-06 12:36:37', 5),
(33505, 316, 216, 'jérémie,nouri,julien', '2020-02-06 12:36:37', 6),
(33506, 316, 216, 'mission ovni', '2020-02-06 12:36:37', 8),
(33507, 316, 216, 'lancer de reflecteur', '2020-02-06 12:36:37', 9),
(33508, 316, 217, 'faire d\'une fason plus simple', '2020-02-20 11:19:32', 5),
(33509, 316, 217, 'Nouri,Jérémie,Julien', '2020-02-20 11:19:32', 6),
(33510, 316, 217, 'Les clones', '2020-02-20 11:19:32', 8),
(33511, 316, 217, ' avec PS&lt;br/&gt;', '2020-02-20 11:19:32', 9),
(33512, 316, 223, '', '2020-03-05 12:25:20', 16),
(33513, 316, 194, '', '2019-10-17 10:42:49', 2),
(33514, 316, 193, '', '2019-10-17 10:45:44', 16),
(33515, 317, 201, '', '2019-10-24 12:37:03', 16),
(33516, 317, 201, '', '2019-10-24 12:37:03', 16),
(33517, 317, 201, '', '2019-10-24 12:37:03', 16),
(33518, 317, 201, '', '2019-10-24 12:37:04', 16),
(33519, 317, 201, '', '2019-10-24 12:37:04', 16),
(33520, 317, 201, '', '2019-10-24 12:37:04', 16),
(33521, 317, 201, '', '2019-10-24 12:37:09', 16),
(33522, 317, 201, '', '2019-10-24 12:37:09', 16),
(33523, 317, 201, '', '2019-10-24 12:37:09', 16),
(33524, 317, 202, '', '2019-11-07 12:24:54', 2),
(33525, 317, 205, '', '2019-12-12 12:06:25', 16),
(33526, 317, 205, '', '2019-12-12 12:06:25', 16),
(33527, 317, 205, '', '2019-12-12 12:06:24', 16),
(33528, 317, 205, '', '2019-12-12 12:06:24', 16),
(33529, 317, 208, '', '2020-01-16 11:16:03', 5),
(33530, 317, 209, '', '2020-01-16 12:18:37', 1),
(33531, 317, 209, '', '2020-01-16 12:18:37', 1),
(33532, 317, 209, '', '2020-01-16 12:18:38', 1),
(33533, 317, 209, '', '2020-01-16 12:18:38', 1),
(33534, 317, 214, '', '2020-01-23 12:10:52', 5),
(33535, 317, 215, '', '2020-01-30 12:12:49', 5),
(33536, 317, 215, '', '2020-01-30 12:12:49', 6),
(33537, 317, 215, '', '2020-01-30 12:12:49', 8),
(33538, 317, 215, '', '2020-01-30 12:12:49', 9),
(33539, 317, 216, '', '2020-02-06 12:40:40', 5),
(33540, 317, 216, 'Julien,Moussa,Nouri', '2020-02-06 12:40:40', 6),
(33541, 317, 216, 'ovni', '2020-02-06 12:40:40', 8),
(33542, 317, 216, 'lancer de reflecteur', '2020-02-06 12:40:40', 9),
(33543, 317, 217, ' ', '2020-02-20 12:17:58', 5),
(33544, 317, 217, 'moussa,julien,nouri', '2020-02-20 12:17:58', 6),
(33545, 317, 217, 'clones', '2020-02-20 12:17:58', 8),
(33546, 317, 217, ' ', '2020-02-20 12:17:58', 9),
(33547, 317, 198, '', '2019-10-10 12:37:52', 16),
(33548, 317, 198, '', '2019-10-10 12:37:52', 16),
(33549, 317, 198, '', '2019-10-10 12:37:52', 16),
(33550, 317, 198, '', '2019-10-10 12:37:53', 16),
(33551, 317, 198, '', '2019-10-10 12:37:53', 16),
(33552, 317, 198, '', '2019-10-10 12:37:53', 16),
(33553, 317, 198, '', '2019-10-10 12:37:54', 16),
(33554, 317, 198, '', '2019-10-10 12:37:54', 16),
(33555, 317, 198, '', '2019-10-10 12:37:54', 16),
(33556, 317, 194, '', '2019-10-10 12:44:19', 2);
INSERT INTO `self_assessment_answer` (`id`, `student_id`, `project_id`, `answer`, `datetime`, `self_assessment_question_id`) VALUES
(33557, 317, 223, '', '2020-03-05 12:25:16', 16),
(33558, 317, 193, '', '2019-10-17 09:49:21', 16),
(33559, 318, 204, 'split et rembround', '2019-12-11 11:04:06', 22),
(33560, 318, 204, 'split et rembround', '2019-12-11 11:04:06', 22),
(33561, 318, 204, 'split et rembround', '2019-12-11 11:04:07', 22),
(33562, 318, 204, 'split et rembround', '2019-12-11 11:04:07', 22),
(33563, 318, 195, 'la, qualite de la photo et l\'ambiance', '2019-09-13 15:25:02', 5),
(33564, 318, 195, 'Frigo', '2019-09-13 15:25:02', 22),
(33565, 318, 197, 'Moins de flou et meilleur prise de vue.', '2019-10-01 14:07:41', 5),
(33566, 318, 197, 'Un homme marchant au soleil.', '2019-10-01 14:07:41', 22),
(33567, 319, 204, 'le loop et le rembrandt', '2019-12-11 12:05:19', 22),
(33568, 319, 204, 'le loop et le rembrandt', '2019-12-11 12:05:19', 22),
(33569, 319, 204, 'le loop et le rembrandt', '2019-12-11 12:05:20', 22),
(33570, 319, 204, 'le loop et le rembrandt', '2019-12-11 12:05:20', 22),
(33571, 319, 195, '', '2019-10-04 13:14:37', 5),
(33572, 319, 195, '', '2019-10-04 13:14:37', 22),
(33573, 319, 197, '', '2019-10-04 13:20:00', 5),
(33574, 319, 197, '', '2019-10-04 13:20:00', 22),
(33575, 319, 220, 'Respect des consignes 	monté un film image par image de manière a rendre les mouvements crédibles 	      EA&lt;br/&gt;Respect des consignes 	réalisé une pixilation comportant au moins un lévitation ou le déplacement improbable d\'un humain 	EA&lt;br/&gt;Qualité image 	utilisé des images bien exposées, cadrées, mises au point      EA', '2020-03-03 11:11:54', 29),
(33576, 319, 220, 'avoir une image plus fixe et une image plus fluide', '2020-03-03 11:11:54', 5),
(33577, 319, 219, 'de faire plus de sons et de mieux travailler sur les sons', '2020-03-03 11:24:45', 1),
(33578, 319, 219, 'A1 	Mixage 	produit une bande sonore exempte de parasites ou distortions inadéquates 	NA&lt;br/&gt;F6 	Mixage 	sonorisé toutes les actions demandant un bruitage 	EA&lt;br/&gt;R1 	Mixage 	mixé les pistes et les bruitages entre eux, pour former un tout homogène et cohérent 	EA&lt;br/&gt;E1 	Mixage 	ajouté une piste ambiance      NA', '2020-03-03 11:24:45', 29),
(33579, 319, 199, '', '2019-10-11 14:16:58', 5),
(33580, 319, 199, '', '2019-10-11 14:16:58', 22),
(33581, 321, 204, 'tout c\'est bien passée mais jusque c\'est mieux 2  photos pour le sujet', '2019-12-11 11:52:37', 22),
(33582, 321, 204, 'tout c\'est bien passée mais jusque c\'est mieux 2  photos pour le sujet', '2019-12-11 11:52:37', 22),
(33583, 321, 204, 'tout c\'est bien passée mais jusque c\'est mieux 2  photos pour le sujet', '2019-12-11 11:52:38', 22),
(33584, 321, 204, 'tout c\'est bien passée mais jusque c\'est mieux 2  photos pour le sujet', '2019-12-11 11:52:38', 22),
(33585, 321, 195, 'plusieurs temps pour travail ', '2019-10-11 14:05:55', 5),
(33586, 321, 195, 'ambiance frigo', '2019-10-11 14:05:55', 22),
(33587, 321, 220, 'Respect des consignes	monté un film image par image de manière a rendre les mouvements crédibles	A&lt;br/&gt;Respect des consignes	réalisé une pixilation comportant au moins un lévitation ou le déplacement improbable d\'un humain	EA&lt;br/&gt;Qualité image	utilisé des images bien exposées, cadrées, mises au point	     A', '2020-03-03 11:12:56', 29),
(33588, 321, 220, 'i will do all of my best and i can do the good video of stop_motion more than this one  because now have new idea more than before', '2020-03-03 11:12:56', 5),
(33589, 321, 219, 'i did not even try to do the sound because i was absent, but if i have a time i will do my best', '2020-03-03 11:19:24', 1),
(33590, 321, 219, 'Mixage	produit une bande sonore exempte de parasites ou distortions inadéquates	NA&lt;br/&gt;Mixage	sonorisé toutes les actions demandant un bruitage	NA&lt;br/&gt;Mixage	mixé les pistes et les bruitages entre eux, pour former un tout homogène et cohérent	NA&lt;br/&gt;Mixage	ajouté une piste ambiance	  NA', '2020-03-03 11:19:24', 29),
(33591, 321, 197, 'CA va être mieux si on remise plusieurs photos maximum 3', '2019-10-11 14:08:08', 5),
(33592, 321, 197, 'soleil', '2019-10-11 14:08:08', 22),
(33593, 321, 199, 'ça va être mieux si on rendre 2 ou 3 photos parce 1 c’est trop complique pour choisir', '2019-10-11 14:15:36', 5),
(33594, 321, 199, 'bureau de détective ', '2019-10-11 14:15:36', 22),
(33595, 322, 201, '', '2019-11-28 12:34:02', 16),
(33596, 322, 201, '', '2019-11-28 12:34:02', 16),
(33597, 322, 201, '', '2019-11-28 12:34:02', 16),
(33598, 322, 201, '', '2019-11-28 12:34:03', 16),
(33599, 322, 201, '', '2019-11-28 12:34:03', 16),
(33600, 322, 201, '', '2019-11-28 12:34:03', 16),
(33601, 322, 201, '', '2019-12-05 11:11:42', 16),
(33602, 322, 202, '', '2019-11-07 12:13:53', 2),
(33603, 322, 205, '', '2019-12-12 10:44:08', 16),
(33604, 322, 205, '', '2019-12-12 10:44:08', 16),
(33605, 322, 205, '', '2019-12-12 10:44:09', 16),
(33606, 322, 205, '', '2019-12-12 10:44:09', 16),
(33607, 322, 208, '', '2020-01-16 10:46:12', 5),
(33608, 322, 209, '', '2020-01-16 12:11:27', 1),
(33609, 322, 209, '', '2020-01-16 12:11:27', 1),
(33610, 322, 209, '', '2020-01-16 12:11:29', 1),
(33611, 322, 209, '', '2020-01-16 12:11:29', 1),
(33612, 322, 214, '', '2020-01-23 12:12:40', 5),
(33613, 322, 215, '', '2020-01-30 12:11:04', 5),
(33614, 322, 215, '', '2020-01-30 12:11:04', 6),
(33615, 322, 215, '', '2020-01-30 12:11:04', 8),
(33616, 322, 215, '', '2020-01-30 12:11:04', 9),
(33617, 322, 216, 'je essayerais de mettre quelque chose qui ressemble a un vrai o.v.n.i ', '2020-02-06 12:43:32', 5),
(33618, 322, 216, 'Julien,Jérémie,Moussa', '2020-02-06 12:43:32', 6),
(33619, 322, 216, 'O.V.N.I', '2020-02-06 12:43:32', 8),
(33620, 322, 216, 'l\'ensment de relaicteure', '2020-02-06 12:43:32', 9),
(33621, 322, 217, 'essayer de régler la lumière.', '2020-02-20 11:15:20', 5),
(33622, 322, 217, 'Moussa,Jérémie,Julien', '2020-02-20 11:15:20', 6),
(33623, 322, 217, 'Les clones', '2020-02-20 11:15:20', 8),
(33624, 322, 217, 'en prenant les photo au même position mais en changent d\'endroit et de position  ', '2020-02-20 11:15:20', 9),
(33625, 322, 223, '', '2020-03-05 12:19:24', 16),
(33626, 322, 194, 'j\'ai nettoyer l\'armoire est je les déplacer,&lt;br/&gt;j\'ai ranger des câble j\'ai nettoyer le sole de la classe,&lt;br/&gt;j\'ai déplacer les planches &lt;br/&gt;j\'ai aider a ranger les affaires est j\'ai aider a trier ', '2019-10-17 11:45:14', 2),
(33627, 322, 193, '', '2019-10-17 10:30:36', 16),
(33628, 322, 198, '', '2019-10-17 10:34:14', 16),
(33629, 322, 198, '', '2019-10-17 10:34:14', 16),
(33630, 322, 198, '', '2019-10-17 10:34:14', 16),
(33631, 322, 198, '', '2019-10-17 10:34:15', 16),
(33632, 322, 198, '', '2019-10-17 10:34:15', 16),
(33633, 322, 198, '', '2019-10-17 10:34:15', 16),
(33634, 322, 198, '', '2019-10-17 10:34:17', 16),
(33635, 322, 198, '', '2019-10-17 10:34:17', 16),
(33636, 322, 198, '', '2019-10-17 10:34:17', 16),
(33637, 323, 202, 'ce proJet est vraiment cool!!!!&lt;br/&gt;mais notre appareille photos est défèctieux donc le flash (beaucoup de grain)&lt;br/&gt;donc on a pris nos appareille aient du flash et on c\'est débrouiller comme on peux&lt;br/&gt;désolé pour l\'orthographe,&lt;br/&gt; car écrire sur un ordinateur c\'est compliquer quand tu es pas habituer&lt;br/&gt;j\'èspère que mon travail vous plaira car j\'ai adoré ce travail .', '2019-11-07 12:27:05', 2),
(33638, 323, 205, '', '2019-12-12 11:11:09', 16),
(33639, 323, 205, '', '2019-12-12 11:11:09', 16),
(33640, 323, 205, '', '2019-12-12 11:11:10', 16),
(33641, 323, 205, '', '2019-12-12 11:11:10', 16),
(33642, 323, 214, 'Comprend pas le Théme et manque de temps pour trouver des idées de photos &lt;br/&gt;on a fait des photos vitent fait bien fais ()j&quot;éspere que le proget sera plus facile :))', '2020-01-23 12:15:24', 5),
(33643, 323, 215, 'ameliorer le decore ', '2020-01-30 12:02:31', 5),
(33644, 323, 215, 'ludovic et leonore', '2020-01-30 12:02:31', 6),
(33645, 323, 215, 'hightkey', '2020-01-30 12:02:31', 8),
(33646, 323, 215, 'avec un trepied lumiere du soleil ', '2020-01-30 12:02:31', 9),
(33647, 323, 208, '', '2020-01-30 12:18:36', 5),
(33648, 323, 216, 'decore temps poubelle', '2020-02-06 12:41:05', 5),
(33649, 323, 216, 'Maxime', '2020-02-06 12:41:05', 6),
(33650, 323, 216, 'Clonage', '2020-02-06 12:41:05', 8),
(33651, 323, 216, 'trepied appareille photo photoshope', '2020-02-06 12:41:05', 9),
(33652, 323, 217, 'il faudrait améliorée : -Dans le résultat les éclairages car c\'est dur de prendre des photos dans des endroits sombre (catacombe);-;(cave)&lt;br/&gt;-Sujet : manques de consignes &lt;br/&gt;-Déroulement : ça prend trop de temps pour faire des repérages. VOILI VOILOU....', '2020-02-20 11:35:42', 5),
(33653, 323, 217, 'Léonore , Ludovic , Maxime et Moi (Robyn)', '2020-02-20 11:35:42', 6),
(33654, 323, 217, 'Les Fantômes ', '2020-02-20 11:35:42', 8),
(33655, 323, 217, '- 4 Flash(s) de Téléphones&lt;br/&gt;- 1 Apareille photo &lt;br/&gt;- 1 Carte SD&lt;br/&gt;- Du temps ;-; ', '2020-02-20 11:35:42', 9),
(33656, 323, 194, 'les fonds faire attention ce que j ai oublie sur la photo', '2019-10-10 12:43:35', 2),
(33657, 323, 223, ':)', '2020-03-05 12:22:44', 16),
(33658, 323, 198, 'ca ma aprris a faire attention au ligne  cadre et apres le travail jai vu des lignes partous c etait marrant', '2019-10-17 11:19:09', 16),
(33659, 323, 198, 'ca ma aprris a faire attention au ligne  cadre et apres le travail jai vu des lignes partous c etait marrant', '2019-10-17 11:19:09', 16),
(33660, 323, 198, 'ca ma aprris a faire attention au ligne  cadre et apres le travail jai vu des lignes partous c etait marrant', '2019-10-17 11:19:09', 16),
(33661, 323, 198, 'ca ma aprris a faire attention au ligne  cadre et apres le travail jai vu des lignes partous c etait marrant', '2019-10-17 11:19:10', 16),
(33662, 323, 198, 'ca ma aprris a faire attention au ligne  cadre et apres le travail jai vu des lignes partous c etait marrant', '2019-10-17 11:19:10', 16),
(33663, 323, 198, 'ca ma aprris a faire attention au ligne  cadre et apres le travail jai vu des lignes partous c etait marrant', '2019-10-17 11:19:10', 16),
(33664, 323, 198, 'ca ma aprris a faire attention au ligne  cadre et apres le travail jai vu des lignes partous c etait marrant', '2019-10-17 11:19:11', 16),
(33665, 323, 198, 'ca ma aprris a faire attention au ligne  cadre et apres le travail jai vu des lignes partous c etait marrant', '2019-10-17 11:19:11', 16),
(33666, 323, 198, 'ca ma aprris a faire attention au ligne  cadre et apres le travail jai vu des lignes partous c etait marrant', '2019-10-17 11:19:11', 16),
(33667, 323, 193, 'j ai adore le travail on  cest bien amuse ainsi que (jouer avec les lumiere)', '2019-10-17 11:20:22', 16),
(33668, 324, 196, 'Pour donné un aspect menacent avec la fumé qui sont opposé à l\'aspect comique de la vidéo.', '2019-10-18 09:57:13', 28),
(33669, 324, 206, '', '2019-12-17 11:40:39', 16),
(33670, 326, 206, 'Non.', '2019-12-17 11:48:49', 16),
(33671, 327, 196, '', '2019-10-24 11:57:59', 28),
(33672, 327, 206, '/', '2019-12-17 11:38:51', 16),
(33673, 328, 196, '', '2019-10-24 11:50:56', 28),
(33674, 328, 206, '', '2019-12-17 10:44:37', 16),
(33675, 329, 196, 'Mon modèle étant quelqu\'un d\'assez joyeux habituellement (je trouve), j\'ai voulu expérimenter avec un autre côté de sa personnalité. Généralement les gens préfèrent ne pas montrer se côté de tristesse et j\'ai donc décidé que ce serait une bonne idée de travailler sur cela.', '2019-10-18 10:01:10', 28),
(33676, 330, 205, 'trop de luminosité mais je n ai pas compris pourquoi.', '2019-12-12 11:23:21', 16),
(33677, 330, 205, 'trop de luminosité mais je n ai pas compris pourquoi.', '2019-12-12 11:23:21', 16),
(33678, 330, 205, 'trop de luminosité mais je n ai pas compris pourquoi.', '2019-12-12 11:23:22', 16),
(33679, 330, 205, 'trop de luminosité mais je n ai pas compris pourquoi.', '2019-12-12 11:23:22', 16),
(33680, 330, 214, '', '2020-01-30 11:59:59', 5),
(33681, 330, 209, '', '2020-01-30 12:01:29', 1),
(33682, 330, 216, 'un peu de montage pour rendre l ovni plus réel', '2020-02-06 12:41:49', 5),
(33683, 330, 216, 'Félix Thomas et Julien', '2020-02-06 12:41:49', 6),
(33684, 330, 216, 'un ovni', '2020-02-06 12:41:49', 8),
(33685, 330, 216, 'un camarade a lancer l objet dans le ciel et j ai pris une photo au moment ou le frisbee étais bien centrer.', '2020-02-06 12:41:49', 9);

-- --------------------------------------------------------

--
-- Structure de la table `self_assessment_question`
--

DROP TABLE IF EXISTS `self_assessment_question`;
CREATE TABLE IF NOT EXISTS `self_assessment_question` (
  `id` int(11) NOT NULL AUTO_INCREMENT,
  `teacher_id` int(11) DEFAULT NULL,
  `question` longtext COLLATE utf8mb4_unicode_ci NOT NULL,
  PRIMARY KEY (`id`),
  KEY `IDX_4BB1C5EB41807E1D` (`teacher_id`)
) ENGINE=InnoDB AUTO_INCREMENT=30 DEFAULT CHARSET=utf8mb4 COLLATE=utf8mb4_unicode_ci;

--
-- Déchargement des données de la table `self_assessment_question`
--

INSERT INTO `self_assessment_question` (`id`, `teacher_id`, `question`) VALUES
(1, 1, 'Quelles ont été les difficultés que vous avez rencontré lors de la réalisation du projet?'),
(2, 1, 'Qu\'avez-vous appris à l\'issue de ce projet?'),
(3, 1, 'Quel est le mot qui vous a servi à mettre en lumière votre modèle?'),
(4, 1, 'Quelle a été ta contribution au groupe? Explique précisément.'),
(5, 1, 'Si tu devais améliorer le projet (sujet, déroulement, résultat, ...), que ferais-tu?'),
(6, 1, 'Qui faisait partie de ton groupe?'),
(8, 1, 'Quel projet as-tu réalisé?'),
(9, 1, 'Comment as-tu réalisé techniquement le projet?'),
(10, 1, 'Selon toi, l\'Art peut-il être politique? Explique en quelques lignes de manière critique et nuancée'),
(11, 1, 'Selon toi, la liberté d\'expression est-elle une utopie? Explique de manière nuancée et critique et en donnant des exemples concrets'),
(12, 1, 'Quelle a été ta contribution au project Next Generation? Explique de manière détaillée. '),
(13, 1, 'Par quelle œuvre dans l\'exposition as-tu été le plus touché? Décris-la et explique ce que tu as compris '),
(14, 1, 'Explique ton projet en quelques lignes (concept, intention)'),
(15, 1, 'Ton travail correspond-t\'il tout à fait à la demande du client?'),
(16, 1, 'As-tu des commentaires à faire par rapport à ton travail?'),
(17, 1, 'Quelle est la photographie dont vous vous êtes inspirés?'),
(18, 1, 'Pourquoi as-tu représenté ainsi ton modèle? (cadre, pose, lumière, exposition, accessoires, etc. ) [question cotée]'),
(19, 1, 'Quel/s problème/s avez-vous rencontré en filmant avec l\'appareil photo?'),
(20, 1, 'Comment évalues-tu ton niveau en photographie sur une échelle de 1 à 5? (1 débutant complet, 5 expert)'),
(21, 1, 'Comment évalues-tu ton niveau de caméraman sur une échelle de 1 à 5? (1 débutant complet, 5 expert) '),
(22, 1, 'Quelle ambiance as-tu réalisé?'),
(23, 1, 'Quelle vidéo as-tu sélectionné comme base pour ton projet de sonorisation? (Auteur, Titre, Lien) '),
(24, 1, 'Dans quelles productions la technique du multicam est utile? (min. 2 + explications)'),
(25, 1, 'Quelles sont les impératifs procéduraux de la technique du multicam? '),
(26, 1, 'D\'un point de vue technique, comment quels sont les points forts et faibles de ton travail?'),
(27, 1, 'D\'un point de vue artistique, comment quels sont les points forts et faibles de ton travail? '),
(28, 1, ' [question évaluée] Pourquoi as-tu ainsi mis en lumière ton modèle?'),
(29, 1, '[question évaluée] Critère par critère, comment évalues-tu ton travail? (NA-EA-A-M) ');

-- --------------------------------------------------------

--
-- Structure de la table `skill`
--

DROP TABLE IF EXISTS `skill`;
CREATE TABLE IF NOT EXISTS `skill` (
  `id` int(11) NOT NULL AUTO_INCREMENT,
  `skills_group_id` int(11) NOT NULL,
  `short_name` varchar(255) COLLATE utf8mb4_unicode_ci NOT NULL,
  `description` longtext COLLATE utf8mb4_unicode_ci NOT NULL,
  `transverse_skill` longtext COLLATE utf8mb4_unicode_ci,
  PRIMARY KEY (`id`),
  KEY `IDX_5E3DE477D6044424` (`skills_group_id`)
) ENGINE=InnoDB AUTO_INCREMENT=43 DEFAULT CHARSET=utf8mb4 COLLATE=utf8mb4_unicode_ci;

--
-- Déchargement des données de la table `skill`
--

INSERT INTO `skill` (`id`, `skills_group_id`, `short_name`, `description`, `transverse_skill`) VALUES
(1, 3, 'A1', 'Construire le jugement éclairé en structurant la pensée critique (tant vis-à-vis de ses propres réalisations que de celles des autres) et permettre d’échanger ses raisons d’aimer en argumentant : au regard de la logique documentaire ou du reportage qui, là où elle est invoquée, implique une approche objective ; au regard du « quotient créateur » (puissance transformatrice, originalité de l’apport…) ; au regard des possibilités connotatives (ouverture ou fermeture du sens) ; au regard de l’existence formelle, visuelle et sonore (image, musique, texte, voix…) constitutive de l’œuvre (espace, composition, tension, formes, valeurs, couleurs, textures, proportions, lumières, échelle, mouvement, raccords, temps…), mais aussi dans le rapport de la forme et du contenu ; au regard de sa lisibilité et de son intelligibilité, notamment dans la relation aux conditions de production et de réception ; au regard de la norme et du hors norme des codes esthétiques.', 'Argumenter et relativiser le jugement.'),
(2, 2, 'A2', 'Enrichir son jugement esthétique par l’éclairage de connaissances pertinentes du contexte d’émergence de l’œuvre.', 'Relier l’œuvre à son contexte.'),
(3, 2, 'A3', 'Lire et comprendre le fonctionnement des documents audiovisuels existants (presse, annonces, clips, vidéos…), de manière à en assurer la compréhension (aspects sociologiques, sémiologiques, psychologiques…) et la critique de même qu’à pouvoir en évaluer l’impact sur le public.', 'Relativiser l’intérêt des différentes approches scientifiques dans le domaine des sciences humaines.'),
(4, 3, 'A4', 'Apprécier la richesse de ses racines et de son identité culturelle. Imposer le respect naturel et la valorisation des patrimoines.', 'Respect de l’héritage et volonté de le conserver pour les générations futures.'),
(5, 2, 'A5', 'Reconnaitre l’autre dans la spécificité de son langage et de ce qu’il est en lisant les productions audiovisuelles comme projection de l’imaginaire et rencontre de l’inconscient, du fonds culturel, des pulsions, des souvenirs, de la créativité, du savoir-faire et des connaissances.', 'Percevoir et respecter l’autre dans sa spécificité et pour ce qu’il est de mieux. Se dégager des préjugés. Dégager le sens second d’un message.'),
(6, 2, 'A6', 'Approcher les arts issus d’autres cultures et milieux sociaux ou religieux. Dégager des relations avec les différentes valeurs, traditions et idéologies.', 'S’ouvrir avec tolérance à la diversité culturelle.\nSe mesurer par rapport à elle.'),
(7, 2, 'A7', 'S’ouvrir aux expériences esthétiques contemporaines de manière à les intégrer dans sa culture et ses intérêts.', 'S’ouvrir au monde d’aujourd’hui.'),
(8, 2, 'A8', 'Gérer ses choix culturels par confrontation et décodage des moyens de communication actuels (affiche, T.V., radio, cinéma, expositions, spots publicitaires, Internet) en les considérant comme sujets d’analyse.', 'S’ouvrir au changement.'),
(9, 2, 'C1', 'Dégager les caractères stylistiques essentiels d’une écriture audiovisuelle, d’une époque ou d’un style.', 'Capacité à observer, comparer, analyser et conceptualiser.'),
(10, 2, 'C10', 'Considérer comme indispensable ma fréquentation directe des milieux professionnels, des médiathèques, vidéothèques et cinémathèques, des galeries et musées afin de les connaitre dans leurs vraies dimensions spatiales, humaines et sensibles.', 'Se former aux sources du savoir.'),
(11, 1, 'C11', 'Connaitre les techniques de base des systèmes audiovisuels afin de pouvoir effectuer des choix pratiques judicieux.', 'Relier théorie, pratique et sens.'),
(12, 2, 'C2', 'Décrire l’enchainement et penser à relier l’apparition ou la résurgence des formes d’expression à leur contexte historique et social. Comprendre qu’elles s’y inscrivent, ou qu’elles peuvent être une rupture. Apprécier l’interaction dynamique entre ces différentes composantes et en quoi le créateur forge, définit, voire remet en question les valeurs et la sensibilité de la culture de telle ou telle société.', 'Inscrire les phénomènes dans la mesure du temps et de l’espace. Relier les phénomènes dans leur contemporanéité. Opérer des synthèses. Etablir les connexions interdisciplinaires.'),
(13, 2, 'C3', 'Comparer les œuvres du présent et du passé, dégager des correspondances et les convergences fortuites, déceler les influences, apprécier l’impact d’une œuvre à court terme et à long terme, prendre conscience des ruptures, donner du sens.', 'Relier les expressions entre elles pour en dégager du sens.'),
(14, 2, 'C4', 'Connaitre les méthodes d’approche sémiologique et sémantique de base appliquées à la communication (figures et procédés stylistiques, tropes, injonction, redondance…)', 'Démultiplier les méthodologies de la connaissance afin d’en percevoir le sens relatif et complémentaire. Montrer que la vérité n’est pas une.'),
(15, 3, 'C5', 'Tout en proscrivant le jargon, user d’un vocabulaire précis, nuancé et spécifique à l’égard des techniques employées. Assumer de cette façon la richesse du langage professionnel.', 'Exprimer sa pensée clairement pour communiquer. Apprendre à argumenter.'),
(16, 4, 'C6', 'Situer les diverses interventions des acteurs de la production audiovisuelle l’une par rapport à l’autre (chronologie, rôles et interférences).', 'Mesurer la solidarité des intervenants dans tout processus de pensée collective et de production.'),
(17, 1, 'C7', 'Comprendre l’esprit et la logique des différents outils, supports et médias en usage dans le domaine de la communication audiovisuelle.', 'Travailler logiquement dans l’esprit des moyens mis en œuvre ou choisir les moyens en fonction de l’objectif poursuivi.'),
(18, 2, 'C8', 'Connaitre de manière critique les principaux ressorts psychologiques agissant à l’intérieur des œuvres médiatiques ou audiovisuelles.', 'Tenir compte de l’altérité.\nComprendre que toute communication met en jeu des phénomènes psychologiques.'),
(19, 2, 'C9', 'Apprendre à se documenter, à recueillir des témoignages, à recouper son information et à s’informer, en particulier sur l’actualité, l’évolution des médias et des productions audiovisuelles (usage des encyclopédies, des bibliothèques, des médiathèques, des tables des matières, des corrélats, des productions de la presse écrite, des CD-ROM, d’Internet, des dossiers de presse…)', 'Apprendre à apprendre.\nRespecter la déontologie élémentaire de l’information et de la communication.'),
(20, 3, 'E1', 'Positionner ses ambitions expressives soit comme tentative de restitution objective de la réalité, soit comme écart entre cette réalité et une manière personnelle de regarder le monde.', 'Assumer vision (relativement) objective ou délibérément subjective.'),
(21, 2, 'E2', 'Regarder activement le monde extérieur pour donner à voir et/ou à entendre ce qui échappe à la perception commune.', 'Cultiver le regard personnel sur le monde.'),
(22, 3, 'E3', 'Conférer à l’activité audiovisuelle le statut de lieu de critique et d’écart par rapport à la norme, marquant ainsi la puissance créatrice de l’individu responsable s’identifiant à une création personnelle et « s’écrivant » à travers elle.', 'Affirmer sa personnalité.'),
(23, 3, 'E4', 'Dégager des clés pratiques constituant autant d’outils favorisant la créativité (cadrer, monter, éclairer, filtrer, superposer…) et développant l’imagination.', 'Structurer l’imagination créatrice.'),
(24, 3, 'E5', 'Transposer dans un autre registre visuel, sonore ou audiovisuel, déplacer dans un autre domaine de l’expression une première expérience formelle.', 'Opérer des transferts.'),
(25, 3, 'E6', 'Pouvoir tirer profit des hasards, convertir les erreurs, utiliser l’inattendu et détourner les choses de leurs fonctions habituelles.', 'S’adapter et faire son profit de tout. Se montrer créatif et disponible au changement.'),
(26, 3, 'E7', 'Etre capable de détourner un objet ou une image du sens convenu pour lequel il a été fait et se l’approprier en lui donnant un sens nouveau, inattendu et signifiant.', 'Faire preuve d’invention et de créativité.'),
(27, 3, 'E8', 'Exprimer son appréciation sur une œuvre audiovisuelle, justifier ses goûts et en dégager l’intérêt relatif.', 'Confronter ses démarches et ses expériences à celles de l’autre dans le respect réciproque et la tolérance.'),
(28, 3, 'F1', 'Construire le jugement éclairé en structurant la pensée critique (tant vis-à-vis de ses propres réalisations que de celles des autres) et permettre d’échanger ses raisons d’aimer en argumentant.', 'Communiquer clairement à l’aide de moyens logiquement appropriés et en y apportant les exigences d’autocorrection.'),
(29, 1, 'F10', 'Pouvoir utiliser les fonctions de base des logiciels les plus courant dans les domaines de la photographie et de l’audiovisuel.', 'Etre ouvert aux nouvelles technologies appliquées à la communication.'),
(30, 1, 'F11', 'Développer une curiosité pour l’évolution des nouvelles techniques audiovisuelles, être disponible à se les approprier, s’y adapter et à transférer les acquis potentiels dans l’acte de conception lui-même.', 'Manifester de l’intérêt et de la curiosité pour le renouvellement.'),
(31, 1, 'F2', 'Assurer une relative aisance dans la manipulation du matériel audiovisuel de manière à préparer le travail créatif.', 'Exigence personnelle de s’approprier des moyens d’expression et de les utiliser avec aisance.'),
(32, 3, 'F3', 'Etablir des rapports visuels (cadrage, lumières, couleurs, contrastes, raccords, profondeur de champs, mouvement du sujet et de la caméra…), temporels (rythmes, longueur et succession de séquences…), sonores (intensité, timbre, coloration, fréquences, mixage…), parlés (dialogue, timbre, respiration…) et narratifs de manière cohérente en les articulant sur une intention formelle ou expressive structurante.', 'Relier les éléments d’un problème et structurer la pensée créatrice.'),
(33, 3, 'F4', 'Etablir et pouvoir nuancer ses partis pris formels ou expressifs.', 'Témoigner du sens de la nuance et de la sensibilité.'),
(34, 1, 'F5', 'Manipuler et expérimenter les techniques argentiques, analogiques et numériques ainsi que la diversité des émulsions et des outils (tout support de traitement de l’image) en les considérant comme des éléments de production et de recherche.', 'Expérimenter et développer l’aptitude à la réflexion avant, pendant et/ou après l’action.'),
(35, 3, 'F6', 'Mettre en corrélation, observer, écouter, penser et produire (dans le sens de produire dans un champ d’application audiovisuel), articuler ainsi la forme et le contenu, le geste et le sens, l’outil et la pensée, l’œuvre et le soi.', 'Structurer logiquement sa pensée dans le codage et le décodage de l’expression et de la communication.'),
(36, 4, 'F7', 'Prendre en compte des contraintes externes (cadre scolaire et/ou autre, économie des moyens, conventions, consignes, délais…) ou internes (logique des techniques) dans la structuration du travail audiovisuel.', 'S’adapter aux circonstances, faire preuve de créativité au travers de disciplines et de contraintes voulues ou non.'),
(37, 4, 'F8', 'Participer à des projets collectifs ou multidisciplinaires en y apportant son savoir-faire et en se pliant à la discipline qu’impose l’unité globale d’expression ou d’intention qui les justifie.', 'S’engager et s’intégrer dans un projet, une décision collégiale ou un travail collectif. Travailler en équipe. Pratiquer la tolérance et accepter l’autre. Mener à bien une entreprise commune même si elle n’agrée pas complètement la personne.'),
(38, 4, 'F9', 'Organiser son travail en fonction d’un projet choisi ou imposé en y développant ses capacités d’initiative.', 'Développer le sens des responsabilités.'),
(39, 3, 'R1', 'Etablir des rapports de grandeur, de position, de correspondance, de rythme, de proportion, de caractère, de couleurs… au sein de documents visuels et audio visuels.', 'Communiquer clairement à l’aide de moyens logiquement appropriés et en y apportant les exigences d’autocorrection.'),
(40, 3, 'R2', 'Pouvoir justifier le choix d’un cadrage ou d’une composition relativement à la scène, au document, au thème ou à l’objet observé.\nInterpréter l’œuvre audiovisuelle comme un système de signes dont il convient d’objectiver les relations (forme et expression).', 'Dépasser l’esthétisme Poser la question du sens'),
(41, 3, 'R3', 'Distinguer ce qui relève de la dénotation et de la connotation dans l’approche d’une image ou d’un document pour pouvoir établir une analyse aussi objective que possible.', 'Séparer l’objectif du subjectif dans la perception.'),
(42, 2, 'R4', 'Percevoir à travers quelques œuvres majeures du cinéma, de la photographie et des productions musicales et audiovisuelles les récurrences formelles qui caractérisent le style d’un metteur en scène, d’un artiste ou d’une époque.', 'Analyser, synthétiser et globaliser les données sensibles de la perception.');

-- --------------------------------------------------------

--
-- Structure de la table `skills_group`
--

DROP TABLE IF EXISTS `skills_group`;
CREATE TABLE IF NOT EXISTS `skills_group` (
  `id` int(11) NOT NULL AUTO_INCREMENT,
  `name` varchar(255) COLLATE utf8mb4_unicode_ci NOT NULL,
  `short_name` varchar(255) COLLATE utf8mb4_unicode_ci NOT NULL,
  PRIMARY KEY (`id`)
) ENGINE=InnoDB AUTO_INCREMENT=5 DEFAULT CHARSET=utf8mb4 COLLATE=utf8mb4_unicode_ci;

--
-- Déchargement des données de la table `skills_group`
--

INSERT INTO `skills_group` (`id`, `name`, `short_name`) VALUES
(1, 'Techniques et technologies', 'T'),
(2, 'Analyse', 'A'),
(3, 'Communication et expression', 'E'),
(4, 'Gestion et Organisation', 'O');

-- --------------------------------------------------------

--
-- Structure de la table `student_classe`
--

DROP TABLE IF EXISTS `student_classe`;
CREATE TABLE IF NOT EXISTS `student_classe` (
  `id` int(11) NOT NULL AUTO_INCREMENT,
  `student_id` int(11) NOT NULL,
  `classe_id` int(11) NOT NULL,
  `schoolyear` varchar(9) COLLATE utf8mb4_unicode_ci NOT NULL,
  PRIMARY KEY (`id`),
  KEY `IDX_1B16716CB944F1A` (`student_id`),
  KEY `IDX_1B167168F5EA509` (`classe_id`)
) ENGINE=InnoDB AUTO_INCREMENT=147 DEFAULT CHARSET=utf8mb4 COLLATE=utf8mb4_unicode_ci;

--
-- Déchargement des données de la table `student_classe`
--

INSERT INTO `student_classe` (`id`, `student_id`, `classe_id`, `schoolyear`) VALUES
(1, 204, 1, '2015-2016'),
(2, 205, 2, '2016-2017'),
(3, 206, 1, '2017-2018'),
(4, 207, 4, '2018-2019'),
(5, 208, 2, '2015-2016'),
(6, 209, 2, '2015-2016'),
(7, 210, 2, '2015-2016'),
(8, 211, 4, '2017-2018'),
(9, 212, 3, '2016-2017'),
(10, 213, 2, '2015-2016'),
(11, 214, 2, '2015-2016'),
(12, 215, 3, '2016-2017'),
(13, 216, 4, '2016-2017'),
(14, 217, 4, '2017-2018'),
(15, 218, 4, '2016-2017'),
(16, 219, 4, '2016-2017'),
(17, 220, 4, '2016-2017'),
(18, 221, 3, '2015-2016'),
(19, 222, 4, '2016-2017'),
(20, 223, 3, '2015-2016'),
(21, 224, 4, '2017-2018'),
(22, 232, 2, '2017-2018'),
(23, 235, 2, '2017-2018'),
(24, 236, 1, '2016-2017'),
(25, 237, 4, '2019-2020'),
(26, 238, 4, '2019-2020'),
(27, 239, 4, '2019-2020'),
(28, 240, 2, '2017-2018'),
(29, 241, 4, '2018-2019'),
(30, 242, 2, '2017-2018'),
(31, 243, 4, '2018-2019'),
(32, 244, 2, '2016-2017'),
(33, 245, 4, '2018-2019'),
(34, 246, 4, '2017-2018'),
(35, 247, 4, '2017-2018'),
(36, 248, 4, '2018-2019'),
(37, 249, 2, '2018-2019'),
(38, 250, 4, '2019-2020'),
(39, 268, 1, '2017-2018'),
(40, 269, 2, '2017-2018'),
(41, 271, 2, '2017-2018'),
(42, 272, 2, '2018-2019'),
(43, 273, 4, '2019-2020'),
(44, 274, 3, '2019-2020'),
(45, 275, 1, '2017-2018'),
(46, 276, 1, '2017-2018'),
(47, 277, 2, '2018-2019'),
(48, 278, 3, '2019-2020'),
(49, 279, 3, '2019-2020'),
(50, 281, 3, '2019-2020'),
(51, 282, 2, '2019-2020'),
(52, 283, 2, '2019-2020'),
(53, 284, 4, '2018-2019'),
(54, 285, 4, '2018-2019'),
(55, 286, 2, '2017-2018'),
(56, 287, 1, '2017-2018'),
(57, 288, 2, '2017-2018'),
(58, 289, 2, '2019-2020'),
(59, 290, 2, '2019-2020'),
(60, 291, 1, '2019-2020'),
(61, 292, 1, '2018-2019'),
(62, 293, 2, '2019-2020'),
(63, 294, 1, '2019-2020'),
(64, 295, 1, '2018-2019'),
(65, 296, 1, '2018-2019'),
(66, 298, 1, '2018-2019'),
(67, 299, 2, '2019-2020'),
(68, 300, 1, '2018-2019'),
(69, 301, 2, '2019-2020'),
(70, 303, 3, '2019-2020'),
(71, 304, 3, '2019-2020'),
(72, 305, 3, '2019-2020'),
(73, 306, 3, '2019-2020'),
(74, 307, 1, '2018-2019'),
(75, 308, 2, '2019-2020'),
(76, 309, 1, '2019-2020'),
(77, 310, 1, '2019-2020'),
(78, 311, 1, '2019-2020'),
(79, 312, 1, '2019-2020'),
(80, 314, 1, '2019-2020'),
(81, 315, 1, '2019-2020'),
(82, 316, 1, '2019-2020'),
(83, 317, 1, '2019-2020'),
(84, 318, 2, '2019-2020'),
(85, 319, 2, '2019-2020'),
(86, 321, 2, '2019-2020'),
(87, 322, 1, '2019-2020'),
(88, 323, 1, '2019-2020'),
(89, 324, 3, '2019-2020'),
(90, 326, 3, '2019-2020'),
(91, 327, 3, '2019-2020'),
(92, 328, 3, '2019-2020'),
(93, 329, 3, '2019-2020'),
(94, 330, 1, '2019-2020'),
(95, 322, 2, '2020-2021'),
(96, 309, 2, '2020-2021'),
(97, 310, 2, '2020-2021'),
(98, 311, 2, '2020-2021'),
(99, 347, 1, '2020-2021'),
(100, 348, 1, '2020-2021'),
(101, 349, 1, '2020-2021'),
(102, 350, 1, '2020-2021'),
(103, 351, 1, '2020-2021'),
(104, 352, 1, '2020-2021'),
(105, 353, 1, '2020-2021'),
(106, 354, 1, '2020-2021'),
(107, 355, 1, '2020-2021'),
(108, 356, 1, '2020-2021'),
(109, 357, 1, '2020-2021'),
(110, 358, 1, '2020-2021'),
(111, 359, 1, '2020-2021'),
(112, 362, 2, '2020-2021'),
(113, 291, 2, '2020-2021'),
(114, 363, 2, '2020-2021'),
(115, 317, 2, '2020-2021'),
(116, 364, 2, '2020-2021'),
(117, 316, 2, '2020-2021'),
(118, 365, 2, '2020-2021'),
(119, 366, 2, '2020-2021'),
(120, 312, 2, '2020-2021'),
(121, 367, 2, '2020-2021'),
(122, 314, 2, '2020-2021'),
(123, 315, 2, '2020-2021'),
(124, 360, 3, '2020-2021'),
(125, 289, 3, '2020-2021'),
(126, 361, 3, '2020-2021'),
(127, 293, 3, '2020-2021'),
(128, 319, 3, '2020-2021'),
(129, 282, 3, '2020-2021'),
(130, 283, 3, '2020-2021'),
(131, 321, 3, '2020-2021'),
(132, 301, 3, '2020-2021'),
(133, 290, 3, '2020-2021'),
(134, 324, 4, '2020-2021'),
(135, 274, 4, '2020-2021'),
(136, 303, 4, '2020-2021'),
(137, 304, 4, '2020-2021'),
(138, 278, 4, '2020-2021'),
(139, 305, 4, '2020-2021'),
(140, 279, 4, '2020-2021'),
(141, 326, 4, '2020-2021'),
(142, 281, 4, '2020-2021'),
(143, 327, 4, '2020-2021'),
(144, 249, 4, '2020-2021'),
(145, 328, 4, '2020-2021'),
(146, 306, 4, '2020-2021');

-- --------------------------------------------------------

--
-- Structure de la table `submission`
--

DROP TABLE IF EXISTS `submission`;
CREATE TABLE IF NOT EXISTS `submission` (
  `id` int(11) NOT NULL AUTO_INCREMENT,
  `student_id` int(11) NOT NULL,
  `project_id` int(11) NOT NULL,
  `datetime` datetime NOT NULL,
  PRIMARY KEY (`id`),
  KEY `IDX_DB055AF3CB944F1A` (`student_id`),
  KEY `IDX_DB055AF3166D1F9C` (`project_id`)
) ENGINE=InnoDB AUTO_INCREMENT=40 DEFAULT CHARSET=utf8mb4 COLLATE=utf8mb4_unicode_ci;

--
-- Déchargement des données de la table `submission`
--

INSERT INTO `submission` (`id`, `student_id`, `project_id`, `datetime`) VALUES
(6, 347, 233, '2020-10-24 17:11:31'),
(7, 349, 232, '2020-10-25 10:42:13'),
(8, 347, 230, '2020-10-25 10:42:48'),
(9, 347, 231, '2020-10-25 10:43:06'),
(10, 347, 232, '2020-10-25 10:43:22'),
(11, 348, 230, '2020-10-25 10:44:42'),
(12, 350, 230, '2020-10-25 10:45:10'),
(13, 350, 231, '2020-10-25 10:45:24'),
(14, 350, 232, '2020-10-25 10:45:43'),
(15, 351, 231, '2020-10-25 10:45:54'),
(16, 352, 230, '2020-10-25 10:46:11'),
(17, 352, 232, '2020-10-25 10:46:32'),
(18, 353, 230, '2020-10-25 10:46:45'),
(19, 353, 231, '2020-10-25 10:47:03'),
(20, 353, 232, '2020-10-25 10:47:13'),
(21, 355, 230, '2020-10-25 10:47:40'),
(22, 355, 231, '2020-10-25 10:48:34'),
(23, 355, 232, '2020-10-25 10:48:57'),
(24, 356, 230, '2020-10-25 10:49:15'),
(25, 357, 230, '2020-10-25 10:49:32'),
(26, 357, 231, '2020-10-25 10:49:48'),
(28, 357, 232, '2020-10-25 10:51:05'),
(29, 358, 230, '2020-10-25 10:51:26'),
(30, 358, 232, '2020-10-25 10:51:55'),
(31, 358, 231, '2020-10-25 10:52:10'),
(32, 359, 232, '2020-10-25 10:52:26'),
(33, 350, 233, '2020-10-25 10:56:23'),
(34, 357, 233, '2020-10-25 10:56:56'),
(35, 353, 233, '2020-10-25 10:57:52'),
(36, 356, 233, '2020-10-25 10:58:15'),
(37, 358, 233, '2020-10-25 10:58:39'),
(38, 348, 233, '2020-10-25 11:00:19'),
(39, 354, 233, '2020-10-25 11:00:36');

-- --------------------------------------------------------

--
-- Structure de la table `submission_file`
--

DROP TABLE IF EXISTS `submission_file`;
CREATE TABLE IF NOT EXISTS `submission_file` (
  `id` int(11) NOT NULL AUTO_INCREMENT,
  `submission_id` int(11) NOT NULL,
  `url` longtext COLLATE utf8mb4_unicode_ci NOT NULL,
  `updated_at` datetime NOT NULL,
  `mime` varchar(255) COLLATE utf8mb4_unicode_ci NOT NULL,
  `image_size` int(11) DEFAULT NULL,
  `public` tinyint(1) DEFAULT NULL,
  PRIMARY KEY (`id`),
  KEY `IDX_1E995D7FE1FD4933` (`submission_id`)
) ENGINE=InnoDB AUTO_INCREMENT=84 DEFAULT CHARSET=utf8mb4 COLLATE=utf8mb4_unicode_ci;

--
-- Déchargement des données de la table `submission_file`
--

INSERT INTO `submission_file` (`id`, `submission_id`, `url`, `updated_at`, `mime`, `image_size`, `public`) VALUES
(18, 6, 'COLLE_Valentine_Compo-Lignes_0.jpeg', '2020-10-24 17:11:31', 'image/jpeg', 532674, 1),
(19, 6, 'COLLE_Valentine_Compo-Lignes_1.jpeg', '2020-10-24 17:11:31', 'image/jpeg', 579096, 1),
(20, 6, 'COLLE_Valentine_Compo-Lignes_2.jpeg', '2020-10-24 17:11:31', 'image/jpeg', 293034, 1),
(21, 6, 'COLLE_Valentine_Compo-Lignes_3.jpeg', '2020-10-24 17:11:31', 'image/jpeg', 477792, 1),
(22, 6, 'COLLE_Valentine_Compo-Lignes_4.jpeg', '2020-10-24 17:11:31', 'image/jpeg', 210728, 1),
(23, 7, 'DIEUDONNE_Loic_Lightpainting-Creation_0.jpeg', '2020-10-25 10:42:13', 'image/jpeg', 5483132, 1),
(24, 8, 'COLLE_Valentine_Lightpainting-Ecriture_0.jpeg', '2020-10-25 10:42:48', 'image/jpeg', 2484700, 1),
(25, 9, 'COLLE_Valentine_Lightpainting-Boule-de-feu_0.jpeg', '2020-10-25 10:43:06', 'image/jpeg', 2757641, 1),
(26, 10, 'COLLE_Valentine_Lightpainting-Creation_0.jpeg', '2020-10-25 10:43:22', 'image/jpeg', 4089547, 1),
(27, 11, 'DEVILLERS_Wyatt_Lightpainting-Ecriture_0.jpeg', '2020-10-25 10:44:42', 'image/jpeg', 2769040, 1),
(28, 12, 'GILIS_Elea_Lightpainting-Ecriture_0.jpeg', '2020-10-25 10:45:10', 'image/jpeg', 2507904, 1),
(29, 13, 'GILIS_Elea_Lightpainting-Boule-de-feu_0.jpeg', '2020-10-25 10:45:24', 'image/jpeg', 1994679, 1),
(30, 14, 'GILIS_Elea_Lightpainting-Creation_0.jpeg', '2020-10-25 10:45:43', 'image/jpeg', 2373081, 1),
(31, 15, 'GREGOIRE_Romane_Lightpainting-Boule-de-feu_0.jpeg', '2020-10-25 10:45:55', 'image/jpeg', 2284278, 1),
(32, 16, 'JACQUES_Tom_Lightpainting-Ecriture_0.jpeg', '2020-10-25 10:46:11', 'image/jpeg', 5739691, 1),
(33, 17, 'JACQUES_Tom_Lightpainting-Creation_0.jpeg', '2020-10-25 10:46:32', 'image/jpeg', 6949263, 1),
(34, 18, 'KRIER_Thalia_Lightpainting-Ecriture_0.jpeg', '2020-10-25 10:46:46', 'image/jpeg', 2930388, 1),
(35, 19, 'KRIER_Thalia_Lightpainting-Boule-de-feu_0.jpeg', '2020-10-25 10:47:03', 'image/jpeg', 2131147, 1),
(36, 20, 'KRIER_Thalia_Lightpainting-Creation_0.jpeg', '2020-10-25 10:47:13', 'image/jpeg', 2694711, 1),
(37, 21, 'MAGITS_Hugo_Lightpainting-Ecriture_0.jpeg', '2020-10-25 10:47:41', 'image/jpeg', 6976840, 1),
(38, 22, 'MAGITS_Hugo_Lightpainting-Boule-de-feu_0.jpeg', '2020-10-25 10:48:34', 'image/jpeg', 5329248, 1),
(39, 23, 'MAGITS_Hugo_Lightpainting-Creation_0.jpeg', '2020-10-25 10:48:57', 'image/jpeg', 6202389, 1),
(40, 24, 'MATHIEU_Amaury_Lightpainting-Ecriture_0.jpeg', '2020-10-25 10:49:15', 'image/jpeg', 2453791, 1),
(41, 25, 'POULET_Isalyne_Lightpainting-Ecriture_0.jpeg', '2020-10-25 10:49:32', 'image/jpeg', 2740380, 1),
(42, 26, 'POULET_Isalyne_Lightpainting-Boule-de-feu_0.jpeg', '2020-10-25 10:49:48', 'image/jpeg', 2219412, 1),
(44, 28, 'POULET_Isalyne_Lightpainting-Creation_0.jpeg', '2020-10-25 10:51:05', 'image/jpeg', 2219412, 1),
(45, 29, 'TANCRE_Louis_Lightpainting-Ecriture_0.jpeg', '2020-10-25 10:51:26', 'image/jpeg', 5570375, 1),
(46, 30, 'TANCRE_Louis_Lightpainting-Creation_0.jpeg', '2020-10-25 10:51:55', 'image/jpeg', 4578591, 1),
(47, 31, 'TANCRE_Louis_Lightpainting-Boule-de-feu_0.jpeg', '2020-10-25 10:52:10', 'image/jpeg', 4681633, 1),
(48, 32, 'TEMSAMANI_Najiallah_Lightpainting-Creation_0.jpeg', '2020-10-25 10:52:26', 'image/jpeg', 5747271, 1),
(49, 33, 'GILIS_Elea_Compo-Lignes_0.jpeg', '2020-10-25 10:56:24', 'image/jpeg', 3867743, 1),
(50, 33, 'GILIS_Elea_Compo-Lignes_1.jpeg', '2020-10-25 10:56:24', 'image/jpeg', 4869443, 1),
(51, 33, 'GILIS_Elea_Compo-Lignes_2.jpeg', '2020-10-25 10:56:24', 'image/jpeg', 4890163, 1),
(52, 33, 'GILIS_Elea_Compo-Lignes_3.jpeg', '2020-10-25 10:56:24', 'image/jpeg', 4151112, 1),
(53, 33, 'GILIS_Elea_Compo-Lignes_4.jpeg', '2020-10-25 10:56:24', 'image/jpeg', 4168221, 1),
(54, 34, 'POULET_Isalyne_Compo-Lignes_0.jpeg', '2020-10-25 10:56:56', 'image/jpeg', 3886973, 1),
(55, 34, 'POULET_Isalyne_Compo-Lignes_1.jpeg', '2020-10-25 10:56:56', 'image/jpeg', 7815221, 1),
(56, 34, 'POULET_Isalyne_Compo-Lignes_2.jpeg', '2020-10-25 10:56:56', 'image/jpeg', 4664441, 1),
(57, 34, 'POULET_Isalyne_Compo-Lignes_3.jpeg', '2020-10-25 10:56:56', 'image/jpeg', 4546023, 1),
(58, 34, 'POULET_Isalyne_Compo-Lignes_4.jpeg', '2020-10-25 10:56:56', 'image/jpeg', 4324694, 1),
(59, 35, 'KRIER_Thalia_Compo-Lignes_0.jpeg', '2020-10-25 10:57:52', 'image/jpeg', 202678, 1),
(60, 35, 'KRIER_Thalia_Compo-Lignes_1.jpeg', '2020-10-25 10:57:52', 'image/jpeg', 255325, 1),
(61, 35, 'KRIER_Thalia_Compo-Lignes_2.jpeg', '2020-10-25 10:57:52', 'image/jpeg', 168177, 1),
(62, 35, 'KRIER_Thalia_Compo-Lignes_3.jpeg', '2020-10-25 10:57:52', 'image/jpeg', 316395, 1),
(63, 35, 'KRIER_Thalia_Compo-Lignes_4.jpeg', '2020-10-25 10:57:52', 'image/jpeg', 322249, 1),
(64, 36, 'MATHIEU_Amaury_Compo-Lignes_0.jpeg', '2020-10-25 10:58:15', 'image/jpeg', 318187, 1),
(65, 36, 'MATHIEU_Amaury_Compo-Lignes_1.jpeg', '2020-10-25 10:58:15', 'image/jpeg', 142059, 1),
(66, 36, 'MATHIEU_Amaury_Compo-Lignes_2.jpeg', '2020-10-25 10:58:15', 'image/jpeg', 303474, 1),
(67, 36, 'MATHIEU_Amaury_Compo-Lignes_3.jpeg', '2020-10-25 10:58:15', 'image/jpeg', 243678, 1),
(68, 36, 'MATHIEU_Amaury_Compo-Lignes_4.jpeg', '2020-10-25 10:58:15', 'image/jpeg', 407785, 1),
(69, 37, 'TANCRE_Louis_Compo-Lignes_0.jpeg', '2020-10-25 10:58:39', 'image/jpeg', 383938, 1),
(70, 37, 'TANCRE_Louis_Compo-Lignes_1.jpeg', '2020-10-25 10:58:39', 'image/jpeg', 194115, 1),
(71, 37, 'TANCRE_Louis_Compo-Lignes_2.jpeg', '2020-10-25 10:58:39', 'image/jpeg', 218576, 1),
(72, 37, 'TANCRE_Louis_Compo-Lignes_3.jpeg', '2020-10-25 10:58:39', 'image/jpeg', 227255, 1),
(73, 37, 'TANCRE_Louis_Compo-Lignes_4.jpeg', '2020-10-25 10:58:39', 'image/jpeg', 346368, 1),
(74, 38, 'DEVILLERS_Wyatt_Compo-Lignes_0.jpeg', '2020-10-25 11:00:19', 'image/jpeg', 4558457, 1),
(75, 38, 'DEVILLERS_Wyatt_Compo-Lignes_1.jpeg', '2020-10-25 11:00:19', 'image/jpeg', 4688221, 1),
(76, 38, 'DEVILLERS_Wyatt_Compo-Lignes_2.jpeg', '2020-10-25 11:00:19', 'image/jpeg', 6124085, 1),
(77, 38, 'DEVILLERS_Wyatt_Compo-Lignes_3.jpeg', '2020-10-25 11:00:19', 'image/jpeg', 5491037, 1),
(78, 38, 'DEVILLERS_Wyatt_Compo-Lignes_4.jpeg', '2020-10-25 11:00:19', 'image/jpeg', 5691703, 1),
(79, 39, 'LAMBAY_Elea_Compo-Lignes_0.jpeg', '2020-10-25 11:00:37', 'image/jpeg', 5331950, 1),
(80, 39, 'LAMBAY_Elea_Compo-Lignes_1.jpeg', '2020-10-25 11:00:37', 'image/jpeg', 5450023, 1),
(81, 39, 'LAMBAY_Elea_Compo-Lignes_2.jpeg', '2020-10-25 11:00:37', 'image/jpeg', 4695144, 1),
(82, 39, 'LAMBAY_Elea_Compo-Lignes_3.jpeg', '2020-10-25 11:00:37', 'image/jpeg', 6380495, 1),
(83, 39, 'LAMBAY_Elea_Compo-Lignes_4.jpeg', '2020-10-25 11:00:37', 'image/jpeg', 4267809, 1);

-- --------------------------------------------------------

--
-- Structure de la table `term`
--

DROP TABLE IF EXISTS `term`;
CREATE TABLE IF NOT EXISTS `term` (
  `id` int(11) NOT NULL AUTO_INCREMENT,
  `name` varchar(255) COLLATE utf8mb4_unicode_ci NOT NULL,
  `description` varchar(255) COLLATE utf8mb4_unicode_ci NOT NULL,
  PRIMARY KEY (`id`)
) ENGINE=InnoDB AUTO_INCREMENT=6 DEFAULT CHARSET=utf8mb4 COLLATE=utf8mb4_unicode_ci;

--
-- Déchargement des données de la table `term`
--

INSERT INTO `term` (`id`, `name`, `description`) VALUES
(1, 'P1', 'Période 1'),
(2, 'EXDEC', 'Examens de décembre'),
(3, 'P2', 'Période 2'),
(4, 'P3', 'Période 3'),
(5, 'EXJUN', 'Examens Juin');

-- --------------------------------------------------------

--
-- Structure de la table `topic`
--

DROP TABLE IF EXISTS `topic`;
CREATE TABLE IF NOT EXISTS `topic` (
  `id` int(11) NOT NULL AUTO_INCREMENT,
  `name` varchar(255) COLLATE utf8mb4_unicode_ci NOT NULL,
  `description` varchar(255) COLLATE utf8mb4_unicode_ci NOT NULL,
  PRIMARY KEY (`id`)
) ENGINE=InnoDB AUTO_INCREMENT=6 DEFAULT CHARSET=utf8mb4 COLLATE=utf8mb4_unicode_ci;

--
-- Déchargement des données de la table `topic`
--

INSERT INTO `topic` (`id`, `name`, `description`) VALUES
(1, 'Image', 'L\'image'),
(2, 'Lumière', 'La lumière'),
(3, 'Son', 'Le son'),
(4, 'Almd', 'À la manière de...'),
(5, 'Communication', 'La communication');

-- --------------------------------------------------------

--
-- Structure de la table `user`
--

DROP TABLE IF EXISTS `user`;
CREATE TABLE IF NOT EXISTS `user` (
  `id` int(11) NOT NULL AUTO_INCREMENT,
  `username` varchar(180) COLLATE utf8mb4_unicode_ci NOT NULL,
  `roles` json NOT NULL,
  `password` varchar(255) COLLATE utf8mb4_unicode_ci NOT NULL,
  `first_name` varchar(255) COLLATE utf8mb4_unicode_ci NOT NULL,
  `last_name` varchar(255) COLLATE utf8mb4_unicode_ci NOT NULL,
  `motto` varchar(255) COLLATE utf8mb4_unicode_ci DEFAULT NULL,
  `avatar_url` varchar(255) COLLATE utf8mb4_unicode_ci DEFAULT NULL,
  `email` varchar(255) COLLATE utf8mb4_unicode_ci DEFAULT NULL,
  `active` tinyint(1) NOT NULL,
  `updated_at` datetime DEFAULT NULL,
  PRIMARY KEY (`id`),
  UNIQUE KEY `UNIQ_8D93D649F85E0677` (`username`)
) ENGINE=InnoDB AUTO_INCREMENT=368 DEFAULT CHARSET=utf8mb4 COLLATE=utf8mb4_unicode_ci;

--
-- Déchargement des données de la table `user`
--

INSERT INTO `user` (`id`, `username`, `roles`, `password`, `first_name`, `last_name`, `motto`, `avatar_url`, `email`, `active`, `updated_at`) VALUES
(1, 'pierre.helin', '[\"ROLE_ADMIN\", \"ROLE_TEACHER\"]', '$argon2id$v=19$m=65536,t=4,p=1$NzgxSENtNnowZG03cjhTNw$bsrCplSak+ej4vjHwyvmHSC9OvdVodcptMQIno4kGVQ', 'Pierre', 'Hélin', 'Think different', 'HELIN_Pierre.jpg', 'pierre.helin@itp-cse.be', 0, NULL),
(204, 'laurent.balaj', '[\"ROLE_STUDENT\"]', '$argon2id$v=19$m=65536,t=4,p=1$NzgxSENtNnowZG03cjhTNw$bsrCplSak+ej4vjHwyvmHSC9OvdVodcptMQIno4kGVQ', 'Laurent', 'Balaj', 'Think different', '', '', 0, NULL),
(205, 'manon.dekoster', '[\"ROLE_STUDENT\"]', '$argon2id$v=19$m=65536,t=4,p=1$NzgxSENtNnowZG03cjhTNw$bsrCplSak+ej4vjHwyvmHSC9OvdVodcptMQIno4kGVQ', 'Manon', 'Dekoster', 'Think different', '', 'manon.dekoster@hotmail.fr', 0, NULL),
(206, 'jarod.lacroix', '[\"ROLE_STUDENT\"]', '$argon2id$v=19$m=65536,t=4,p=1$NzgxSENtNnowZG03cjhTNw$bsrCplSak+ej4vjHwyvmHSC9OvdVodcptMQIno4kGVQ', 'Jarod', 'Lacroix', 'Think different', 'LACROIX_Jarod.jpg', 'leTIM175@gmail.com', 0, NULL),
(207, 'antoine.laermans', '[\"ROLE_STUDENT\"]', '$argon2id$v=19$m=65536,t=4,p=1$NzgxSENtNnowZG03cjhTNw$bsrCplSak+ej4vjHwyvmHSC9OvdVodcptMQIno4kGVQ', 'Antoine', 'Laermans', 'Qui va à la chasse ', 'LAERMANS_Antoine.png', 'antoine.laermans@hotmail.be', 0, NULL),
(208, 'guillaume.brasseur', '[\"ROLE_STUDENT\"]', '$argon2id$v=19$m=65536,t=4,p=1$NzgxSENtNnowZG03cjhTNw$bsrCplSak+ej4vjHwyvmHSC9OvdVodcptMQIno4kGVQ', 'Guillaume', 'Brasseur', 'Think different', '', '', 0, NULL),
(209, 'antoine.chretien', '[\"ROLE_STUDENT\"]', '$argon2id$v=19$m=65536,t=4,p=1$NzgxSENtNnowZG03cjhTNw$bsrCplSak+ej4vjHwyvmHSC9OvdVodcptMQIno4kGVQ', 'Antoine', 'Chretien', 'Think different', '', '', 0, NULL),
(210, 'lola.detournay', '[\"ROLE_STUDENT\"]', '$argon2id$v=19$m=65536,t=4,p=1$NzgxSENtNnowZG03cjhTNw$bsrCplSak+ej4vjHwyvmHSC9OvdVodcptMQIno4kGVQ', 'Lola', 'De tournay', 'Think different', '', 'loladt@hotmail.fr', 0, NULL),
(211, 'arthur.dumont', '[\"ROLE_STUDENT\"]', '$argon2id$v=19$m=65536,t=4,p=1$NzgxSENtNnowZG03cjhTNw$bsrCplSak+ej4vjHwyvmHSC9OvdVodcptMQIno4kGVQ', 'Arthur', 'Dumont', 'Qui contrôle les médias contrôle les esprits', 'DUMONT_Arthur.jpg', 'art.dmnt@gmail.com', 0, NULL),
(212, 'paolo.fabrizio', '[\"ROLE_STUDENT\"]', '$argon2id$v=19$m=65536,t=4,p=1$NzgxSENtNnowZG03cjhTNw$bsrCplSak+ej4vjHwyvmHSC9OvdVodcptMQIno4kGVQ', 'Paolo', 'Fabrizio', 'Think different', '', 'paolo.fabrizio1999@gmail.com', 0, NULL),
(213, 'lior.finn', '[\"ROLE_STUDENT\"]', '$argon2id$v=19$m=65536,t=4,p=1$NzgxSENtNnowZG03cjhTNw$bsrCplSak+ej4vjHwyvmHSC9OvdVodcptMQIno4kGVQ', 'Lior', 'Finn', 'Je fais la gow qui connait pas charo', 'FINN_Lior.jpg', '', 0, NULL),
(214, 'guillaume.frederic', '[\"ROLE_STUDENT\"]', '$argon2id$v=19$m=65536,t=4,p=1$NzgxSENtNnowZG03cjhTNw$bsrCplSak+ej4vjHwyvmHSC9OvdVodcptMQIno4kGVQ', 'Guillaume', 'Frederic', 'Think different', '', 'fredguigui@outlook.com', 0, NULL),
(215, 'elise.jacques', '[\"ROLE_STUDENT\"]', '$argon2id$v=19$m=65536,t=4,p=1$NzgxSENtNnowZG03cjhTNw$bsrCplSak+ej4vjHwyvmHSC9OvdVodcptMQIno4kGVQ', 'Elise', 'Jacques', 'Think different', '', '', 0, NULL),
(216, 'oscar.carlier', '[\"ROLE_STUDENT\"]', '$argon2id$v=19$m=65536,t=4,p=1$NzgxSENtNnowZG03cjhTNw$bsrCplSak+ej4vjHwyvmHSC9OvdVodcptMQIno4kGVQ', 'Oscar', 'Carlier', 'Think different', '', '', 0, NULL),
(217, 'adrien.deroose', '[\"ROLE_STUDENT\"]', '$argon2id$v=19$m=65536,t=4,p=1$NzgxSENtNnowZG03cjhTNw$bsrCplSak+ej4vjHwyvmHSC9OvdVodcptMQIno4kGVQ', 'Adrien', 'Deroose', 'Make ITP great again!', 'DEROOSE_Adrien.jpg', '', 0, NULL),
(218, 'florence.ewel', '[\"ROLE_STUDENT\"]', '$argon2id$v=19$m=65536,t=4,p=1$NzgxSENtNnowZG03cjhTNw$bsrCplSak+ej4vjHwyvmHSC9OvdVodcptMQIno4kGVQ', 'Florence', 'Ewel', 'Think different', '', '', 0, NULL),
(219, 'martin.hofman', '[\"ROLE_STUDENT\"]', '$argon2id$v=19$m=65536,t=4,p=1$NzgxSENtNnowZG03cjhTNw$bsrCplSak+ej4vjHwyvmHSC9OvdVodcptMQIno4kGVQ', 'Martin', 'Hofman', 'Think different', '', '', 0, NULL),
(220, 'nicolas.lekime', '[\"ROLE_STUDENT\"]', '$argon2id$v=19$m=65536,t=4,p=1$NzgxSENtNnowZG03cjhTNw$bsrCplSak+ej4vjHwyvmHSC9OvdVodcptMQIno4kGVQ', 'Nicolas', 'Lekime', 'Think different', '', 'Nicolas.lekime@gmail.com', 0, NULL),
(221, 'william.lemonnier', '[\"ROLE_STUDENT\"]', '$argon2id$v=19$m=65536,t=4,p=1$NzgxSENtNnowZG03cjhTNw$bsrCplSak+ej4vjHwyvmHSC9OvdVodcptMQIno4kGVQ', 'William', 'Lemonnier', 'Think different', '', '', 0, NULL),
(222, 'loic.pihan', '[\"ROLE_STUDENT\"]', '$argon2id$v=19$m=65536,t=4,p=1$NzgxSENtNnowZG03cjhTNw$bsrCplSak+ej4vjHwyvmHSC9OvdVodcptMQIno4kGVQ', 'Loic', 'Pihan', 'Think different', '', '', 0, NULL),
(223, 'guilhem.plisnier', '[\"ROLE_STUDENT\"]', '$argon2id$v=19$m=65536,t=4,p=1$NzgxSENtNnowZG03cjhTNw$bsrCplSak+ej4vjHwyvmHSC9OvdVodcptMQIno4kGVQ', 'Guilhem', 'Plisnier', 'Think different', '', '', 0, NULL),
(224, 'meng-chhun.te', '[\"ROLE_STUDENT\"]', '$argon2id$v=19$m=65536,t=4,p=1$NzgxSENtNnowZG03cjhTNw$bsrCplSak+ej4vjHwyvmHSC9OvdVodcptMQIno4kGVQ', 'Meng-chhun', 'Te', 'Ma devise? L\'euro....', 'TE_Meng-Chhun.png', '', 0, NULL),
(232, 'robin.gaye', '[\"ROLE_STUDENT\"]', '$argon2id$v=19$m=65536,t=4,p=1$NzgxSENtNnowZG03cjhTNw$bsrCplSak+ej4vjHwyvmHSC9OvdVodcptMQIno4kGVQ', 'Robin', 'Gaye', '\"C\'est tadha..\"', 'GAYE_Robin.jpg', '', 0, NULL),
(234, 'christine.hubot', '[\"ROLE_STUDENT\"]', '$argon2id$v=19$m=65536,t=4,p=1$NzgxSENtNnowZG03cjhTNw$bsrCplSak+ej4vjHwyvmHSC9OvdVodcptMQIno4kGVQ', 'Christine', 'Hubot', 'Think different', '', '', 0, NULL),
(235, 'john.doe', '[\"ROLE_STUDENT\"]', '$argon2id$v=19$m=65536,t=4,p=1$NzgxSENtNnowZG03cjhTNw$bsrCplSak+ej4vjHwyvmHSC9OvdVodcptMQIno4kGVQ', 'John', 'Doe', 'Think different', 'DOE_John.jpg', '', 0, NULL),
(236, 'thomas.cuvelier', '[\"ROLE_STUDENT\"]', '$argon2id$v=19$m=65536,t=4,p=1$NzgxSENtNnowZG03cjhTNw$bsrCplSak+ej4vjHwyvmHSC9OvdVodcptMQIno4kGVQ', 'Thomas', 'Cuvelier', 'Think different', '', 'tomascuvelier@gmail.com', 0, NULL),
(237, 'antoine.d\'hainaut', '[\"ROLE_STUDENT\"]', '$argon2id$v=19$m=65536,t=4,p=1$NzgxSENtNnowZG03cjhTNw$bsrCplSak+ej4vjHwyvmHSC9OvdVodcptMQIno4kGVQ', 'Antoine', 'D\'hainaut', '\" Free you mind ! \" Matrix ', 'D_HAINAUT_Antoine.jpg', '', 0, NULL),
(238, 'stephane.novak', '[\"ROLE_STUDENT\"]', '$argon2id$v=19$m=65536,t=4,p=1$NzgxSENtNnowZG03cjhTNw$bsrCplSak+ej4vjHwyvmHSC9OvdVodcptMQIno4kGVQ', 'Stéphane', 'Novak', 'Think different', 'NOVAK_Stéphane.jpg', 'stephengfxsdesign@gmail.com', 0, NULL),
(239, 'agelos.stratinos', '[\"ROLE_STUDENT\"]', '$argon2id$v=19$m=65536,t=4,p=1$NzgxSENtNnowZG03cjhTNw$bsrCplSak+ej4vjHwyvmHSC9OvdVodcptMQIno4kGVQ', 'Agelos', 'Stratinos', 'Mange 5 fruits et légumes par jour.', '', '', 0, NULL),
(240, 'camilo.escobedolizano', '[\"ROLE_STUDENT\"]', '$argon2id$v=19$m=65536,t=4,p=1$NzgxSENtNnowZG03cjhTNw$bsrCplSak+ej4vjHwyvmHSC9OvdVodcptMQIno4kGVQ', 'Camilo', 'Escobedo lizano', 'Think different', '', '', 0, NULL),
(241, 'issa.bah', '[\"ROLE_STUDENT\"]', '$argon2id$v=19$m=65536,t=4,p=1$NzgxSENtNnowZG03cjhTNw$bsrCplSak+ej4vjHwyvmHSC9OvdVodcptMQIno4kGVQ', 'Issa', 'Bah', 'Think different', '', 'bahissa1@hotmail.fr', 0, NULL),
(242, 'louka.fontenoy', '[\"ROLE_STUDENT\"]', '$argon2id$v=19$m=65536,t=4,p=1$NzgxSENtNnowZG03cjhTNw$bsrCplSak+ej4vjHwyvmHSC9OvdVodcptMQIno4kGVQ', 'Louka', 'Fontenoy', 'qlf record', '', 'loukafontenoy@gmail.com', 0, NULL),
(243, 'lisa.laermans', '[\"ROLE_STUDENT\"]', '$argon2id$v=19$m=65536,t=4,p=1$NzgxSENtNnowZG03cjhTNw$bsrCplSak+ej4vjHwyvmHSC9OvdVodcptMQIno4kGVQ', 'Lisa', 'Laermans', 'Think different', '', '', 0, NULL),
(244, 'adrien.limauge', '[\"ROLE_STUDENT\"]', '$argon2id$v=19$m=65536,t=4,p=1$NzgxSENtNnowZG03cjhTNw$bsrCplSak+ej4vjHwyvmHSC9OvdVodcptMQIno4kGVQ', 'Adrien', 'Limauge', 'Think different', '', '', 0, NULL),
(245, 'florence.wagenaar', '[\"ROLE_STUDENT\"]', '$argon2id$v=19$m=65536,t=4,p=1$NzgxSENtNnowZG03cjhTNw$bsrCplSak+ej4vjHwyvmHSC9OvdVodcptMQIno4kGVQ', 'Florence', 'Wagenaar', 'Think different', '', 'glafwa@gmail.com', 0, NULL),
(246, 'sebastien.willame', '[\"ROLE_STUDENT\"]', '$argon2id$v=19$m=65536,t=4,p=1$NzgxSENtNnowZG03cjhTNw$bsrCplSak+ej4vjHwyvmHSC9OvdVodcptMQIno4kGVQ', 'Sébastien', 'Willame', 'Nous allons tous mourir un jour.', '', '', 0, NULL),
(247, 'nathan.bumba', '[\"ROLE_STUDENT\"]', '$argon2id$v=19$m=65536,t=4,p=1$NzgxSENtNnowZG03cjhTNw$bsrCplSak+ej4vjHwyvmHSC9OvdVodcptMQIno4kGVQ', 'Nathan', 'Bumba', 'Ne mettez pas le chariots devant les chevaux', 'BUMBA_Nathan.jpg', '', 0, NULL),
(248, 'valentin.debrabandere', '[\"ROLE_STUDENT\"]', '$argon2id$v=19$m=65536,t=4,p=1$NzgxSENtNnowZG03cjhTNw$bsrCplSak+ej4vjHwyvmHSC9OvdVodcptMQIno4kGVQ', 'Valentin', 'De brabandère', 'Qui part à la chasse tirre la chasse.', 'DE_BRABANDERE_Valentin.jpg', '', 0, NULL),
(249, 'simon.noel', '[\"ROLE_STUDENT\"]', '', 'Simon', 'Noël', 'Think different', '', '', 1, NULL),
(250, 'maxime.borrey', '[\"ROLE_STUDENT\"]', '$argon2id$v=19$m=65536,t=4,p=1$NzgxSENtNnowZG03cjhTNw$bsrCplSak+ej4vjHwyvmHSC9OvdVodcptMQIno4kGVQ', 'Maxime', 'Borrey', 'Think different', '', '', 0, NULL),
(268, 'marie.cordier', '[\"ROLE_STUDENT\"]', '$argon2id$v=19$m=65536,t=4,p=1$NzgxSENtNnowZG03cjhTNw$bsrCplSak+ej4vjHwyvmHSC9OvdVodcptMQIno4kGVQ', 'Marie', 'Cordier', 'Think different', '', '', 0, NULL),
(269, 'amelie.hardat', '[\"ROLE_STUDENT\"]', '$argon2id$v=19$m=65536,t=4,p=1$NzgxSENtNnowZG03cjhTNw$bsrCplSak+ej4vjHwyvmHSC9OvdVodcptMQIno4kGVQ', 'Amélie', 'Hardat', 'Bonsoir Bonsoir', 'HARDAT_Amélie.jpg', '', 0, NULL),
(270, 'vicky.honore', '[\"ROLE_STUDENT\"]', '$argon2id$v=19$m=65536,t=4,p=1$NzgxSENtNnowZG03cjhTNw$bsrCplSak+ej4vjHwyvmHSC9OvdVodcptMQIno4kGVQ', 'Vicky', 'Honoré', 'Think different', '', '', 0, NULL),
(271, 'adam.kazi', '[\"ROLE_STUDENT\"]', '$argon2id$v=19$m=65536,t=4,p=1$NzgxSENtNnowZG03cjhTNw$bsrCplSak+ej4vjHwyvmHSC9OvdVodcptMQIno4kGVQ', 'Adam', 'Kazi', 'Think different', '', '', 0, NULL),
(272, 'toma.schiaucu', '[\"ROLE_STUDENT\"]', '$argon2id$v=19$m=65536,t=4,p=1$NzgxSENtNnowZG03cjhTNw$bsrCplSak+ej4vjHwyvmHSC9OvdVodcptMQIno4kGVQ', 'Toma', 'Schiaucu', 'Think different', 'SCHIAUCU_Toma.jpg', '', 0, NULL),
(273, 'mathis.trinaux', '[\"ROLE_STUDENT\"]', '$argon2id$v=19$m=65536,t=4,p=1$NzgxSENtNnowZG03cjhTNw$bsrCplSak+ej4vjHwyvmHSC9OvdVodcptMQIno4kGVQ', 'Mathis', 'Trinaux', 'Think different', '', '', 0, NULL),
(274, 'anthony.bellia', '[\"ROLE_STUDENT\"]', '', 'Anthony', 'Bellia', 'Think different', '', '', 1, NULL),
(275, 'julie.cazin', '[\"ROLE_STUDENT\"]', '$argon2id$v=19$m=65536,t=4,p=1$NzgxSENtNnowZG03cjhTNw$bsrCplSak+ej4vjHwyvmHSC9OvdVodcptMQIno4kGVQ', 'Julie', 'Cazin', 'I still dream.', 'CAZIN_Julie.jpg', '', 0, NULL),
(276, 'olivia.diambu', '[\"ROLE_STUDENT\"]', '$argon2id$v=19$m=65536,t=4,p=1$NzgxSENtNnowZG03cjhTNw$bsrCplSak+ej4vjHwyvmHSC9OvdVodcptMQIno4kGVQ', 'Olivia', 'Diambu', 'Think different', '', '', 0, NULL),
(277, 'pierre.dinant', '[\"ROLE_STUDENT\"]', '$argon2id$v=19$m=65536,t=4,p=1$NzgxSENtNnowZG03cjhTNw$bsrCplSak+ej4vjHwyvmHSC9OvdVodcptMQIno4kGVQ', 'Pierre', 'Dinant', 'j\'aime me beurrer la biscotte', '', '', 0, NULL),
(278, 'jakub.flis', '[\"ROLE_STUDENT\"]', '', 'Jakub', 'Flis', 'On sera toujours communiste en AV !', 'FLIS_Jakub.jpg', 'jungleis26@gmail.com', 1, NULL),
(279, 'kevin.hejda', '[\"ROLE_STUDENT\"]', '', 'Kevin', 'Hejda', 'Jouez à Osu! :)', 'HEJDA_Kevin.jpg', 'Opt1malHDYT0@gmail.com', 1, NULL),
(280, 'nathan.louette', '[\"ROLE_STUDENT\"]', '$argon2id$v=19$m=65536,t=4,p=1$NzgxSENtNnowZG03cjhTNw$bsrCplSak+ej4vjHwyvmHSC9OvdVodcptMQIno4kGVQ', 'Nathan', 'Louette', 'Think different', '', '', 0, NULL),
(281, 'pierre.meert', '[\"ROLE_STUDENT\"]', '', 'Pierre', 'Meert', 'faut prendre les renards a leurs propre jeux', 'MEERT_Pierre.png', '', 1, NULL),
(282, 'emily.selmeci', '[\"ROLE_STUDENT\"]', '', 'Emily', 'Selmeci', 'être humain c\'est surcôté ', 'SELMECI_Emily.jpg', '', 1, NULL),
(283, 'eduardo.souzagomez', '[\"ROLE_STUDENT\"]', '', 'Eduardo', 'Souza gomez', 'premier fan de Félicie !!! ', 'SOUZA_GOMEZ_Eduardo.jpg', 'Eduardo.Gesley@outlook.com', 1, NULL),
(284, 'gilles.lenon', '[\"ROLE_STUDENT\"]', '$argon2id$v=19$m=65536,t=4,p=1$NzgxSENtNnowZG03cjhTNw$bsrCplSak+ej4vjHwyvmHSC9OvdVodcptMQIno4kGVQ', 'Gilles', 'Lenon', 'Qui va à la chasse, tue des animaux', 'LENON_Gilles.jpg', 'Gilleslenonofficiel@gmail.com', 0, NULL),
(285, 'hugo.wouters', '[\"ROLE_STUDENT\"]', '$argon2id$v=19$m=65536,t=4,p=1$NzgxSENtNnowZG03cjhTNw$bsrCplSak+ej4vjHwyvmHSC9OvdVodcptMQIno4kGVQ', 'Hugo', 'Wouters', 'Think different', '', '', 0, NULL),
(286, 'louis.renuart', '[\"ROLE_STUDENT\"]', '$argon2id$v=19$m=65536,t=4,p=1$NzgxSENtNnowZG03cjhTNw$bsrCplSak+ej4vjHwyvmHSC9OvdVodcptMQIno4kGVQ', 'Louis', 'Renuart', 'Don\'t just think different, be different', 'R_Louis.jpg', 'dolflou032@gmail.com', 0, NULL),
(287, 'leilou.beelen', '[\"ROLE_STUDENT\"]', '$argon2id$v=19$m=65536,t=4,p=1$NzgxSENtNnowZG03cjhTNw$bsrCplSak+ej4vjHwyvmHSC9OvdVodcptMQIno4kGVQ', 'Léilou', 'Beelen', 'Je suis une sorcière ', '', '', 0, NULL),
(288, 'mariagaella.koloni', '[\"ROLE_STUDENT\"]', '$argon2id$v=19$m=65536,t=4,p=1$NzgxSENtNnowZG03cjhTNw$bsrCplSak+ej4vjHwyvmHSC9OvdVodcptMQIno4kGVQ', 'Maria gaëlla', 'Koloni', NULL, '', '', 0, NULL),
(289, 'edouard.callens', '[\"ROLE_STUDENT\"]', '', 'Edouard', 'Callens', 'Eduardo est un chef mafieux', 'CALLENS_Edouard.jpg', '', 1, NULL),
(290, 'amandine.chaussee', '[\"ROLE_STUDENT\"]', '', 'Amandine', 'Chaussée', NULL, '', '', 1, NULL),
(291, 'thomas.debuyst', '[\"ROLE_STUDENT\"]', '', 'Thomas', 'De buyst', NULL, 'DE_BUYST_Thomas.jpg', '', 1, NULL),
(292, 'leny.devolvere', '[\"ROLE_STUDENT\"]', '$argon2id$v=19$m=65536,t=4,p=1$NzgxSENtNnowZG03cjhTNw$bsrCplSak+ej4vjHwyvmHSC9OvdVodcptMQIno4kGVQ', 'Leny', 'Devolvere', NULL, '', '', 0, NULL),
(293, 'lucas.fenn', '[\"ROLE_STUDENT\"]', '', 'Lucas', 'Fenn', '\"Aldi c\'est pas si nul\"', '', '', 1, NULL),
(294, 'felix.georges', '[\"ROLE_STUDENT\"]', '$argon2id$v=19$m=65536,t=4,p=1$NzgxSENtNnowZG03cjhTNw$bsrCplSak+ej4vjHwyvmHSC9OvdVodcptMQIno4kGVQ', 'Félix', 'Georges', 'mignon mignon garçon', 'GEORGES_Félix.jpg', '', 0, NULL),
(295, 'cyril.haulotte', '[\"ROLE_STUDENT\"]', '$argon2id$v=19$m=65536,t=4,p=1$NzgxSENtNnowZG03cjhTNw$bsrCplSak+ej4vjHwyvmHSC9OvdVodcptMQIno4kGVQ', 'Cyril', 'Haulotte', NULL, '', '', 0, NULL),
(296, 'loris.koudia', '[\"ROLE_STUDENT\"]', '$argon2id$v=19$m=65536,t=4,p=1$NzgxSENtNnowZG03cjhTNw$bsrCplSak+ej4vjHwyvmHSC9OvdVodcptMQIno4kGVQ', 'Loris', 'Koudia', NULL, '', '', 0, NULL),
(298, 'harmony.lodikatako', '[\"ROLE_STUDENT\"]', '$argon2id$v=19$m=65536,t=4,p=1$NzgxSENtNnowZG03cjhTNw$bsrCplSak+ej4vjHwyvmHSC9OvdVodcptMQIno4kGVQ', 'Harmony', 'Lodi katako', NULL, '', '', 0, NULL),
(299, 'benjamin.servotte', '[\"ROLE_STUDENT\"]', '$argon2id$v=19$m=65536,t=4,p=1$NzgxSENtNnowZG03cjhTNw$bsrCplSak+ej4vjHwyvmHSC9OvdVodcptMQIno4kGVQ', 'Benjamin', 'Servotte', 'BIM BAM BOUM je suis d\'accord avec lui <---- ', 'SERVOTTE_Benjamin.jpg', 'benjamin.servotte@outlook.com', 0, NULL),
(300, 'hugo.symons', '[\"ROLE_STUDENT\"]', '$argon2id$v=19$m=65536,t=4,p=1$NzgxSENtNnowZG03cjhTNw$bsrCplSak+ej4vjHwyvmHSC9OvdVodcptMQIno4kGVQ', 'Hugo', 'Symons', 'LOL', 'SYMONS_Hugo.jpg', 'symons.hugo@icloud.com', 0, NULL),
(301, 'angelika.szymanowska', '[\"ROLE_STUDENT\"]', '', 'Angelika', 'Szymanowska', 'Alors la, c\'est Méchant Angelika ', 'SZYMANOWSKA_Angelika.jpg', '', 1, NULL),
(302, 'max.brebant', '[\"ROLE_STUDENT\"]', '$argon2id$v=19$m=65536,t=4,p=1$NzgxSENtNnowZG03cjhTNw$bsrCplSak+ej4vjHwyvmHSC9OvdVodcptMQIno4kGVQ', 'Max', 'Brebant', NULL, '', '', 0, NULL),
(303, 'alicia.dustin', '[\"ROLE_STUDENT\"]', '', 'Alicia', 'Dustin', NULL, '', '', 1, NULL),
(304, 'jamy.everaets', '[\"ROLE_STUDENT\"]', '', 'Jamy', 'Everaets', NULL, '', '', 1, NULL),
(305, 'edouard.hage', '[\"ROLE_STUDENT\"]', '', 'Edouard', 'Hage', NULL, '', '', 1, NULL),
(306, 'guy-daniel.zanella', '[\"ROLE_STUDENT\"]', '', 'Guy-daniel', 'Zanella', NULL, '', '', 1, NULL),
(307, 'eliel.k', '[\"ROLE_STUDENT\"]', '$argon2id$v=19$m=65536,t=4,p=1$NzgxSENtNnowZG03cjhTNw$bsrCplSak+ej4vjHwyvmHSC9OvdVodcptMQIno4kGVQ', 'Eliel', 'K', NULL, '', '', 0, NULL),
(308, 'clement.mignon', '[\"ROLE_STUDENT\"]', '$argon2id$v=19$m=65536,t=4,p=1$NzgxSENtNnowZG03cjhTNw$bsrCplSak+ej4vjHwyvmHSC9OvdVodcptMQIno4kGVQ', 'Clément', 'Mignon', 'Je préfère Lidl', 'MIGNON_Clément.jpg', '', 0, NULL),
(309, 'ludovic.bariaux', '[\"ROLE_STUDENT\"]', '', 'Ludovic', 'Bariaux', NULL, '', '', 1, NULL),
(310, 'julien.blondiau', '[\"ROLE_STUDENT\"]', '', 'Julien', 'Blondiau', NULL, '', '', 1, NULL),
(311, 'justin.covato', '[\"ROLE_STUDENT\"]', '', 'Justin', 'Covato', 'MEME MASTER ', 'COVATO_Justin.jpg', '', 1, NULL),
(312, 'leonore.mercier', '[\"ROLE_STUDENT\"]', '', 'Léonore', 'Mercier', NULL, '', '', 1, NULL),
(313, 'amelien.meulemans', '[\"ROLE_STUDENT\"]', '$argon2id$v=19$m=65536,t=4,p=1$NzgxSENtNnowZG03cjhTNw$bsrCplSak+ej4vjHwyvmHSC9OvdVodcptMQIno4kGVQ', 'Amélien', 'Meulemans', NULL, '', '', 0, NULL),
(314, 'maxime.schneider', '[\"ROLE_STUDENT\"]', '$argon2id$v=19$m=65536,t=4,p=1$ZVdKdXlpaUw3ZndpVDVDQw$S1IiTXESyJMG4p8nvRXMxTtR2VI/ojidqHZZV9YQ6nw', 'Maxime', 'Schneider', NULL, 'SCHNEIDER_Maxime.jpg', '', 1, NULL),
(315, 'julien.wagenaar', '[\"ROLE_STUDENT\"]', '', 'Julien', 'Wagenaar', 'je suis EL Bogossito', 'WAGENAAR_Julien.jpg', '', 1, NULL),
(316, 'moussa.kallah', '[\"ROLE_STUDENT\"]', '', 'Moussa', 'Kallah', NULL, '', '', 1, NULL),
(317, 'jeremie.desmesdt', '[\"ROLE_STUDENT\"]', '', 'Jérémie', 'Desmesdt', NULL, '', '', 1, NULL),
(318, 'tommy.bouserouel', '[\"ROLE_STUDENT\"]', '$argon2id$v=19$m=65536,t=4,p=1$NzgxSENtNnowZG03cjhTNw$bsrCplSak+ej4vjHwyvmHSC9OvdVodcptMQIno4kGVQ', 'Tommy', 'Bouserouel', NULL, '', '', 0, NULL),
(319, 'coralie.gobeau', '[\"ROLE_STUDENT\"]', '', 'Coralie', 'Gobeau', NULL, 'GOBEAU_Coralie.jpg', '', 1, NULL),
(321, 'abdallah.sungura', '[\"ROLE_STUDENT\"]', '', 'Abdallah', 'Sungura', NULL, '', '', 1, NULL),
(322, 'nouri.ahmadasaf', '[\"ROLE_STUDENT\"]', '', 'Nouri', 'Ahmad asaf', 'miaouuuuu', 'AHMAD_ASAF_Nouri.jpg', '', 1, NULL),
(323, 'robyn.minne', '[\"ROLE_STUDENT\"]', '$argon2id$v=19$m=65536,t=4,p=1$NzgxSENtNnowZG03cjhTNw$bsrCplSak+ej4vjHwyvmHSC9OvdVodcptMQIno4kGVQ', 'Robyn', 'Minne', NULL, '', '', 0, NULL),
(324, 'arthur.barbiaux', '[\"ROLE_STUDENT\"]', '', 'Arthur', 'Barbiaux', NULL, '', '', 1, NULL),
(325, 'anthony.deherdt', '[\"ROLE_STUDENT\"]', '$argon2id$v=19$m=65536,t=4,p=1$NzgxSENtNnowZG03cjhTNw$bsrCplSak+ej4vjHwyvmHSC9OvdVodcptMQIno4kGVQ', 'Anthony', 'De herdt', NULL, '', '', 0, NULL),
(326, 'matteo.levi', '[\"ROLE_STUDENT\"]', '', 'Mattéo', 'Levi', NULL, '', '', 1, NULL),
(327, 'mattheo-hubert.merino', '[\"ROLE_STUDENT\"]', '', 'Matthéo-Hubert', 'Merino', NULL, '', '', 1, NULL),
(328, 'pierre.tatti', '[\"ROLE_STUDENT\"]', '', 'Pierre', 'Tatti', NULL, '', '', 1, NULL),
(329, 'zipora.cotepalacios', '[\"ROLE_STUDENT\"]', '$argon2id$v=19$m=65536,t=4,p=1$NzgxSENtNnowZG03cjhTNw$bsrCplSak+ej4vjHwyvmHSC9OvdVodcptMQIno4kGVQ', 'Ziporá', 'Cote palacios', NULL, '', '', 0, NULL),
(330, 'hugo.cardona', '[\"ROLE_STUDENT\"]', '$argon2id$v=19$m=65536,t=4,p=1$NzgxSENtNnowZG03cjhTNw$bsrCplSak+ej4vjHwyvmHSC9OvdVodcptMQIno4kGVQ', 'Hugo', 'Cardona', NULL, '', '', 0, NULL),
(347, 'valentine.colle', '[\"ROLE_STUDENT\"]', '$argon2id$v=19$m=65536,t=4,p=1$TzVZM0NKRTBOVTJZenoydw$2a8e2lCf3ui1svgjnW0X+WAoLVOAKnmz+SSIaKk+Svk', 'Valentine', 'Colle', '', '', '', 1, '2020-10-07 15:07:13'),
(348, 'wyatt.devillers', '[\"ROLE_STUDENT\"]', '', 'Wyatt', 'Devillers', NULL, NULL, '', 1, NULL),
(349, 'loic.dieudonne', '[\"ROLE_STUDENT\"]', '', 'Loic', 'Dieudonne', NULL, NULL, '', 1, NULL),
(350, 'elea.gilis', '[\"ROLE_STUDENT\"]', '', 'Éléa', 'Gilis', NULL, NULL, '', 1, NULL),
(351, 'romane.gregoire', '[\"ROLE_STUDENT\"]', '', 'Romane', 'Grégoire', NULL, NULL, '', 1, NULL),
(352, 'tom.jacques', '[\"ROLE_STUDENT\"]', '', 'Tom', 'Jacques', NULL, NULL, '', 1, NULL),
(353, 'thalia.krier', '[\"ROLE_STUDENT\"]', '', 'Thalia', 'Krier', NULL, NULL, '', 1, NULL),
(354, 'elea.lambay', '[\"ROLE_STUDENT\"]', '', 'Éléa', 'Lambay', NULL, NULL, '', 1, NULL),
(355, 'hugo.magits', '[\"ROLE_STUDENT\"]', '', 'Hugo', 'Magits', NULL, NULL, '', 1, NULL),
(356, 'amaury.mathieu', '[\"ROLE_STUDENT\"]', '', 'Amaury', 'Mathieu', NULL, NULL, '', 1, NULL),
(357, 'isalyne.poulet', '[\"ROLE_STUDENT\"]', '', 'Isalyne', 'Poulet', NULL, NULL, '', 1, NULL),
(358, 'louis.tancre', '[\"ROLE_STUDENT\"]', '', 'Louis', 'Tancre', NULL, NULL, '', 1, NULL),
(359, 'najiallah.temsamani', '[\"ROLE_STUDENT\"]', '', 'Najiallah', 'TEMSAMANI', NULL, NULL, '', 1, NULL),
(360, 'jason.allarding', '[\"ROLE_STUDENT\"]', '', 'Jason', 'ALLARDING', NULL, NULL, '', 1, NULL),
(361, 'edgard.claereboudt', '[\"ROLE_STUDENT\"]', '', 'Edgard', 'CLAEREBOUDT', NULL, NULL, '', 1, NULL),
(362, 'axelle.bodson', '[\"ROLE_STUDENT\"]', '$argon2id$v=19$m=65536,t=4,p=1$cFhzU1B4eUVETFZ2WmhPbg$HTe93u8PsHLB4Vu0fu5KpBIb2Brec9mcZf7DTG1jpcg', 'Axelle', 'Bodson', NULL, NULL, '', 1, NULL),
(363, 'joackym.decol', '[\"ROLE_STUDENT\"]', '$argon2id$v=19$m=65536,t=4,p=1$ZmRGZy5kazNpZGZwRC9GUQ$fDye3tuuOwjS46YlayRvw0gbQwFvOUgZcfZpxQwTa0o', 'Joackym', 'Decol', NULL, NULL, '', 1, NULL),
(364, 'mateo.florentin', '[\"ROLE_STUDENT\"]', '$argon2id$v=19$m=65536,t=4,p=1$RHJCVVNtUU1ZS2lBSzBDdw$B1Ce6R37lXdarEjd04wQq8DZbAYFAIBLBbgq3E5I5xU', 'Mateo', 'Florentin', NULL, NULL, '', 1, NULL),
(365, 'raynathann.martin', '[\"ROLE_STUDENT\"]', '$argon2id$v=19$m=65536,t=4,p=1$S01rU1o1MnVML0ZzMlRqWg$9lLvb0kbJ8JBqHZV0S55hH45SvUiAAs1kePO/cvnlfQ', 'Raynathann', 'MArtin', NULL, NULL, '', 1, NULL),
(366, 'matteo.massy', '[\"ROLE_STUDENT\"]', '$argon2id$v=19$m=65536,t=4,p=1$UEdJeVMuTHJERklranFZaA$zcEYdQJp99NKrt1tuIEWuQ56uH1uc3KtUP+eXmpzxMY', 'Mattéo', 'Massy', NULL, NULL, '', 1, NULL),
(367, 'alexandre.noel', '[\"ROLE_STUDENT\"]', '$argon2id$v=19$m=65536,t=4,p=1$aTQxakJBS1lEN3IwcDJPVA$7Cgx0byao0jRHaH1fX0ATgbQoyBoZivQj+LNE9K3ySo', 'Alexandre', 'Noël', NULL, NULL, '', 1, NULL);

-- --------------------------------------------------------

--
-- Structure de la table `user_achievement`
--

DROP TABLE IF EXISTS `user_achievement`;
CREATE TABLE IF NOT EXISTS `user_achievement` (
  `user_id` int(11) NOT NULL,
  `achievement_id` int(11) NOT NULL,
  PRIMARY KEY (`user_id`,`achievement_id`),
  KEY `IDX_3F68B664A76ED395` (`user_id`),
  KEY `IDX_3F68B664B3EC99FE` (`achievement_id`)
) ENGINE=InnoDB DEFAULT CHARSET=utf8mb4 COLLATE=utf8mb4_unicode_ci;

-- --------------------------------------------------------

--
-- Structure de la table `user_avatar`
--

DROP TABLE IF EXISTS `user_avatar`;
CREATE TABLE IF NOT EXISTS `user_avatar` (
  `id` int(11) NOT NULL AUTO_INCREMENT,
  `user_id` int(11) NOT NULL,
  `updated_at` datetime DEFAULT NULL,
  `image_name` varchar(255) COLLATE utf8mb4_unicode_ci NOT NULL,
  PRIMARY KEY (`id`),
  UNIQUE KEY `UNIQ_73256912A76ED395` (`user_id`)
) ENGINE=InnoDB DEFAULT CHARSET=utf8mb4 COLLATE=utf8mb4_unicode_ci;

--
-- Contraintes pour les tables déchargées
--

--
-- Contraintes pour la table `assessment`
--
ALTER TABLE `assessment`
  ADD CONSTRAINT `FK_F7523D70166D1F9C` FOREIGN KEY (`project_id`) REFERENCES `project` (`id`),
  ADD CONSTRAINT `FK_F7523D701F55203D` FOREIGN KEY (`topic_id`) REFERENCES `topic` (`id`),
  ADD CONSTRAINT `FK_F7523D705585C142` FOREIGN KEY (`skill_id`) REFERENCES `skill` (`id`),
  ADD CONSTRAINT `FK_F7523D7097766307` FOREIGN KEY (`criterion_id`) REFERENCES `criterion` (`id`),
  ADD CONSTRAINT `FK_F7523D70B3EC99FE` FOREIGN KEY (`achievement_id`) REFERENCES `achievement` (`id`),
  ADD CONSTRAINT `FK_F7523D70E383D86E` FOREIGN KEY (`grading_system_id`) REFERENCES `grading_system` (`id`);

--
-- Contraintes pour la table `attendance`
--
ALTER TABLE `attendance`
  ADD CONSTRAINT `FK_6DE30D912B368697` FOREIGN KEY (`attendance_grid_id`) REFERENCES `attendance_grid` (`id`),
  ADD CONSTRAINT `FK_6DE30D91CB944F1A` FOREIGN KEY (`student_id`) REFERENCES `user` (`id`);

--
-- Contraintes pour la table `attendance_grid`
--
ALTER TABLE `attendance_grid`
  ADD CONSTRAINT `FK_16FE044241807E1D` FOREIGN KEY (`teacher_id`) REFERENCES `user` (`id`),
  ADD CONSTRAINT `FK_16FE0442591CC992` FOREIGN KEY (`course_id`) REFERENCES `course` (`id`);

--
-- Contraintes pour la table `course`
--
ALTER TABLE `course`
  ADD CONSTRAINT `FK_169E6FB941807E1D` FOREIGN KEY (`teacher_id`) REFERENCES `user` (`id`),
  ADD CONSTRAINT `FK_169E6FB98F5EA509` FOREIGN KEY (`classe_id`) REFERENCES `classe` (`id`);

--
-- Contraintes pour la table `project`
--
ALTER TABLE `project`
  ADD CONSTRAINT `FK_2FB3D0EE41807E1D` FOREIGN KEY (`teacher_id`) REFERENCES `user` (`id`),
  ADD CONSTRAINT `FK_2FB3D0EE591CC992` FOREIGN KEY (`course_id`) REFERENCES `course` (`id`),
  ADD CONSTRAINT `FK_2FB3D0EE6FB21D5D` FOREIGN KEY (`assessment_type_id`) REFERENCES `assessment_type` (`id`),
  ADD CONSTRAINT `FK_2FB3D0EEE2C35FC` FOREIGN KEY (`term_id`) REFERENCES `term` (`id`);

--
-- Contraintes pour la table `project_self_assessment_question`
--
ALTER TABLE `project_self_assessment_question`
  ADD CONSTRAINT `FK_DFCAB2A3166D1F9C` FOREIGN KEY (`project_id`) REFERENCES `project` (`id`) ON DELETE CASCADE,
  ADD CONSTRAINT `FK_DFCAB2A3C91D5A2B` FOREIGN KEY (`self_assessment_question_id`) REFERENCES `self_assessment_question` (`id`) ON DELETE CASCADE;

--
-- Contraintes pour la table `project_skill`
--
ALTER TABLE `project_skill`
  ADD CONSTRAINT `FK_4D68EDE9166D1F9C` FOREIGN KEY (`project_id`) REFERENCES `project` (`id`) ON DELETE CASCADE,
  ADD CONSTRAINT `FK_4D68EDE95585C142` FOREIGN KEY (`skill_id`) REFERENCES `skill` (`id`) ON DELETE CASCADE;

--
-- Contraintes pour la table `result`
--
ALTER TABLE `result`
  ADD CONSTRAINT `FK_136AC113CB944F1A` FOREIGN KEY (`student_id`) REFERENCES `user` (`id`),
  ADD CONSTRAINT `FK_136AC113DD3DD5F1` FOREIGN KEY (`assessment_id`) REFERENCES `assessment` (`id`);

--
-- Contraintes pour la table `self_assessment_answer`
--
ALTER TABLE `self_assessment_answer`
  ADD CONSTRAINT `FK_1BA1F6D6166D1F9C` FOREIGN KEY (`project_id`) REFERENCES `project` (`id`),
  ADD CONSTRAINT `FK_1BA1F6D6C91D5A2B` FOREIGN KEY (`self_assessment_question_id`) REFERENCES `self_assessment_question` (`id`),
  ADD CONSTRAINT `FK_1BA1F6D6CB944F1A` FOREIGN KEY (`student_id`) REFERENCES `user` (`id`);

--
-- Contraintes pour la table `self_assessment_question`
--
ALTER TABLE `self_assessment_question`
  ADD CONSTRAINT `FK_4BB1C5EB41807E1D` FOREIGN KEY (`teacher_id`) REFERENCES `user` (`id`);

--
-- Contraintes pour la table `skill`
--
ALTER TABLE `skill`
  ADD CONSTRAINT `FK_5E3DE477D6044424` FOREIGN KEY (`skills_group_id`) REFERENCES `skills_group` (`id`);

--
-- Contraintes pour la table `student_classe`
--
ALTER TABLE `student_classe`
  ADD CONSTRAINT `FK_1B167168F5EA509` FOREIGN KEY (`classe_id`) REFERENCES `classe` (`id`),
  ADD CONSTRAINT `FK_1B16716CB944F1A` FOREIGN KEY (`student_id`) REFERENCES `user` (`id`);

--
-- Contraintes pour la table `submission`
--
ALTER TABLE `submission`
  ADD CONSTRAINT `FK_DB055AF3166D1F9C` FOREIGN KEY (`project_id`) REFERENCES `project` (`id`),
  ADD CONSTRAINT `FK_DB055AF3CB944F1A` FOREIGN KEY (`student_id`) REFERENCES `user` (`id`);

--
-- Contraintes pour la table `submission_file`
--
ALTER TABLE `submission_file`
  ADD CONSTRAINT `FK_1E995D7FE1FD4933` FOREIGN KEY (`submission_id`) REFERENCES `submission` (`id`);

--
-- Contraintes pour la table `user_achievement`
--
ALTER TABLE `user_achievement`
  ADD CONSTRAINT `FK_3F68B664A76ED395` FOREIGN KEY (`user_id`) REFERENCES `user` (`id`) ON DELETE CASCADE,
  ADD CONSTRAINT `FK_3F68B664B3EC99FE` FOREIGN KEY (`achievement_id`) REFERENCES `achievement` (`id`) ON DELETE CASCADE;

--
-- Contraintes pour la table `user_avatar`
--
ALTER TABLE `user_avatar`
  ADD CONSTRAINT `FK_73256912A76ED395` FOREIGN KEY (`user_id`) REFERENCES `user` (`id`);
COMMIT;

/*!40101 SET CHARACTER_SET_CLIENT=@OLD_CHARACTER_SET_CLIENT */;
/*!40101 SET CHARACTER_SET_RESULTS=@OLD_CHARACTER_SET_RESULTS */;
/*!40101 SET COLLATION_CONNECTION=@OLD_COLLATION_CONNECTION */;
